turn,color,move,player_name
1,BLACK,F5,Human
2,WHITE,D6,CastellaBot
3,BLACK,C3,Human
4,WHITE,D3,CastellaBot
5,WHITE,F3,CastellaBot
6,WHITE,F4,CastellaBot
7,WHITE,G5,CastellaBot
8,BLACK,C4,Human
9,WHITE,B3,CastellaBot
10,WHITE,D3,CastellaBot
11,BLACK,C5,Human
12,WHITE,B4,CastellaBot
13,WHITE,B6,CastellaBot
14,WHITE,F4,CastellaBot
15,BLACK,C6,Human
16,WHITE,B6,CastellaBot
17,WHITE,F4,CastellaBot
18,BLACK,C7,Human
19,WHITE,D7,CastellaBot
20,WHITE,F4,CastellaBot
21,BLACK,C3,Human
22,WHITE,C4,CastellaBot
23,WHITE,C6,CastellaBot
24,WHITE,D6,CastellaBot
25,WHITE,E6,CastellaBot
26,WHITE,F6,CastellaBot
27,WHITE,G6,CastellaBot
28,BLACK,D3,Human
29,WHITE,C4,CastellaBot
30,BLACK,E3,Human
31,WHITE,D2,CastellaBot
32,WHITE,D6,CastellaBot
33,BLACK,F3,Human
34,WHITE,D6,CastellaBot
35,WHITE,F6,CastellaBot
36,WHITE,G4,CastellaBot
37,BLACK,G3,Human
38,WHITE,C6,CastellaBot
39,WHITE,F6,CastellaBot
40,BLACK,C4,Human
41,WHITE,C3,CastellaBot
42,WHITE,C5,CastellaBot
43,WHITE,E3,CastellaBot
44,WHITE,F4,CastellaBot
45,WHITE,G5,CastellaBot
46,BLACK,D3,Human
47,WHITE,C3,CastellaBot
48,BLACK,E6,Human
49,WHITE,D6,CastellaBot
50,WHITE,F4,CastellaBot
51,BLACK,F7,Human
52,WHITE,C5,CastellaBot
53,WHITE,D6,CastellaBot
54,WHITE,E3,CastellaBot
55,WHITE,F4,CastellaBot
56,WHITE,G5,CastellaBot
57,WHITE,G7,CastellaBot
58,WHITE,F6,CastellaBot
59,BLACK,C4,Human
60,WHITE,C3,CastellaBot
61,BLACK,C2,Human
62,WHITE,B2,CastellaBot
63,WHITE,B4,CastellaBot
64,WHITE,C5,CastellaBot
65,WHITE,D6,CastellaBot
66,WHITE,E3,CastellaBot
67,WHITE,F4,CastellaBot
68,WHITE,G5,CastellaBot
69,BLACK,D3,Human
70,WHITE,C5,CastellaBot
71,BLACK,E6,Human
72,WHITE,B4,CastellaBot
73,WHITE,C5,CastellaBot
74,WHITE,D6,CastellaBot
75,BLACK,F7,Human
76,WHITE,B4,CastellaBot
77,WHITE,C5,CastellaBot
78,WHITE,C5,CastellaBot
79,BLACK,B5,Human
80,WHITE,C3,CastellaBot
81,WHITE,F4,CastellaBot
82,BLACK,B6,Human
83,WHITE,B3,CastellaBot
84,WHITE,B5,CastellaBot
85,WHITE,C3,CastellaBot
86,BLACK,C6,Human
87,WHITE,B5,CastellaBot
88,WHITE,C3,CastellaBot
89,WHITE,E3,CastellaBot
90,WHITE,F4,CastellaBot
91,WHITE,G5,CastellaBot
92,BLACK,D6,Human
93,WHITE,C3,CastellaBot
94,BLACK,E6,Human
95,WHITE,C3,CastellaBot
96,BLACK,F7,Human
97,WHITE,B3,CastellaBot
98,WHITE,C3,CastellaBot
99,BLACK,G7,Human
100,WHITE,B3,CastellaBot
101,WHITE,E3,CastellaBot
102,BLACK,D3,Human
103,WHITE,C3,CastellaBot
104,WHITE,C5,CastellaBot
105,WHITE,F4,CastellaBot
106,WHITE,G5,CastellaBot
107,BLACK,F2,Human
108,WHITE,B4,CastellaBot
109,WHITE,C3,CastellaBot
110,WHITE,C5,CastellaBot
111,WHITE,C6,CastellaBot
112,WHITE,E2,CastellaBot
113,WHITE,F4,CastellaBot
114,WHITE,G5,CastellaBot
115,WHITE,G6,CastellaBot
116,BLACK,F3,Human
117,WHITE,C3,CastellaBot
118,WHITE,C5,CastellaBot
119,WHITE,F4,CastellaBot
120,WHITE,G3,CastellaBot
121,WHITE,G5,CastellaBot
122,BLACK,F4,Human
123,WHITE,C3,CastellaBot
124,WHITE,C5,CastellaBot
125,BLACK,F7,Human
126,WHITE,B4,CastellaBot
127,WHITE,C3,CastellaBot
128,WHITE,C5,CastellaBot
129,WHITE,C6,CastellaBot
130,WHITE,G5,CastellaBot
131,WHITE,G6,CastellaBot
132,WHITE,G7,CastellaBot
133,BLACK,G7,Human
134,WHITE,B4,CastellaBot
135,WHITE,F4,CastellaBot
136,BLACK,E6,Human
137,WHITE,B4,CastellaBot
138,WHITE,C3,CastellaBot
139,WHITE,C5,CastellaBot
140,WHITE,D3,CastellaBot
141,WHITE,D6,CastellaBot
142,WHITE,D7,CastellaBot
143,BLACK,G4,Human
144,WHITE,C3,CastellaBot
145,WHITE,C5,CastellaBot
146,WHITE,D3,CastellaBot
147,WHITE,E3,CastellaBot
148,WHITE,F3,CastellaBot
149,WHITE,G3,CastellaBot
150,WHITE,H3,CastellaBot
151,BLACK,G5,Human
152,WHITE,B4,CastellaBot
153,WHITE,C3,CastellaBot
154,WHITE,D6,CastellaBot
155,WHITE,H4,CastellaBot
156,WHITE,H6,CastellaBot
157,BLACK,G6,Human
158,WHITE,B4,CastellaBot
159,BLACK,G7,Human
160,WHITE,B4,CastellaBot
161,WHITE,G5,CastellaBot
162,BLACK,E6,Human
163,WHITE,C3,CastellaBot
164,WHITE,C5,CastellaBot
165,WHITE,D3,CastellaBot
166,WHITE,D6,CastellaBot
167,WHITE,D7,CastellaBot
168,BLACK,G6,Human
169,WHITE,C3,CastellaBot
170,WHITE,C5,CastellaBot
171,WHITE,E3,CastellaBot
172,WHITE,F4,CastellaBot
173,WHITE,G7,CastellaBot
174,WHITE,H6,CastellaBot
175,BLACK,G7,Human
176,WHITE,C5,CastellaBot
177,WHITE,D3,CastellaBot
178,WHITE,E7,CastellaBot
179,WHITE,F7,CastellaBot
180,BLACK,H5,Human
181,WHITE,C3,CastellaBot
182,WHITE,F4,CastellaBot
183,WHITE,H4,CastellaBot
184,WHITE,C3,CastellaBot
185,BLACK,D3,Human
186,WHITE,C5,CastellaBot
187,BLACK,B2,Human
188,WHITE,A1,CastellaBot
189,WHITE,C2,CastellaBot
190,WHITE,D2,CastellaBot
191,WHITE,E2,CastellaBot
192,WHITE,E3,CastellaBot
193,WHITE,F3,CastellaBot
194,WHITE,F4,CastellaBot
195,WHITE,G5,CastellaBot
196,BLACK,B3,Human
197,WHITE,A2,CastellaBot
198,WHITE,B2,CastellaBot
199,WHITE,C2,CastellaBot
200,WHITE,D2,CastellaBot
201,WHITE,E2,CastellaBot
202,WHITE,E3,CastellaBot
203,WHITE,F3,CastellaBot
204,WHITE,F4,CastellaBot
205,WHITE,G5,CastellaBot
206,BLACK,B4,Human
207,WHITE,A3,CastellaBot
208,WHITE,A5,CastellaBot
209,WHITE,B3,CastellaBot
210,WHITE,D2,CastellaBot
211,BLACK,B5,Human
212,WHITE,C6,CastellaBot
213,WHITE,E3,CastellaBot
214,WHITE,F4,CastellaBot
215,BLACK,B6,Human
216,WHITE,B5,CastellaBot
217,BLACK,C6,Human
218,WHITE,C7,CastellaBot
219,BLACK,D6,Human
220,WHITE,C7,CastellaBot
221,WHITE,E2,CastellaBot
222,WHITE,E3,CastellaBot
223,BLACK,E6,Human
224,WHITE,D2,CastellaBot
225,BLACK,F7,Human
226,WHITE,D2,CastellaBot
227,BLACK,G7,Human
228,WHITE,D2,CastellaBot
229,WHITE,E3,CastellaBot
230,BLACK,B2,Human
231,WHITE,A1,CastellaBot
232,WHITE,B3,CastellaBot
233,WHITE,B4,CastellaBot
234,WHITE,B5,CastellaBot
235,WHITE,C5,CastellaBot
236,WHITE,C6,CastellaBot
237,WHITE,D6,CastellaBot
238,WHITE,F4,CastellaBot
239,WHITE,G5,CastellaBot
240,WHITE,G6,CastellaBot
241,BLACK,C2,Human
242,WHITE,B2,CastellaBot
243,WHITE,B3,CastellaBot
244,WHITE,C5,CastellaBot
245,WHITE,F4,CastellaBot
246,WHITE,G5,CastellaBot
247,BLACK,D2,Human
248,WHITE,B4,CastellaBot
249,BLACK,E2,Human
250,WHITE,B4,CastellaBot
251,BLACK,F2,Human
252,WHITE,B4,CastellaBot
253,BLACK,F3,Human
254,WHITE,B5,CastellaBot
255,WHITE,C5,CastellaBot
256,BLACK,F4,Human
257,WHITE,B5,CastellaBot
258,WHITE,C5,CastellaBot
259,BLACK,F7,Human
260,WHITE,B4,CastellaBot
261,BLACK,G7,Human
262,WHITE,B4,CastellaBot
263,WHITE,F4,CastellaBot
264,BLACK,B2,Human
265,WHITE,A1,CastellaBot
266,WHITE,B4,CastellaBot
267,WHITE,C2,CastellaBot
268,WHITE,C5,CastellaBot
269,WHITE,E3,CastellaBot
270,BLACK,B3,Human
271,WHITE,B2,CastellaBot
272,WHITE,B4,CastellaBot
273,WHITE,C2,CastellaBot
274,WHITE,C5,CastellaBot
275,WHITE,E3,CastellaBot
276,BLACK,C2,Human
277,WHITE,B1,CastellaBot
278,WHITE,B2,CastellaBot
279,WHITE,B4,CastellaBot
280,WHITE,C5,CastellaBot
281,WHITE,E3,CastellaBot
282,BLACK,E6,Human
283,WHITE,B4,CastellaBot
284,BLACK,G4,Human
285,WHITE,C2,CastellaBot
286,WHITE,C5,CastellaBot
287,WHITE,E3,CastellaBot
288,BLACK,G5,Human
289,WHITE,B4,CastellaBot
290,BLACK,G6,Human
291,WHITE,B4,CastellaBot
292,BLACK,G7,Human
293,WHITE,B4,CastellaBot
294,WHITE,G5,CastellaBot
295,BLACK,B2,Human
296,WHITE,A1,CastellaBot
297,WHITE,C2,CastellaBot
298,WHITE,C5,CastellaBot
299,WHITE,E3,CastellaBot
300,BLACK,B3,Human
301,WHITE,B2,CastellaBot
302,WHITE,C2,CastellaBot
303,WHITE,C5,CastellaBot
304,WHITE,E3,CastellaBot
305,BLACK,C2,Human
306,WHITE,B1,CastellaBot
307,WHITE,B2,CastellaBot
308,BLACK,E6,Human
309,WHITE,C2,CastellaBot
310,WHITE,C5,CastellaBot
311,BLACK,G6,Human
312,WHITE,C5,CastellaBot
313,BLACK,G7,Human
314,WHITE,C2,CastellaBot
315,BLACK,H5,Human
316,WHITE,C5,CastellaBot
317,WHITE,E3,CastellaBot
318,WHITE,F4,CastellaBot
319,WHITE,H4,CastellaBot
320,WHITE,F4,CastellaBot
321,BLACK,E6,Human
322,WHITE,B4,CastellaBot
323,BLACK,B2,Human
324,WHITE,A1,CastellaBot
325,WHITE,C2,CastellaBot
326,WHITE,C5,CastellaBot
327,WHITE,C6,CastellaBot
328,WHITE,D2,CastellaBot
329,WHITE,D6,CastellaBot
330,WHITE,D7,CastellaBot
331,WHITE,E2,CastellaBot
332,WHITE,E7,CastellaBot
333,WHITE,F7,CastellaBot
334,BLACK,B3,Human
335,WHITE,B2,CastellaBot
336,WHITE,C2,CastellaBot
337,WHITE,C5,CastellaBot
338,WHITE,C6,CastellaBot
339,WHITE,D2,CastellaBot
340,WHITE,D6,CastellaBot
341,WHITE,D7,CastellaBot
342,WHITE,E7,CastellaBot
343,BLACK,B5,Human
344,WHITE,B6,CastellaBot
345,WHITE,C2,CastellaBot
346,WHITE,C5,CastellaBot
347,BLACK,E3,Human
348,WHITE,C2,CastellaBot
349,BLACK,F3,Human
350,WHITE,C2,CastellaBot
351,BLACK,G3,Human
352,WHITE,C2,CastellaBot
353,BLACK,G4,Human
354,WHITE,C2,CastellaBot
355,WHITE,C6,CastellaBot
356,BLACK,G5,Human
357,WHITE,C2,CastellaBot
358,BLACK,G6,Human
359,WHITE,D2,CastellaBot
360,WHITE,D6,CastellaBot
361,WHITE,E2,CastellaBot
362,WHITE,E3,CastellaBot
363,WHITE,F7,CastellaBot
364,BLACK,G7,Human
365,WHITE,C2,CastellaBot
366,WHITE,C2,CastellaBot
367,BLACK,B2,Human
368,WHITE,A1,CastellaBot
369,WHITE,A2,CastellaBot
370,WHITE,B3,CastellaBot
371,WHITE,B4,CastellaBot
372,WHITE,B5,CastellaBot
373,WHITE,C5,CastellaBot
374,WHITE,C6,CastellaBot
375,WHITE,D6,CastellaBot
376,WHITE,D7,CastellaBot
377,WHITE,E7,CastellaBot
378,BLACK,C1,Human
379,WHITE,B1,CastellaBot
380,WHITE,B2,CastellaBot
381,WHITE,B3,CastellaBot
382,WHITE,B4,CastellaBot
383,WHITE,B5,CastellaBot
384,WHITE,C5,CastellaBot
385,WHITE,C6,CastellaBot
386,WHITE,D6,CastellaBot
387,WHITE,D7,CastellaBot
388,WHITE,E7,CastellaBot
389,BLACK,D2,Human
390,WHITE,B4,CastellaBot
391,BLACK,E2,Human
392,WHITE,B4,CastellaBot
393,BLACK,E3,Human
394,WHITE,B4,CastellaBot
395,BLACK,F3,Human
396,WHITE,B4,CastellaBot
397,BLACK,G3,Human
398,WHITE,B4,CastellaBot
399,BLACK,G4,Human
400,WHITE,B5,CastellaBot
401,WHITE,C5,CastellaBot
402,WHITE,D6,CastellaBot
403,WHITE,F3,CastellaBot
404,WHITE,G6,CastellaBot
405,BLACK,G5,Human
406,WHITE,B4,CastellaBot
407,WHITE,B5,CastellaBot
408,WHITE,C5,CastellaBot
409,WHITE,C6,CastellaBot
410,WHITE,D6,CastellaBot
411,BLACK,G6,Human
412,WHITE,B4,CastellaBot
413,WHITE,B5,CastellaBot
414,WHITE,C5,CastellaBot
415,BLACK,G7,Human
416,WHITE,B4,CastellaBot
417,WHITE,C5,CastellaBot
418,BLACK,B2,Human
419,WHITE,A1,CastellaBot
420,WHITE,C2,CastellaBot
421,WHITE,D2,CastellaBot
422,WHITE,D6,CastellaBot
423,WHITE,D7,CastellaBot
424,WHITE,E2,CastellaBot
425,WHITE,E3,CastellaBot
426,WHITE,E7,CastellaBot
427,WHITE,F3,CastellaBot
428,WHITE,F7,CastellaBot
429,BLACK,B3,Human
430,WHITE,B2,CastellaBot
431,WHITE,B4,CastellaBot
432,WHITE,C2,CastellaBot
433,WHITE,D6,CastellaBot
434,WHITE,D7,CastellaBot
435,WHITE,E3,CastellaBot
436,WHITE,E7,CastellaBot
437,BLACK,B4,Human
438,WHITE,A3,CastellaBot
439,WHITE,A4,CastellaBot
440,BLACK,B5,Human
441,WHITE,A5,CastellaBot
442,WHITE,B3,CastellaBot
443,WHITE,B4,CastellaBot
444,BLACK,B6,Human
445,WHITE,B5,CastellaBot
446,WHITE,C2,CastellaBot
447,WHITE,C6,CastellaBot
448,BLACK,C6,Human
449,WHITE,C2,CastellaBot
450,WHITE,C7,CastellaBot
451,WHITE,D6,CastellaBot
452,WHITE,D7,CastellaBot
453,WHITE,E2,CastellaBot
454,WHITE,E3,CastellaBot
455,BLACK,D6,Human
456,WHITE,C2,CastellaBot
457,WHITE,C6,CastellaBot
458,WHITE,C7,CastellaBot
459,WHITE,D7,CastellaBot
460,WHITE,E2,CastellaBot
461,WHITE,E3,CastellaBot
462,BLACK,G4,Human
463,WHITE,D2,CastellaBot
464,WHITE,D6,CastellaBot
465,WHITE,E2,CastellaBot
466,WHITE,E3,CastellaBot
467,BLACK,G6,Human
468,WHITE,D2,CastellaBot
469,WHITE,E2,CastellaBot
470,WHITE,E3,CastellaBot
471,WHITE,E7,CastellaBot
472,WHITE,F3,CastellaBot
473,WHITE,F7,CastellaBot
474,BLACK,G7,Human
475,WHITE,C2,CastellaBot
476,WHITE,D2,CastellaBot
477,WHITE,D6,CastellaBot
478,WHITE,D7,CastellaBot
479,WHITE,E2,CastellaBot
480,WHITE,E3,CastellaBot
481,WHITE,F3,CastellaBot
482,WHITE,F7,CastellaBot
483,WHITE,D6,CastellaBot
484,BLACK,B2,Human
485,WHITE,A1,CastellaBot
486,WHITE,B3,CastellaBot
487,WHITE,B4,CastellaBot
488,WHITE,C2,CastellaBot
489,WHITE,C5,CastellaBot
490,WHITE,D2,CastellaBot
491,WHITE,E3,CastellaBot
492,BLACK,B3,Human
493,WHITE,A2,CastellaBot
494,WHITE,B2,CastellaBot
495,WHITE,B4,CastellaBot
496,WHITE,C2,CastellaBot
497,WHITE,C5,CastellaBot
498,WHITE,D2,CastellaBot
499,WHITE,E3,CastellaBot
500,BLACK,C2,Human
501,WHITE,B1,CastellaBot
502,WHITE,B2,CastellaBot
503,WHITE,B3,CastellaBot
504,WHITE,B4,CastellaBot
505,WHITE,C5,CastellaBot
506,WHITE,D2,CastellaBot
507,BLACK,D7,Human
508,WHITE,B3,CastellaBot
509,BLACK,E7,Human
510,WHITE,B4,CastellaBot
511,WHITE,C2,CastellaBot
512,WHITE,C5,CastellaBot
513,BLACK,F7,Human
514,WHITE,B4,CastellaBot
515,BLACK,G4,Human
516,WHITE,B3,CastellaBot
517,WHITE,C2,CastellaBot
518,BLACK,G5,Human
519,WHITE,B3,CastellaBot
520,WHITE,B4,CastellaBot
521,BLACK,G6,Human
522,WHITE,B3,CastellaBot
523,WHITE,B4,CastellaBot
524,BLACK,G7,Human
525,WHITE,B3,CastellaBot
526,WHITE,B4,CastellaBot
527,WHITE,D7,CastellaBot
528,BLACK,B2,Human
529,WHITE,A1,CastellaBot
530,WHITE,B3,CastellaBot
531,WHITE,B4,CastellaBot
532,WHITE,C2,CastellaBot
533,WHITE,C5,CastellaBot
534,WHITE,D6,CastellaBot
535,WHITE,E3,CastellaBot
536,BLACK,B3,Human
537,WHITE,A2,CastellaBot
538,WHITE,B2,CastellaBot
539,WHITE,B4,CastellaBot
540,WHITE,C2,CastellaBot
541,WHITE,C5,CastellaBot
542,WHITE,D6,CastellaBot
543,WHITE,E3,CastellaBot
544,BLACK,C2,Human
545,WHITE,B1,CastellaBot
546,WHITE,B2,CastellaBot
547,BLACK,E7,Human
548,WHITE,B4,CastellaBot
549,BLACK,F7,Human
550,WHITE,B4,CastellaBot
551,BLACK,G3,Human
552,WHITE,B3,CastellaBot
553,WHITE,C2,CastellaBot
554,BLACK,G4,Human
555,WHITE,B3,CastellaBot
556,WHITE,C2,CastellaBot
557,BLACK,G5,Human
558,WHITE,B3,CastellaBot
559,WHITE,B4,CastellaBot
560,BLACK,G6,Human
561,WHITE,B3,CastellaBot
562,WHITE,B4,CastellaBot
563,BLACK,G7,Human
564,WHITE,B3,CastellaBot
565,WHITE,E3,CastellaBot
566,BLACK,B2,Human
567,WHITE,A1,CastellaBot
568,WHITE,B3,CastellaBot
569,WHITE,B4,CastellaBot
570,WHITE,B5,CastellaBot
571,WHITE,C5,CastellaBot
572,WHITE,D6,CastellaBot
573,WHITE,D7,CastellaBot
574,WHITE,E7,CastellaBot
575,BLACK,C2,Human
576,WHITE,B1,CastellaBot
577,WHITE,B2,CastellaBot
578,WHITE,B3,CastellaBot
579,WHITE,B4,CastellaBot
580,WHITE,C5,CastellaBot
581,WHITE,D6,CastellaBot
582,WHITE,D7,CastellaBot
583,WHITE,E7,CastellaBot
584,BLACK,D2,Human
585,WHITE,B4,CastellaBot
586,BLACK,E2,Human
587,WHITE,B4,CastellaBot
588,BLACK,F2,Human
589,WHITE,B4,CastellaBot
590,BLACK,G3,Human
591,WHITE,B5,CastellaBot
592,WHITE,C5,CastellaBot
593,BLACK,G4,Human
594,WHITE,B5,CastellaBot
595,WHITE,C5,CastellaBot
596,WHITE,D6,CastellaBot
597,BLACK,G5,Human
598,WHITE,B4,CastellaBot
599,BLACK,G6,Human
600,WHITE,B4,CastellaBot
601,WHITE,B5,CastellaBot
602,WHITE,C5,CastellaBot
603,WHITE,D6,CastellaBot
604,BLACK,G7,Human
605,WHITE,B4,CastellaBot
606,WHITE,C5,CastellaBot
607,BLACK,D6,Human
608,WHITE,C2,CastellaBot
609,BLACK,B2,Human
610,WHITE,A1,CastellaBot
611,WHITE,A2,CastellaBot
612,WHITE,B3,CastellaBot
613,WHITE,C6,CastellaBot
614,WHITE,C7,CastellaBot
615,WHITE,D7,CastellaBot
616,WHITE,E3,CastellaBot
617,WHITE,E7,CastellaBot
618,WHITE,F7,CastellaBot
619,BLACK,B3,Human
620,WHITE,A3,CastellaBot
621,WHITE,A4,CastellaBot
622,WHITE,B4,CastellaBot
623,WHITE,B5,CastellaBot
624,WHITE,C6,CastellaBot
625,WHITE,C7,CastellaBot
626,WHITE,D7,CastellaBot
627,WHITE,E3,CastellaBot
628,WHITE,E7,CastellaBot
629,BLACK,B4,Human
630,WHITE,A4,CastellaBot
631,WHITE,A5,CastellaBot
632,WHITE,B5,CastellaBot
633,WHITE,C6,CastellaBot
634,BLACK,B5,Human
635,WHITE,A5,CastellaBot
636,WHITE,A6,CastellaBot
637,WHITE,C6,CastellaBot
638,BLACK,B6,Human
639,WHITE,B5,CastellaBot
640,WHITE,C6,CastellaBot
641,BLACK,D2,Human
642,WHITE,C6,CastellaBot
643,WHITE,C7,CastellaBot
644,WHITE,D7,CastellaBot
645,WHITE,E1,CastellaBot
646,WHITE,E2,CastellaBot
647,WHITE,E3,CastellaBot
648,WHITE,E7,CastellaBot
649,WHITE,F7,CastellaBot
650,BLACK,E3,Human
651,WHITE,C6,CastellaBot
652,WHITE,C7,CastellaBot
653,WHITE,D2,CastellaBot
654,WHITE,D7,CastellaBot
655,WHITE,E7,CastellaBot
656,WHITE,F2,CastellaBot
657,WHITE,F3,CastellaBot
658,WHITE,F7,CastellaBot
659,BLACK,F3,Human
660,WHITE,C6,CastellaBot
661,WHITE,C7,CastellaBot
662,WHITE,D7,CastellaBot
663,BLACK,G3,Human
664,WHITE,C6,CastellaBot
665,BLACK,G4,Human
666,WHITE,C6,CastellaBot
667,WHITE,C7,CastellaBot
668,WHITE,D7,CastellaBot
669,BLACK,G5,Human
670,WHITE,C6,CastellaBot
671,BLACK,G6,Human
672,WHITE,C6,CastellaBot
673,WHITE,C7,CastellaBot
674,WHITE,D7,CastellaBot
675,BLACK,G7,Human
676,WHITE,C6,CastellaBot
677,WHITE,C7,CastellaBot
678,WHITE,D7,CastellaBot
679,WHITE,C6,CastellaBot
680,BLACK,B2,Human
681,WHITE,A1,CastellaBot
682,WHITE,C2,CastellaBot
683,WHITE,D2,CastellaBot
684,WHITE,E2,CastellaBot
685,WHITE,E3,CastellaBot
686,WHITE,F3,CastellaBot
687,BLACK,B3,Human
688,WHITE,A2,CastellaBot
689,WHITE,B2,CastellaBot
690,WHITE,B4,CastellaBot
691,WHITE,C2,CastellaBot
692,WHITE,D2,CastellaBot
693,WHITE,E3,CastellaBot
694,WHITE,F3,CastellaBot
695,BLACK,B4,Human
696,WHITE,A3,CastellaBot
697,WHITE,A4,CastellaBot
698,BLACK,B5,Human
699,WHITE,A4,CastellaBot
700,WHITE,A5,CastellaBot
701,WHITE,B3,CastellaBot
702,WHITE,B4,CastellaBot
703,BLACK,B6,Human
704,WHITE,A6,CastellaBot
705,WHITE,B4,CastellaBot
706,WHITE,B5,CastellaBot
707,BLACK,B7,Human
708,WHITE,B6,CastellaBot
709,BLACK,D7,Human
710,WHITE,C2,CastellaBot
711,WHITE,C7,CastellaBot
712,WHITE,C8,CastellaBot
713,WHITE,E2,CastellaBot
714,WHITE,E3,CastellaBot
715,BLACK,E7,Human
716,WHITE,C2,CastellaBot
717,WHITE,D2,CastellaBot
718,WHITE,D7,CastellaBot
719,WHITE,D8,CastellaBot
720,WHITE,E2,CastellaBot
721,WHITE,E3,CastellaBot
722,WHITE,F3,CastellaBot
723,WHITE,F7,CastellaBot
724,WHITE,F8,CastellaBot
725,BLACK,F7,Human
726,WHITE,C2,CastellaBot
727,WHITE,D2,CastellaBot
728,BLACK,G4,Human
729,WHITE,C2,CastellaBot
730,WHITE,D2,CastellaBot
731,BLACK,G5,Human
732,WHITE,D2,CastellaBot
733,WHITE,E2,CastellaBot
734,WHITE,E3,CastellaBot
735,BLACK,G6,Human
736,WHITE,D2,CastellaBot
737,BLACK,G7,Human
738,WHITE,C2,CastellaBot
739,WHITE,D2,CastellaBot
740,WHITE,E2,CastellaBot
741,WHITE,E3,CastellaBot
742,WHITE,C7,CastellaBot
743,BLACK,B2,Human
744,WHITE,A1,CastellaBot
745,WHITE,C2,CastellaBot
746,WHITE,D2,CastellaBot
747,WHITE,D7,CastellaBot
748,WHITE,E2,CastellaBot
749,WHITE,E3,CastellaBot
750,WHITE,E7,CastellaBot
751,WHITE,F7,CastellaBot
752,BLACK,B3,Human
753,WHITE,B2,CastellaBot
754,WHITE,B4,CastellaBot
755,WHITE,C2,CastellaBot
756,WHITE,D2,CastellaBot
757,WHITE,D7,CastellaBot
758,WHITE,E3,CastellaBot
759,WHITE,E7,CastellaBot
760,BLACK,B4,Human
761,WHITE,A3,CastellaBot
762,WHITE,A4,CastellaBot
763,BLACK,B5,Human
764,WHITE,A5,CastellaBot
765,WHITE,B4,CastellaBot
766,BLACK,B6,Human
767,WHITE,A5,CastellaBot
768,WHITE,B4,CastellaBot
769,WHITE,B5,CastellaBot
770,BLACK,C6,Human
771,WHITE,B6,CastellaBot
772,BLACK,D7,Human
773,WHITE,C2,CastellaBot
774,WHITE,C6,CastellaBot
775,BLACK,G4,Human
776,WHITE,D2,CastellaBot
777,WHITE,E2,CastellaBot
778,WHITE,E3,CastellaBot
779,WHITE,E7,CastellaBot
780,WHITE,F3,CastellaBot
781,WHITE,F7,CastellaBot
782,WHITE,G3,CastellaBot
783,WHITE,G5,CastellaBot
784,WHITE,H4,CastellaBot
785,BLACK,G5,Human
786,WHITE,D2,CastellaBot
787,WHITE,E2,CastellaBot
788,WHITE,E3,CastellaBot
789,WHITE,F7,CastellaBot
790,WHITE,H4,CastellaBot
791,WHITE,H5,CastellaBot
792,BLACK,G6,Human
793,WHITE,D2,CastellaBot
794,WHITE,E2,CastellaBot
795,WHITE,E3,CastellaBot
796,WHITE,E7,CastellaBot
797,WHITE,F7,CastellaBot
798,BLACK,G7,Human
799,WHITE,C2,CastellaBot
800,WHITE,D2,CastellaBot
801,WHITE,D7,CastellaBot
802,WHITE,E2,CastellaBot
803,WHITE,E3,CastellaBot
804,WHITE,F7,CastellaBot
805,WHITE,D7,CastellaBot
806,BLACK,B2,Human
807,WHITE,A1,CastellaBot
808,WHITE,C2,CastellaBot
809,WHITE,C6,CastellaBot
810,WHITE,C7,CastellaBot
811,WHITE,D2,CastellaBot
812,WHITE,E2,CastellaBot
813,WHITE,E3,CastellaBot
814,WHITE,E7,CastellaBot
815,BLACK,B3,Human
816,WHITE,A2,CastellaBot
817,WHITE,B2,CastellaBot
818,WHITE,B4,CastellaBot
819,WHITE,C2,CastellaBot
820,WHITE,C6,CastellaBot
821,WHITE,C7,CastellaBot
822,WHITE,D2,CastellaBot
823,WHITE,E3,CastellaBot
824,WHITE,E7,CastellaBot
825,BLACK,B4,Human
826,WHITE,A4,CastellaBot
827,BLACK,B5,Human
828,WHITE,A5,CastellaBot
829,WHITE,B3,CastellaBot
830,WHITE,B4,CastellaBot
831,BLACK,B6,Human
832,WHITE,B5,CastellaBot
833,BLACK,D8,Human
834,WHITE,C2,CastellaBot
835,WHITE,C6,CastellaBot
836,WHITE,C7,CastellaBot
837,WHITE,C8,CastellaBot
838,WHITE,E2,CastellaBot
839,WHITE,E3,CastellaBot
840,BLACK,E7,Human
841,WHITE,C2,CastellaBot
842,WHITE,C6,CastellaBot
843,WHITE,C7,CastellaBot
844,WHITE,D2,CastellaBot
845,WHITE,D8,CastellaBot
846,WHITE,E2,CastellaBot
847,WHITE,E3,CastellaBot
848,WHITE,F7,CastellaBot
849,WHITE,F8,CastellaBot
850,BLACK,F7,Human
851,WHITE,C2,CastellaBot
852,WHITE,C6,CastellaBot
853,BLACK,G3,Human
854,WHITE,C2,CastellaBot
855,WHITE,C6,CastellaBot
856,WHITE,D2,CastellaBot
857,BLACK,G4,Human
858,WHITE,C2,CastellaBot
859,WHITE,C6,CastellaBot
860,WHITE,C7,CastellaBot
861,WHITE,D2,CastellaBot
862,BLACK,G5,Human
863,WHITE,C6,CastellaBot
864,WHITE,C7,CastellaBot
865,WHITE,D2,CastellaBot
866,BLACK,G6,Human
867,WHITE,C7,CastellaBot
868,WHITE,D2,CastellaBot
869,WHITE,E2,CastellaBot
870,WHITE,E3,CastellaBot
871,WHITE,E7,CastellaBot
872,WHITE,F7,CastellaBot
873,BLACK,G7,Human
874,WHITE,C2,CastellaBot
875,WHITE,C6,CastellaBot
876,WHITE,C7,CastellaBot
877,WHITE,D2,CastellaBot
878,WHITE,E2,CastellaBot
879,BLACK,B2,Human
880,WHITE,A1,CastellaBot
881,WHITE,B3,CastellaBot
882,WHITE,C2,CastellaBot
883,WHITE,C6,CastellaBot
884,WHITE,C7,CastellaBot
885,WHITE,D7,CastellaBot
886,WHITE,E3,CastellaBot
887,WHITE,E7,CastellaBot
888,WHITE,F7,CastellaBot
889,BLACK,B3,Human
890,WHITE,A3,CastellaBot
891,WHITE,B4,CastellaBot
892,WHITE,B5,CastellaBot
893,WHITE,C6,CastellaBot
894,WHITE,C7,CastellaBot
895,WHITE,D7,CastellaBot
896,WHITE,E3,CastellaBot
897,WHITE,E7,CastellaBot
898,BLACK,B4,Human
899,WHITE,A4,CastellaBot
900,WHITE,A5,CastellaBot
901,WHITE,B5,CastellaBot
902,WHITE,C6,CastellaBot
903,WHITE,C7,CastellaBot
904,WHITE,D7,CastellaBot
905,WHITE,E3,CastellaBot
906,WHITE,E7,CastellaBot
907,BLACK,B5,Human
908,WHITE,A5,CastellaBot
909,WHITE,A6,CastellaBot
910,WHITE,C6,CastellaBot
911,WHITE,C7,CastellaBot
912,WHITE,D7,CastellaBot
913,BLACK,B6,Human
914,WHITE,B5,CastellaBot
915,WHITE,C6,CastellaBot
916,WHITE,C7,CastellaBot
917,WHITE,D7,CastellaBot
918,BLACK,C2,Human
919,WHITE,B1,CastellaBot
920,WHITE,C1,CastellaBot
921,WHITE,C6,CastellaBot
922,WHITE,C7,CastellaBot
923,WHITE,D7,CastellaBot
924,WHITE,E3,CastellaBot
925,WHITE,E7,CastellaBot
926,WHITE,F7,CastellaBot
927,BLACK,D2,Human
928,WHITE,C2,CastellaBot
929,WHITE,C6,CastellaBot
930,WHITE,C7,CastellaBot
931,WHITE,D7,CastellaBot
932,WHITE,E1,CastellaBot
933,WHITE,E3,CastellaBot
934,BLACK,G3,Human
935,WHITE,C6,CastellaBot
936,WHITE,D7,CastellaBot
937,WHITE,E3,CastellaBot
938,WHITE,E7,CastellaBot
939,WHITE,F3,CastellaBot
940,WHITE,F7,CastellaBot
941,WHITE,G4,CastellaBot
942,BLACK,G4,Human
943,WHITE,C6,CastellaBot
944,WHITE,C7,CastellaBot
945,WHITE,D7,CastellaBot
946,BLACK,G5,Human
947,WHITE,C6,CastellaBot
948,WHITE,C7,CastellaBot
949,WHITE,D7,CastellaBot
950,WHITE,E3,CastellaBot
951,WHITE,E7,CastellaBot
952,WHITE,F7,CastellaBot
953,WHITE,G6,CastellaBot
954,WHITE,H4,CastellaBot
955,WHITE,H5,CastellaBot
956,BLACK,G6,Human
957,WHITE,C7,CastellaBot
958,WHITE,D7,CastellaBot
959,WHITE,E3,CastellaBot
960,WHITE,E7,CastellaBot
961,WHITE,F7,CastellaBot
962,BLACK,G7,Human
963,WHITE,C7,CastellaBot
964,WHITE,D7,CastellaBot
965,WHITE,E3,CastellaBot
966,BLACK,B3,Human
967,WHITE,A3,CastellaBot
968,WHITE,B4,CastellaBot
969,WHITE,B5,CastellaBot
970,WHITE,C6,CastellaBot
971,WHITE,C7,CastellaBot
972,WHITE,D7,CastellaBot
973,WHITE,E7,CastellaBot
974,BLACK,B4,Human
975,WHITE,A4,CastellaBot
976,WHITE,A5,CastellaBot
977,WHITE,B5,CastellaBot
978,WHITE,B6,CastellaBot
979,WHITE,C6,CastellaBot
980,BLACK,B5,Human
981,WHITE,A5,CastellaBot
982,WHITE,A6,CastellaBot
983,WHITE,B6,CastellaBot
984,WHITE,C6,CastellaBot
985,BLACK,D2,Human
986,WHITE,C1,CastellaBot
987,WHITE,C2,CastellaBot
988,WHITE,C6,CastellaBot
989,WHITE,C7,CastellaBot
990,WHITE,D7,CastellaBot
991,WHITE,E1,CastellaBot
992,WHITE,E2,CastellaBot
993,WHITE,E7,CastellaBot
994,WHITE,F7,CastellaBot
995,BLACK,E2,Human
996,WHITE,C6,CastellaBot
997,WHITE,C7,CastellaBot
998,WHITE,D2,CastellaBot
999,WHITE,D7,CastellaBot
1000,WHITE,E7,CastellaBot
1001,WHITE,F1,CastellaBot
1002,WHITE,F2,CastellaBot
1003,WHITE,F3,CastellaBot
1004,WHITE,F7,CastellaBot
1005,BLACK,F3,Human
1006,WHITE,C6,CastellaBot
1007,BLACK,G3,Human
1008,WHITE,C6,CastellaBot
1009,BLACK,G4,Human
1010,WHITE,C6,CastellaBot
1011,BLACK,G5,Human
1012,WHITE,C6,CastellaBot
1013,BLACK,G6,Human
1014,WHITE,C6,CastellaBot
1015,WHITE,E7,CastellaBot
1016,BLACK,B2,Human
1017,WHITE,A1,CastellaBot
1018,WHITE,C2,CastellaBot
1019,WHITE,D2,CastellaBot
1020,WHITE,E2,CastellaBot
1021,WHITE,E3,CastellaBot
1022,BLACK,B3,Human
1023,WHITE,A2,CastellaBot
1024,WHITE,B2,CastellaBot
1025,WHITE,B4,CastellaBot
1026,WHITE,C2,CastellaBot
1027,WHITE,D2,CastellaBot
1028,WHITE,E3,CastellaBot
1029,BLACK,B4,Human
1030,WHITE,A3,CastellaBot
1031,WHITE,A4,CastellaBot
1032,BLACK,B5,Human
1033,WHITE,A5,CastellaBot
1034,WHITE,B3,CastellaBot
1035,WHITE,B4,CastellaBot
1036,BLACK,B6,Human
1037,WHITE,B4,CastellaBot
1038,WHITE,B5,CastellaBot
1039,WHITE,C2,CastellaBot
1040,WHITE,C6,CastellaBot
1041,WHITE,D2,CastellaBot
1042,BLACK,D7,Human
1043,WHITE,C2,CastellaBot
1044,WHITE,C6,CastellaBot
1045,WHITE,C7,CastellaBot
1046,WHITE,C8,CastellaBot
1047,WHITE,E2,CastellaBot
1048,WHITE,E3,CastellaBot
1049,BLACK,E8,Human
1050,WHITE,C2,CastellaBot
1051,WHITE,D2,CastellaBot
1052,WHITE,D7,CastellaBot
1053,WHITE,D8,CastellaBot
1054,WHITE,E2,CastellaBot
1055,WHITE,E3,CastellaBot
1056,WHITE,F7,CastellaBot
1057,WHITE,F8,CastellaBot
1058,BLACK,F7,Human
1059,WHITE,C2,CastellaBot
1060,BLACK,G4,Human
1061,WHITE,C2,CastellaBot
1062,BLACK,G5,Human
1063,WHITE,D2,CastellaBot
1064,BLACK,G6,Human
1065,WHITE,D2,CastellaBot
1066,BLACK,G7,Human
1067,WHITE,C2,CastellaBot
1068,WHITE,D2,CastellaBot
1069,WHITE,F7,CastellaBot
1070,BLACK,B2,Human
1071,WHITE,A1,CastellaBot
1072,WHITE,C2,CastellaBot
1073,WHITE,C6,CastellaBot
1074,WHITE,C7,CastellaBot
1075,WHITE,D2,CastellaBot
1076,WHITE,D7,CastellaBot
1077,WHITE,E2,CastellaBot
1078,WHITE,E3,CastellaBot
1079,WHITE,E7,CastellaBot
1080,WHITE,F3,CastellaBot
1081,BLACK,B3,Human
1082,WHITE,A2,CastellaBot
1083,WHITE,B2,CastellaBot
1084,WHITE,C2,CastellaBot
1085,WHITE,C6,CastellaBot
1086,WHITE,C7,CastellaBot
1087,WHITE,D2,CastellaBot
1088,WHITE,D7,CastellaBot
1089,WHITE,E2,CastellaBot
1090,WHITE,E3,CastellaBot
1091,WHITE,E7,CastellaBot
1092,WHITE,F3,CastellaBot
1093,BLACK,B4,Human
1094,WHITE,A4,CastellaBot
1095,BLACK,B5,Human
1096,WHITE,A5,CastellaBot
1097,WHITE,B3,CastellaBot
1098,WHITE,B4,CastellaBot
1099,BLACK,B6,Human
1100,WHITE,B5,CastellaBot
1101,WHITE,C2,CastellaBot
1102,WHITE,C6,CastellaBot
1103,BLACK,C6,Human
1104,WHITE,B6,CastellaBot
1105,WHITE,C2,CastellaBot
1106,WHITE,C7,CastellaBot
1107,WHITE,E2,CastellaBot
1108,WHITE,E3,CastellaBot
1109,WHITE,E7,CastellaBot
1110,BLACK,E7,Human
1111,WHITE,C2,CastellaBot
1112,WHITE,C6,CastellaBot
1113,WHITE,C7,CastellaBot
1114,WHITE,D2,CastellaBot
1115,WHITE,D7,CastellaBot
1116,WHITE,D8,CastellaBot
1117,WHITE,E2,CastellaBot
1118,WHITE,E3,CastellaBot
1119,WHITE,F3,CastellaBot
1120,WHITE,F8,CastellaBot
1121,BLACK,G3,Human
1122,WHITE,C2,CastellaBot
1123,WHITE,C6,CastellaBot
1124,WHITE,D2,CastellaBot
1125,WHITE,D7,CastellaBot
1126,WHITE,E2,CastellaBot
1127,WHITE,E3,CastellaBot
1128,BLACK,G4,Human
1129,WHITE,C2,CastellaBot
1130,BLACK,G6,Human
1131,WHITE,C7,CastellaBot
1132,WHITE,D2,CastellaBot
1133,WHITE,D7,CastellaBot
1134,WHITE,E2,CastellaBot
1135,WHITE,E3,CastellaBot
1136,WHITE,E7,CastellaBot
1137,WHITE,F3,CastellaBot
1138,WHITE,G5,CastellaBot
1139,WHITE,G7,CastellaBot
1140,WHITE,H5,CastellaBot
1141,BLACK,G7,Human
1142,WHITE,C2,CastellaBot
1143,WHITE,C6,CastellaBot
1144,BLACK,D7,Human
1145,WHITE,C2,CastellaBot
1146,BLACK,B2,Human
1147,WHITE,A1,CastellaBot
1148,WHITE,A2,CastellaBot
1149,WHITE,B3,CastellaBot
1150,WHITE,C7,CastellaBot
1151,WHITE,C8,CastellaBot
1152,WHITE,D8,CastellaBot
1153,WHITE,E3,CastellaBot
1154,WHITE,E7,CastellaBot
1155,WHITE,E8,CastellaBot
1156,BLACK,B3,Human
1157,WHITE,A2,CastellaBot
1158,WHITE,A3,CastellaBot
1159,WHITE,A4,CastellaBot
1160,WHITE,B4,CastellaBot
1161,WHITE,B5,CastellaBot
1162,WHITE,C7,CastellaBot
1163,WHITE,C8,CastellaBot
1164,WHITE,D8,CastellaBot
1165,WHITE,E3,CastellaBot
1166,WHITE,E7,CastellaBot
1167,WHITE,E8,CastellaBot
1168,BLACK,B4,Human
1169,WHITE,A4,CastellaBot
1170,WHITE,A5,CastellaBot
1171,WHITE,B3,CastellaBot
1172,WHITE,B5,CastellaBot
1173,WHITE,C7,CastellaBot
1174,WHITE,C8,CastellaBot
1175,WHITE,D8,CastellaBot
1176,WHITE,E8,CastellaBot
1177,BLACK,B5,Human
1178,WHITE,A5,CastellaBot
1179,WHITE,A6,CastellaBot
1180,WHITE,B6,CastellaBot
1181,WHITE,B7,CastellaBot
1182,WHITE,C7,CastellaBot
1183,WHITE,C8,CastellaBot
1184,WHITE,D8,CastellaBot
1185,BLACK,B6,Human
1186,WHITE,A6,CastellaBot
1187,WHITE,B5,CastellaBot
1188,WHITE,B7,CastellaBot
1189,WHITE,C7,CastellaBot
1190,WHITE,C8,CastellaBot
1191,WHITE,D8,CastellaBot
1192,BLACK,B7,Human
1193,WHITE,A8,CastellaBot
1194,BLACK,D2,Human
1195,WHITE,C7,CastellaBot
1196,WHITE,C8,CastellaBot
1197,WHITE,E1,CastellaBot
1198,WHITE,E2,CastellaBot
1199,WHITE,E3,CastellaBot
1200,BLACK,F3,Human
1201,WHITE,C7,CastellaBot
1202,WHITE,C8,CastellaBot
1203,WHITE,D8,CastellaBot
1204,BLACK,F7,Human
1205,WHITE,C7,CastellaBot
1206,WHITE,C8,CastellaBot
1207,WHITE,D8,CastellaBot
1208,BLACK,G3,Human
1209,WHITE,C8,CastellaBot
1210,WHITE,D8,CastellaBot
1211,BLACK,G4,Human
1212,WHITE,C7,CastellaBot
1213,WHITE,D8,CastellaBot
1214,WHITE,E3,CastellaBot
1215,WHITE,E7,CastellaBot
1216,WHITE,E8,CastellaBot
1217,WHITE,F3,CastellaBot
1218,BLACK,G5,Human
1219,WHITE,C7,CastellaBot
1220,WHITE,C8,CastellaBot
1221,WHITE,D8,CastellaBot
1222,BLACK,G6,Human
1223,WHITE,C7,CastellaBot
1224,WHITE,C8,CastellaBot
1225,WHITE,D8,CastellaBot
1226,WHITE,E3,CastellaBot
1227,WHITE,E7,CastellaBot
1228,WHITE,E8,CastellaBot
1229,WHITE,F7,CastellaBot
1230,BLACK,G7,Human
1231,WHITE,C7,CastellaBot
1232,WHITE,C8,CastellaBot
1233,WHITE,D8,CastellaBot
1234,WHITE,C7,CastellaBot
1235,BLACK,B2,Human
1236,WHITE,A1,CastellaBot
1237,WHITE,C2,CastellaBot
1238,WHITE,C8,CastellaBot
1239,WHITE,D2,CastellaBot
1240,WHITE,D8,CastellaBot
1241,WHITE,E2,CastellaBot
1242,WHITE,E3,CastellaBot
1243,WHITE,E7,CastellaBot
1244,WHITE,E8,CastellaBot
1245,WHITE,F3,CastellaBot
1246,BLACK,B3,Human
1247,WHITE,A2,CastellaBot
1248,WHITE,B2,CastellaBot
1249,WHITE,B4,CastellaBot
1250,WHITE,C2,CastellaBot
1251,WHITE,C8,CastellaBot
1252,WHITE,D2,CastellaBot
1253,WHITE,D8,CastellaBot
1254,WHITE,E3,CastellaBot
1255,WHITE,E7,CastellaBot
1256,WHITE,E8,CastellaBot
1257,WHITE,F3,CastellaBot
1258,BLACK,B4,Human
1259,WHITE,A3,CastellaBot
1260,WHITE,A4,CastellaBot
1261,BLACK,B5,Human
1262,WHITE,A5,CastellaBot
1263,WHITE,B3,CastellaBot
1264,WHITE,B4,CastellaBot
1265,WHITE,B6,CastellaBot
1266,WHITE,C2,CastellaBot
1267,WHITE,C8,CastellaBot
1268,WHITE,D2,CastellaBot
1269,WHITE,D8,CastellaBot
1270,WHITE,E3,CastellaBot
1271,WHITE,E7,CastellaBot
1272,BLACK,B6,Human
1273,WHITE,A5,CastellaBot
1274,WHITE,A6,CastellaBot
1275,WHITE,B4,CastellaBot
1276,BLACK,B7,Human
1277,WHITE,B6,CastellaBot
1278,BLACK,E7,Human
1279,WHITE,C2,CastellaBot
1280,WHITE,C8,CastellaBot
1281,WHITE,D2,CastellaBot
1282,WHITE,D8,CastellaBot
1283,WHITE,E2,CastellaBot
1284,WHITE,E3,CastellaBot
1285,WHITE,E8,CastellaBot
1286,WHITE,F3,CastellaBot
1287,WHITE,F7,CastellaBot
1288,WHITE,F8,CastellaBot
1289,BLACK,F7,Human
1290,WHITE,C2,CastellaBot
1291,WHITE,C8,CastellaBot
1292,BLACK,G4,Human
1293,WHITE,D2,CastellaBot
1294,WHITE,D8,CastellaBot
1295,WHITE,E2,CastellaBot
1296,WHITE,E3,CastellaBot
1297,WHITE,E7,CastellaBot
1298,WHITE,E8,CastellaBot
1299,WHITE,F3,CastellaBot
1300,BLACK,G5,Human
1301,WHITE,C8,CastellaBot
1302,WHITE,D2,CastellaBot
1303,BLACK,G6,Human
1304,WHITE,C8,CastellaBot
1305,WHITE,D2,CastellaBot
1306,BLACK,G7,Human
1307,WHITE,C2,CastellaBot
1308,WHITE,C8,CastellaBot
1309,WHITE,D2,CastellaBot
1310,WHITE,C8,CastellaBot
1311,BLACK,B2,Human
1312,WHITE,A1,CastellaBot
1313,WHITE,C2,CastellaBot
1314,WHITE,C7,CastellaBot
1315,WHITE,D2,CastellaBot
1316,WHITE,E2,CastellaBot
1317,WHITE,E3,CastellaBot
1318,WHITE,E7,CastellaBot
1319,WHITE,F3,CastellaBot
1320,BLACK,B3,Human
1321,WHITE,A2,CastellaBot
1322,WHITE,B2,CastellaBot
1323,WHITE,B4,CastellaBot
1324,WHITE,C2,CastellaBot
1325,WHITE,C7,CastellaBot
1326,WHITE,D2,CastellaBot
1327,WHITE,E3,CastellaBot
1328,WHITE,E7,CastellaBot
1329,WHITE,F3,CastellaBot
1330,BLACK,B4,Human
1331,WHITE,A4,CastellaBot
1332,BLACK,B5,Human
1333,WHITE,A4,CastellaBot
1334,WHITE,A5,CastellaBot
1335,WHITE,B3,CastellaBot
1336,WHITE,B4,CastellaBot
1337,WHITE,C2,CastellaBot
1338,WHITE,C7,CastellaBot
1339,WHITE,D2,CastellaBot
1340,BLACK,B6,Human
1341,WHITE,A6,CastellaBot
1342,WHITE,B5,CastellaBot
1343,BLACK,B7,Human
1344,WHITE,A6,CastellaBot
1345,WHITE,B5,CastellaBot
1346,BLACK,D8,Human
1347,WHITE,C2,CastellaBot
1348,WHITE,C7,CastellaBot
1349,WHITE,E2,CastellaBot
1350,WHITE,E3,CastellaBot
1351,BLACK,E7,Human
1352,WHITE,C2,CastellaBot
1353,WHITE,C7,CastellaBot
1354,WHITE,D2,CastellaBot
1355,BLACK,F7,Human
1356,WHITE,C2,CastellaBot
1357,WHITE,C7,CastellaBot
1358,WHITE,D2,CastellaBot
1359,BLACK,G3,Human
1360,WHITE,C2,CastellaBot
1361,WHITE,D2,CastellaBot
1362,BLACK,G4,Human
1363,WHITE,C2,CastellaBot
1364,WHITE,C7,CastellaBot
1365,WHITE,D2,CastellaBot
1366,BLACK,G5,Human
1367,WHITE,C7,CastellaBot
1368,WHITE,D2,CastellaBot
1369,BLACK,G6,Human
1370,WHITE,C7,CastellaBot
1371,WHITE,D2,CastellaBot
1372,WHITE,E2,CastellaBot
1373,WHITE,E3,CastellaBot
1374,WHITE,E7,CastellaBot
1375,WHITE,F3,CastellaBot
1376,WHITE,F7,CastellaBot
1377,BLACK,G7,Human
1378,WHITE,C2,CastellaBot
1379,WHITE,C7,CastellaBot
1380,WHITE,D2,CastellaBot
1381,WHITE,E2,CastellaBot
1382,BLACK,B2,Human
1383,WHITE,A1,CastellaBot
1384,WHITE,B3,CastellaBot
1385,WHITE,C2,CastellaBot
1386,WHITE,C7,CastellaBot
1387,WHITE,C8,CastellaBot
1388,WHITE,D8,CastellaBot
1389,WHITE,E3,CastellaBot
1390,WHITE,E7,CastellaBot
1391,WHITE,E8,CastellaBot
1392,WHITE,F3,CastellaBot
1393,BLACK,B3,Human
1394,WHITE,A2,CastellaBot
1395,WHITE,A3,CastellaBot
1396,WHITE,B4,CastellaBot
1397,WHITE,B5,CastellaBot
1398,WHITE,C7,CastellaBot
1399,WHITE,C8,CastellaBot
1400,WHITE,D8,CastellaBot
1401,WHITE,E3,CastellaBot
1402,WHITE,E7,CastellaBot
1403,WHITE,E8,CastellaBot
1404,WHITE,F3,CastellaBot
1405,BLACK,B4,Human
1406,WHITE,A4,CastellaBot
1407,WHITE,A5,CastellaBot
1408,WHITE,B3,CastellaBot
1409,WHITE,B5,CastellaBot
1410,WHITE,C7,CastellaBot
1411,WHITE,C8,CastellaBot
1412,WHITE,D8,CastellaBot
1413,WHITE,E3,CastellaBot
1414,WHITE,E8,CastellaBot
1415,WHITE,F3,CastellaBot
1416,BLACK,B5,Human
1417,WHITE,A5,CastellaBot
1418,WHITE,A6,CastellaBot
1419,WHITE,B6,CastellaBot
1420,WHITE,C7,CastellaBot
1421,WHITE,C8,CastellaBot
1422,WHITE,D8,CastellaBot
1423,WHITE,E3,CastellaBot
1424,BLACK,B6,Human
1425,WHITE,A6,CastellaBot
1426,WHITE,B5,CastellaBot
1427,WHITE,C7,CastellaBot
1428,WHITE,C8,CastellaBot
1429,WHITE,D8,CastellaBot
1430,BLACK,B7,Human
1431,WHITE,B6,CastellaBot
1432,BLACK,C2,Human
1433,WHITE,B1,CastellaBot
1434,WHITE,C1,CastellaBot
1435,WHITE,C7,CastellaBot
1436,WHITE,C8,CastellaBot
1437,WHITE,E3,CastellaBot
1438,BLACK,D2,Human
1439,WHITE,C2,CastellaBot
1440,WHITE,C7,CastellaBot
1441,WHITE,C8,CastellaBot
1442,WHITE,E1,CastellaBot
1443,WHITE,E3,CastellaBot
1444,BLACK,E7,Human
1445,WHITE,C7,CastellaBot
1446,WHITE,C8,CastellaBot
1447,WHITE,D8,CastellaBot
1448,WHITE,E3,CastellaBot
1449,WHITE,E8,CastellaBot
1450,WHITE,F3,CastellaBot
1451,WHITE,F7,CastellaBot
1452,WHITE,F8,CastellaBot
1453,BLACK,F7,Human
1454,WHITE,C7,CastellaBot
1455,WHITE,C8,CastellaBot
1456,WHITE,D8,CastellaBot
1457,BLACK,G3,Human
1458,WHITE,C8,CastellaBot
1459,WHITE,D8,CastellaBot
1460,BLACK,G4,Human
1461,WHITE,C7,CastellaBot
1462,WHITE,D8,CastellaBot
1463,BLACK,G5,Human
1464,WHITE,C7,CastellaBot
1465,WHITE,C8,CastellaBot
1466,WHITE,D8,CastellaBot
1467,BLACK,G6,Human
1468,WHITE,C7,CastellaBot
1469,WHITE,D8,CastellaBot
1470,WHITE,E3,CastellaBot
1471,WHITE,E7,CastellaBot
1472,WHITE,E8,CastellaBot
1473,WHITE,F3,CastellaBot
1474,WHITE,F7,CastellaBot
1475,BLACK,G7,Human
1476,WHITE,C7,CastellaBot
1477,WHITE,C8,CastellaBot
1478,WHITE,D8,CastellaBot
1479,WHITE,E3,CastellaBot
1480,BLACK,B3,Human
1481,WHITE,A2,CastellaBot
1482,WHITE,A3,CastellaBot
1483,WHITE,B4,CastellaBot
1484,WHITE,B5,CastellaBot
1485,WHITE,C7,CastellaBot
1486,WHITE,C8,CastellaBot
1487,WHITE,D8,CastellaBot
1488,WHITE,E7,CastellaBot
1489,WHITE,E8,CastellaBot
1490,BLACK,B4,Human
1491,WHITE,A4,CastellaBot
1492,WHITE,A5,CastellaBot
1493,WHITE,B5,CastellaBot
1494,BLACK,B5,Human
1495,WHITE,A5,CastellaBot
1496,WHITE,A6,CastellaBot
1497,WHITE,B6,CastellaBot
1498,WHITE,B7,CastellaBot
1499,WHITE,C7,CastellaBot
1500,WHITE,C8,CastellaBot
1501,WHITE,D8,CastellaBot
1502,BLACK,B6,Human
1503,WHITE,A6,CastellaBot
1504,BLACK,B7,Human
1505,WHITE,A8,CastellaBot
1506,BLACK,D2,Human
1507,WHITE,C1,CastellaBot
1508,WHITE,C2,CastellaBot
1509,WHITE,C7,CastellaBot
1510,WHITE,C8,CastellaBot
1511,WHITE,E1,CastellaBot
1512,WHITE,E2,CastellaBot
1513,WHITE,E7,CastellaBot
1514,WHITE,E8,CastellaBot
1515,BLACK,F3,Human
1516,WHITE,C7,CastellaBot
1517,BLACK,F7,Human
1518,WHITE,C7,CastellaBot
1519,BLACK,G3,Human
1520,WHITE,C8,CastellaBot
1521,WHITE,D8,CastellaBot
1522,BLACK,G4,Human
1523,WHITE,C7,CastellaBot
1524,WHITE,D8,CastellaBot
1525,BLACK,G5,Human
1526,WHITE,C7,CastellaBot
1527,BLACK,G6,Human
1528,WHITE,C7,CastellaBot
1529,WHITE,C8,CastellaBot
1530,WHITE,D8,CastellaBot
1531,WHITE,E7,CastellaBot
1532,BLACK,B2,Human
1533,WHITE,A1,CastellaBot
1534,WHITE,C2,CastellaBot
1535,WHITE,C7,CastellaBot
1536,WHITE,C8,CastellaBot
1537,WHITE,D2,CastellaBot
1538,WHITE,D8,CastellaBot
1539,WHITE,E2,CastellaBot
1540,WHITE,E3,CastellaBot
1541,WHITE,E8,CastellaBot
1542,WHITE,F3,CastellaBot
1543,BLACK,B3,Human
1544,WHITE,A2,CastellaBot
1545,WHITE,B2,CastellaBot
1546,WHITE,B4,CastellaBot
1547,WHITE,C2,CastellaBot
1548,WHITE,C7,CastellaBot
1549,WHITE,C8,CastellaBot
1550,WHITE,D2,CastellaBot
1551,WHITE,D8,CastellaBot
1552,WHITE,E3,CastellaBot
1553,WHITE,E8,CastellaBot
1554,WHITE,F3,CastellaBot
1555,BLACK,B4,Human
1556,WHITE,A3,CastellaBot
1557,WHITE,A4,CastellaBot
1558,BLACK,B5,Human
1559,WHITE,A5,CastellaBot
1560,WHITE,B3,CastellaBot
1561,WHITE,B4,CastellaBot
1562,WHITE,B6,CastellaBot
1563,WHITE,C2,CastellaBot
1564,WHITE,C7,CastellaBot
1565,WHITE,C8,CastellaBot
1566,WHITE,D2,CastellaBot
1567,WHITE,D8,CastellaBot
1568,WHITE,E3,CastellaBot
1569,BLACK,B6,Human
1570,WHITE,A6,CastellaBot
1571,WHITE,B4,CastellaBot
1572,WHITE,B5,CastellaBot
1573,BLACK,B7,Human
1574,WHITE,B6,CastellaBot
1575,BLACK,E8,Human
1576,WHITE,C2,CastellaBot
1577,WHITE,C8,CastellaBot
1578,WHITE,D2,CastellaBot
1579,WHITE,D8,CastellaBot
1580,WHITE,E2,CastellaBot
1581,WHITE,E3,CastellaBot
1582,WHITE,F3,CastellaBot
1583,WHITE,F7,CastellaBot
1584,WHITE,F8,CastellaBot
1585,BLACK,F7,Human
1586,WHITE,C2,CastellaBot
1587,BLACK,G4,Human
1588,WHITE,C7,CastellaBot
1589,WHITE,D2,CastellaBot
1590,BLACK,G5,Human
1591,WHITE,C7,CastellaBot
1592,WHITE,C8,CastellaBot
1593,WHITE,D2,CastellaBot
1594,BLACK,G6,Human
1595,WHITE,C7,CastellaBot
1596,WHITE,C8,CastellaBot
1597,BLACK,G7,Human
1598,WHITE,C2,CastellaBot
1599,WHITE,E8,CastellaBot
1600,BLACK,B2,Human
1601,WHITE,A1,CastellaBot
1602,WHITE,C2,CastellaBot
1603,WHITE,C7,CastellaBot
1604,WHITE,D2,CastellaBot
1605,WHITE,E2,CastellaBot
1606,WHITE,E3,CastellaBot
1607,WHITE,E7,CastellaBot
1608,WHITE,F3,CastellaBot
1609,BLACK,B3,Human
1610,WHITE,A2,CastellaBot
1611,WHITE,B2,CastellaBot
1612,WHITE,B4,CastellaBot
1613,WHITE,C2,CastellaBot
1614,WHITE,C7,CastellaBot
1615,WHITE,D2,CastellaBot
1616,WHITE,E3,CastellaBot
1617,WHITE,E7,CastellaBot
1618,WHITE,F3,CastellaBot
1619,BLACK,B4,Human
1620,WHITE,A4,CastellaBot
1621,BLACK,B5,Human
1622,WHITE,A4,CastellaBot
1623,WHITE,A5,CastellaBot
1624,WHITE,B3,CastellaBot
1625,WHITE,B4,CastellaBot
1626,WHITE,C2,CastellaBot
1627,WHITE,C7,CastellaBot
1628,WHITE,D2,CastellaBot
1629,BLACK,B6,Human
1630,WHITE,A6,CastellaBot
1631,WHITE,B5,CastellaBot
1632,BLACK,B7,Human
1633,WHITE,B5,CastellaBot
1634,BLACK,D8,Human
1635,WHITE,C2,CastellaBot
1636,WHITE,C7,CastellaBot
1637,WHITE,C8,CastellaBot
1638,BLACK,E7,Human
1639,WHITE,C2,CastellaBot
1640,WHITE,C7,CastellaBot
1641,WHITE,D2,CastellaBot
1642,BLACK,F7,Human
1643,WHITE,C2,CastellaBot
1644,WHITE,C7,CastellaBot
1645,WHITE,D2,CastellaBot
1646,BLACK,G3,Human
1647,WHITE,C2,CastellaBot
1648,WHITE,D2,CastellaBot
1649,BLACK,G4,Human
1650,WHITE,C2,CastellaBot
1651,WHITE,C7,CastellaBot
1652,WHITE,D2,CastellaBot
1653,BLACK,G5,Human
1654,WHITE,C7,CastellaBot
1655,WHITE,D2,CastellaBot
1656,BLACK,G6,Human
1657,WHITE,C7,CastellaBot
1658,WHITE,D2,CastellaBot
1659,WHITE,E2,CastellaBot
1660,WHITE,E3,CastellaBot
1661,WHITE,E7,CastellaBot
1662,WHITE,F3,CastellaBot
1663,WHITE,F7,CastellaBot
1664,BLACK,G7,Human
1665,WHITE,C2,CastellaBot
1666,WHITE,C7,CastellaBot
1667,WHITE,D2,CastellaBot
1668,WHITE,F3,CastellaBot
1669,BLACK,B2,Human
1670,WHITE,A1,CastellaBot
1671,WHITE,C2,CastellaBot
1672,WHITE,C7,CastellaBot
1673,WHITE,C8,CastellaBot
1674,WHITE,D2,CastellaBot
1675,WHITE,D8,CastellaBot
1676,WHITE,E2,CastellaBot
1677,WHITE,E3,CastellaBot
1678,WHITE,E7,CastellaBot
1679,WHITE,E8,CastellaBot
1680,BLACK,B3,Human
1681,WHITE,A2,CastellaBot
1682,WHITE,B2,CastellaBot
1683,WHITE,C2,CastellaBot
1684,WHITE,C7,CastellaBot
1685,WHITE,C8,CastellaBot
1686,WHITE,D2,CastellaBot
1687,WHITE,D8,CastellaBot
1688,WHITE,E2,CastellaBot
1689,WHITE,E3,CastellaBot
1690,WHITE,E7,CastellaBot
1691,WHITE,E8,CastellaBot
1692,BLACK,B4,Human
1693,WHITE,A4,CastellaBot
1694,BLACK,B5,Human
1695,WHITE,A5,CastellaBot
1696,WHITE,B3,CastellaBot
1697,WHITE,B4,CastellaBot
1698,WHITE,B6,CastellaBot
1699,WHITE,B7,CastellaBot
1700,WHITE,C2,CastellaBot
1701,WHITE,C7,CastellaBot
1702,WHITE,C8,CastellaBot
1703,WHITE,D2,CastellaBot
1704,WHITE,D8,CastellaBot
1705,WHITE,E3,CastellaBot
1706,WHITE,E7,CastellaBot
1707,BLACK,B6,Human
1708,WHITE,A6,CastellaBot
1709,BLACK,G3,Human
1710,WHITE,C2,CastellaBot
1711,WHITE,C8,CastellaBot
1712,WHITE,D2,CastellaBot
1713,WHITE,D8,CastellaBot
1714,WHITE,E2,CastellaBot
1715,WHITE,E3,CastellaBot
1716,WHITE,E7,CastellaBot
1717,WHITE,E8,CastellaBot
1718,WHITE,G4,CastellaBot
1719,WHITE,H3,CastellaBot
1720,BLACK,G4,Human
1721,WHITE,C7,CastellaBot
1722,WHITE,D2,CastellaBot
1723,WHITE,D8,CastellaBot
1724,WHITE,E2,CastellaBot
1725,WHITE,E3,CastellaBot
1726,WHITE,E7,CastellaBot
1727,WHITE,E8,CastellaBot
1728,WHITE,F7,CastellaBot
1729,WHITE,G3,CastellaBot
1730,WHITE,G5,CastellaBot
1731,WHITE,H4,CastellaBot
1732,BLACK,G6,Human
1733,WHITE,C7,CastellaBot
1734,WHITE,D2,CastellaBot
1735,WHITE,D8,CastellaBot
1736,WHITE,E2,CastellaBot
1737,WHITE,E3,CastellaBot
1738,WHITE,E7,CastellaBot
1739,WHITE,E8,CastellaBot
1740,WHITE,F7,CastellaBot
1741,BLACK,G7,Human
1742,WHITE,C2,CastellaBot
1743,WHITE,C2,CastellaBot
1744,BLACK,D2,Human
1745,WHITE,C7,CastellaBot
1746,BLACK,B1,Human
1747,WHITE,C1,CastellaBot
1748,WHITE,C8,CastellaBot
1749,WHITE,D1,CastellaBot
1750,WHITE,D8,CastellaBot
1751,WHITE,E1,CastellaBot
1752,WHITE,E2,CastellaBot
1753,WHITE,E3,CastellaBot
1754,WHITE,E7,CastellaBot
1755,WHITE,E8,CastellaBot
1756,BLACK,B2,Human
1757,WHITE,A1,CastellaBot
1758,BLACK,B3,Human
1759,WHITE,A2,CastellaBot
1760,WHITE,A4,CastellaBot
1761,WHITE,B2,CastellaBot
1762,WHITE,B4,CastellaBot
1763,WHITE,C8,CastellaBot
1764,WHITE,D1,CastellaBot
1765,WHITE,D8,CastellaBot
1766,WHITE,E2,CastellaBot
1767,WHITE,E3,CastellaBot
1768,WHITE,E7,CastellaBot
1769,WHITE,E8,CastellaBot
1770,BLACK,B4,Human
1771,WHITE,A3,CastellaBot
1772,WHITE,A4,CastellaBot
1773,WHITE,B2,CastellaBot
1774,WHITE,B3,CastellaBot
1775,WHITE,C8,CastellaBot
1776,WHITE,D1,CastellaBot
1777,WHITE,D8,CastellaBot
1778,WHITE,E2,CastellaBot
1779,WHITE,E3,CastellaBot
1780,WHITE,E7,CastellaBot
1781,WHITE,E8,CastellaBot
1782,BLACK,B5,Human
1783,WHITE,A5,CastellaBot
1784,WHITE,B3,CastellaBot
1785,WHITE,B4,CastellaBot
1786,WHITE,B6,CastellaBot
1787,WHITE,B7,CastellaBot
1788,WHITE,C8,CastellaBot
1789,WHITE,D1,CastellaBot
1790,WHITE,D8,CastellaBot
1791,WHITE,E1,CastellaBot
1792,WHITE,E2,CastellaBot
1793,WHITE,E3,CastellaBot
1794,WHITE,E7,CastellaBot
1795,BLACK,B6,Human
1796,WHITE,A5,CastellaBot
1797,WHITE,A6,CastellaBot
1798,BLACK,B7,Human
1799,WHITE,A8,CastellaBot
1800,BLACK,F3,Human
1801,WHITE,C8,CastellaBot
1802,WHITE,D1,CastellaBot
1803,BLACK,F7,Human
1804,WHITE,C8,CastellaBot
1805,BLACK,G4,Human
1806,WHITE,D1,CastellaBot
1807,BLACK,G5,Human
1808,WHITE,C8,CastellaBot
1809,WHITE,D1,CastellaBot
1810,BLACK,G6,Human
1811,WHITE,C8,CastellaBot
1812,WHITE,D1,CastellaBot
1813,BLACK,G7,Human
1814,WHITE,C8,CastellaBot
1815,WHITE,D1,CastellaBot
1816,WHITE,C8,CastellaBot
1817,BLACK,B1,Human
1818,WHITE,C1,CastellaBot
1819,WHITE,C7,CastellaBot
1820,WHITE,D1,CastellaBot
1821,WHITE,E1,CastellaBot
1822,WHITE,E2,CastellaBot
1823,WHITE,E3,CastellaBot
1824,WHITE,E7,CastellaBot
1825,BLACK,B2,Human
1826,WHITE,A1,CastellaBot
1827,WHITE,B1,CastellaBot
1828,WHITE,C1,CastellaBot
1829,WHITE,C7,CastellaBot
1830,WHITE,D1,CastellaBot
1831,WHITE,E2,CastellaBot
1832,WHITE,E3,CastellaBot
1833,WHITE,E7,CastellaBot
1834,BLACK,B3,Human
1835,WHITE,A2,CastellaBot
1836,WHITE,A4,CastellaBot
1837,WHITE,B2,CastellaBot
1838,WHITE,B4,CastellaBot
1839,WHITE,C7,CastellaBot
1840,WHITE,D1,CastellaBot
1841,WHITE,E2,CastellaBot
1842,WHITE,E3,CastellaBot
1843,WHITE,E7,CastellaBot
1844,BLACK,B4,Human
1845,WHITE,A4,CastellaBot
1846,WHITE,B2,CastellaBot
1847,WHITE,B3,CastellaBot
1848,WHITE,B5,CastellaBot
1849,WHITE,C7,CastellaBot
1850,WHITE,D1,CastellaBot
1851,WHITE,E2,CastellaBot
1852,BLACK,B5,Human
1853,WHITE,A4,CastellaBot
1854,WHITE,A5,CastellaBot
1855,WHITE,B3,CastellaBot
1856,WHITE,B4,CastellaBot
1857,WHITE,C7,CastellaBot
1858,WHITE,D1,CastellaBot
1859,BLACK,B6,Human
1860,WHITE,A6,CastellaBot
1861,WHITE,B5,CastellaBot
1862,BLACK,B7,Human
1863,WHITE,A6,CastellaBot
1864,WHITE,A8,CastellaBot
1865,BLACK,D8,Human
1866,WHITE,C7,CastellaBot
1867,WHITE,E1,CastellaBot
1868,WHITE,E2,CastellaBot
1869,WHITE,E3,CastellaBot
1870,BLACK,F3,Human
1871,WHITE,C7,CastellaBot
1872,WHITE,D1,CastellaBot
1873,BLACK,F7,Human
1874,WHITE,C7,CastellaBot
1875,WHITE,D1,CastellaBot
1876,BLACK,G3,Human
1877,WHITE,D1,CastellaBot
1878,BLACK,G4,Human
1879,WHITE,C7,CastellaBot
1880,WHITE,D1,CastellaBot
1881,BLACK,G5,Human
1882,WHITE,C7,CastellaBot
1883,WHITE,D1,CastellaBot
1884,BLACK,G6,Human
1885,WHITE,C7,CastellaBot
1886,WHITE,D1,CastellaBot
1887,WHITE,E1,CastellaBot
1888,WHITE,E2,CastellaBot
1889,WHITE,E3,CastellaBot
1890,WHITE,E7,CastellaBot
1891,WHITE,F3,CastellaBot
1892,WHITE,F7,CastellaBot
1893,WHITE,G4,CastellaBot
1894,WHITE,G5,CastellaBot
1895,WHITE,G7,CastellaBot
1896,WHITE,H6,CastellaBot
1897,WHITE,H7,CastellaBot
1898,BLACK,G7,Human
1899,WHITE,C7,CastellaBot
1900,WHITE,D1,CastellaBot
1901,WHITE,E1,CastellaBot
1902,BLACK,B1,Human
1903,WHITE,B2,CastellaBot
1904,WHITE,C1,CastellaBot
1905,WHITE,C7,CastellaBot
1906,WHITE,C8,CastellaBot
1907,WHITE,D8,CastellaBot
1908,WHITE,E2,CastellaBot
1909,WHITE,E3,CastellaBot
1910,WHITE,E7,CastellaBot
1911,WHITE,E8,CastellaBot
1912,BLACK,B2,Human
1913,WHITE,A1,CastellaBot
1914,WHITE,A2,CastellaBot
1915,WHITE,B4,CastellaBot
1916,WHITE,C7,CastellaBot
1917,WHITE,C8,CastellaBot
1918,WHITE,D8,CastellaBot
1919,WHITE,E2,CastellaBot
1920,WHITE,E3,CastellaBot
1921,WHITE,E7,CastellaBot
1922,WHITE,E8,CastellaBot
1923,BLACK,B3,Human
1924,WHITE,A2,CastellaBot
1925,WHITE,A4,CastellaBot
1926,WHITE,B2,CastellaBot
1927,WHITE,B4,CastellaBot
1928,WHITE,C7,CastellaBot
1929,WHITE,C8,CastellaBot
1930,WHITE,D8,CastellaBot
1931,WHITE,E3,CastellaBot
1932,WHITE,E7,CastellaBot
1933,WHITE,E8,CastellaBot
1934,BLACK,B4,Human
1935,WHITE,A4,CastellaBot
1936,WHITE,A5,CastellaBot
1937,WHITE,B3,CastellaBot
1938,WHITE,B5,CastellaBot
1939,WHITE,C7,CastellaBot
1940,WHITE,C8,CastellaBot
1941,WHITE,D8,CastellaBot
1942,BLACK,B5,Human
1943,WHITE,A5,CastellaBot
1944,WHITE,B3,CastellaBot
1945,WHITE,B4,CastellaBot
1946,WHITE,B6,CastellaBot
1947,WHITE,B7,CastellaBot
1948,WHITE,C7,CastellaBot
1949,WHITE,C8,CastellaBot
1950,WHITE,D8,CastellaBot
1951,WHITE,E3,CastellaBot
1952,BLACK,B6,Human
1953,WHITE,A6,CastellaBot
1954,WHITE,B5,CastellaBot
1955,WHITE,B7,CastellaBot
1956,WHITE,C7,CastellaBot
1957,WHITE,C8,CastellaBot
1958,WHITE,D8,CastellaBot
1959,BLACK,B7,Human
1960,WHITE,A8,CastellaBot
1961,BLACK,D1,Human
1962,WHITE,C1,CastellaBot
1963,WHITE,C7,CastellaBot
1964,WHITE,C8,CastellaBot
1965,WHITE,E2,CastellaBot
1966,WHITE,E3,CastellaBot
1967,WHITE,E7,CastellaBot
1968,WHITE,E8,CastellaBot
1969,BLACK,F3,Human
1970,WHITE,C7,CastellaBot
1971,WHITE,C8,CastellaBot
1972,WHITE,D8,CastellaBot
1973,BLACK,F7,Human
1974,WHITE,C7,CastellaBot
1975,WHITE,C8,CastellaBot
1976,WHITE,D8,CastellaBot
1977,BLACK,G3,Human
1978,WHITE,C8,CastellaBot
1979,WHITE,D8,CastellaBot
1980,BLACK,G4,Human
1981,WHITE,C7,CastellaBot
1982,WHITE,D8,CastellaBot
1983,BLACK,G5,Human
1984,WHITE,C7,CastellaBot
1985,WHITE,C8,CastellaBot
1986,WHITE,D8,CastellaBot
1987,BLACK,G6,Human
1988,WHITE,C7,CastellaBot
1989,WHITE,D8,CastellaBot
1990,WHITE,E2,CastellaBot
1991,WHITE,E3,CastellaBot
1992,WHITE,E7,CastellaBot
1993,WHITE,E8,CastellaBot
1994,WHITE,F3,CastellaBot
1995,WHITE,F7,CastellaBot
1996,WHITE,G5,CastellaBot
1997,WHITE,G7,CastellaBot
1998,WHITE,H6,CastellaBot
1999,WHITE,H7,CastellaBot
2000,BLACK,G7,Human
2001,WHITE,C7,CastellaBot
2002,WHITE,E2,CastellaBot
2003,BLACK,B2,Human
2004,WHITE,A1,CastellaBot
2005,WHITE,A2,CastellaBot
2006,WHITE,B3,CastellaBot
2007,WHITE,B4,CastellaBot
2008,WHITE,C7,CastellaBot
2009,WHITE,C8,CastellaBot
2010,WHITE,D8,CastellaBot
2011,WHITE,E3,CastellaBot
2012,WHITE,E7,CastellaBot
2013,WHITE,E8,CastellaBot
2014,BLACK,B3,Human
2015,WHITE,A2,CastellaBot
2016,WHITE,A3,CastellaBot
2017,WHITE,A4,CastellaBot
2018,WHITE,B4,CastellaBot
2019,WHITE,B5,CastellaBot
2020,WHITE,C7,CastellaBot
2021,WHITE,C8,CastellaBot
2022,WHITE,D8,CastellaBot
2023,WHITE,E3,CastellaBot
2024,WHITE,E7,CastellaBot
2025,WHITE,E8,CastellaBot
2026,BLACK,B4,Human
2027,WHITE,A4,CastellaBot
2028,WHITE,A5,CastellaBot
2029,WHITE,B3,CastellaBot
2030,WHITE,B5,CastellaBot
2031,WHITE,C7,CastellaBot
2032,WHITE,C8,CastellaBot
2033,WHITE,D8,CastellaBot
2034,WHITE,E8,CastellaBot
2035,BLACK,B5,Human
2036,WHITE,A5,CastellaBot
2037,WHITE,A6,CastellaBot
2038,WHITE,B6,CastellaBot
2039,WHITE,B7,CastellaBot
2040,WHITE,C7,CastellaBot
2041,WHITE,C8,CastellaBot
2042,WHITE,D8,CastellaBot
2043,BLACK,B6,Human
2044,WHITE,A6,CastellaBot
2045,WHITE,B5,CastellaBot
2046,WHITE,B7,CastellaBot
2047,WHITE,C7,CastellaBot
2048,WHITE,C8,CastellaBot
2049,WHITE,D8,CastellaBot
2050,BLACK,B7,Human
2051,WHITE,A8,CastellaBot
2052,BLACK,D1,Human
2053,WHITE,C7,CastellaBot
2054,WHITE,C8,CastellaBot
2055,WHITE,E1,CastellaBot
2056,WHITE,E3,CastellaBot
2057,WHITE,E7,CastellaBot
2058,WHITE,E8,CastellaBot
2059,BLACK,F3,Human
2060,WHITE,C7,CastellaBot
2061,WHITE,C8,CastellaBot
2062,WHITE,D8,CastellaBot
2063,BLACK,F7,Human
2064,WHITE,C7,CastellaBot
2065,WHITE,C8,CastellaBot
2066,BLACK,G3,Human
2067,WHITE,C8,CastellaBot
2068,WHITE,D8,CastellaBot
2069,BLACK,G4,Human
2070,WHITE,C7,CastellaBot
2071,WHITE,D8,CastellaBot
2072,BLACK,G5,Human
2073,WHITE,C7,CastellaBot
2074,BLACK,G6,Human
2075,WHITE,C7,CastellaBot
2076,WHITE,C8,CastellaBot
2077,WHITE,D8,CastellaBot
2078,BLACK,G7,Human
2079,WHITE,C7,CastellaBot
2080,WHITE,E3,CastellaBot
2081,BLACK,B2,Human
2082,WHITE,A1,CastellaBot
2083,WHITE,B1,CastellaBot
2084,WHITE,C1,CastellaBot
2085,WHITE,C7,CastellaBot
2086,WHITE,C8,CastellaBot
2087,WHITE,D1,CastellaBot
2088,WHITE,D8,CastellaBot
2089,WHITE,E1,CastellaBot
2090,WHITE,E7,CastellaBot
2091,WHITE,E8,CastellaBot
2092,BLACK,B3,Human
2093,WHITE,A2,CastellaBot
2094,WHITE,A3,CastellaBot
2095,WHITE,A4,CastellaBot
2096,WHITE,B4,CastellaBot
2097,WHITE,B5,CastellaBot
2098,WHITE,C1,CastellaBot
2099,WHITE,C7,CastellaBot
2100,WHITE,C8,CastellaBot
2101,WHITE,D1,CastellaBot
2102,WHITE,D8,CastellaBot
2103,WHITE,E1,CastellaBot
2104,WHITE,E2,CastellaBot
2105,WHITE,E7,CastellaBot
2106,WHITE,E8,CastellaBot
2107,BLACK,B4,Human
2108,WHITE,A4,CastellaBot
2109,WHITE,B2,CastellaBot
2110,WHITE,B3,CastellaBot
2111,WHITE,B5,CastellaBot
2112,WHITE,B6,CastellaBot
2113,WHITE,C1,CastellaBot
2114,WHITE,C7,CastellaBot
2115,WHITE,C8,CastellaBot
2116,WHITE,D1,CastellaBot
2117,WHITE,D8,CastellaBot
2118,WHITE,E2,CastellaBot
2119,WHITE,E8,CastellaBot
2120,BLACK,B5,Human
2121,WHITE,A5,CastellaBot
2122,BLACK,B6,Human
2123,WHITE,A6,CastellaBot
2124,BLACK,B7,Human
2125,WHITE,A8,CastellaBot
2126,BLACK,F3,Human
2127,WHITE,C1,CastellaBot
2128,WHITE,C7,CastellaBot
2129,WHITE,C8,CastellaBot
2130,WHITE,D1,CastellaBot
2131,WHITE,D8,CastellaBot
2132,BLACK,F7,Human
2133,WHITE,C1,CastellaBot
2134,WHITE,C7,CastellaBot
2135,BLACK,G3,Human
2136,WHITE,C1,CastellaBot
2137,WHITE,C8,CastellaBot
2138,WHITE,D1,CastellaBot
2139,WHITE,D8,CastellaBot
2140,BLACK,G4,Human
2141,WHITE,C1,CastellaBot
2142,WHITE,C7,CastellaBot
2143,WHITE,D1,CastellaBot
2144,WHITE,D8,CastellaBot
2145,BLACK,G5,Human
2146,WHITE,C8,CastellaBot
2147,WHITE,D1,CastellaBot
2148,WHITE,D8,CastellaBot
2149,WHITE,E1,CastellaBot
2150,WHITE,E2,CastellaBot
2151,WHITE,E7,CastellaBot
2152,WHITE,E8,CastellaBot
2153,WHITE,F2,CastellaBot
2154,WHITE,F3,CastellaBot
2155,BLACK,G6,Human
2156,WHITE,C1,CastellaBot
2157,WHITE,C7,CastellaBot
2158,WHITE,C8,CastellaBot
2159,WHITE,D1,CastellaBot
2160,WHITE,D8,CastellaBot
2161,WHITE,E1,CastellaBot
2162,WHITE,E2,CastellaBot
2163,WHITE,E7,CastellaBot
2164,WHITE,E8,CastellaBot
2165,WHITE,F7,CastellaBot
2166,WHITE,E7,CastellaBot
2167,BLACK,B1,Human
2168,WHITE,C1,CastellaBot
2169,WHITE,C7,CastellaBot
2170,WHITE,C8,CastellaBot
2171,WHITE,D1,CastellaBot
2172,WHITE,D8,CastellaBot
2173,WHITE,E1,CastellaBot
2174,WHITE,E2,CastellaBot
2175,WHITE,E3,CastellaBot
2176,WHITE,E8,CastellaBot
2177,BLACK,B2,Human
2178,WHITE,A1,CastellaBot
2179,BLACK,B3,Human
2180,WHITE,A2,CastellaBot
2181,WHITE,A4,CastellaBot
2182,WHITE,B2,CastellaBot
2183,WHITE,B4,CastellaBot
2184,WHITE,C7,CastellaBot
2185,WHITE,C8,CastellaBot
2186,WHITE,D1,CastellaBot
2187,WHITE,D8,CastellaBot
2188,WHITE,E2,CastellaBot
2189,WHITE,E3,CastellaBot
2190,WHITE,E8,CastellaBot
2191,BLACK,B4,Human
2192,WHITE,A3,CastellaBot
2193,WHITE,A4,CastellaBot
2194,WHITE,B2,CastellaBot
2195,WHITE,B3,CastellaBot
2196,WHITE,C7,CastellaBot
2197,WHITE,C8,CastellaBot
2198,WHITE,D1,CastellaBot
2199,WHITE,D8,CastellaBot
2200,WHITE,E2,CastellaBot
2201,WHITE,E3,CastellaBot
2202,WHITE,E8,CastellaBot
2203,BLACK,B5,Human
2204,WHITE,A5,CastellaBot
2205,WHITE,B3,CastellaBot
2206,WHITE,B4,CastellaBot
2207,WHITE,B6,CastellaBot
2208,WHITE,B7,CastellaBot
2209,WHITE,C7,CastellaBot
2210,WHITE,C8,CastellaBot
2211,WHITE,D1,CastellaBot
2212,WHITE,D8,CastellaBot
2213,WHITE,E1,CastellaBot
2214,WHITE,E2,CastellaBot
2215,WHITE,E3,CastellaBot
2216,BLACK,B6,Human
2217,WHITE,A6,CastellaBot
2218,WHITE,B4,CastellaBot
2219,BLACK,B7,Human
2220,WHITE,A8,CastellaBot
2221,BLACK,F3,Human
2222,WHITE,C7,CastellaBot
2223,WHITE,C8,CastellaBot
2224,WHITE,D1,CastellaBot
2225,BLACK,F7,Human
2226,WHITE,C8,CastellaBot
2227,BLACK,G4,Human
2228,WHITE,C7,CastellaBot
2229,WHITE,D1,CastellaBot
2230,BLACK,G5,Human
2231,WHITE,C7,CastellaBot
2232,WHITE,C8,CastellaBot
2233,WHITE,D1,CastellaBot
2234,BLACK,G6,Human
2235,WHITE,C7,CastellaBot
2236,WHITE,C8,CastellaBot
2237,WHITE,D1,CastellaBot
2238,BLACK,G7,Human
2239,WHITE,C7,CastellaBot
2240,WHITE,C8,CastellaBot
2241,WHITE,D1,CastellaBot
2242,WHITE,E8,CastellaBot
2243,BLACK,B1,Human
2244,WHITE,C1,CastellaBot
2245,WHITE,C7,CastellaBot
2246,WHITE,D1,CastellaBot
2247,WHITE,E1,CastellaBot
2248,WHITE,E2,CastellaBot
2249,WHITE,E3,CastellaBot
2250,WHITE,E7,CastellaBot
2251,BLACK,B2,Human
2252,WHITE,A1,CastellaBot
2253,WHITE,B1,CastellaBot
2254,WHITE,C1,CastellaBot
2255,WHITE,C7,CastellaBot
2256,WHITE,D1,CastellaBot
2257,WHITE,E2,CastellaBot
2258,WHITE,E3,CastellaBot
2259,WHITE,E7,CastellaBot
2260,BLACK,B3,Human
2261,WHITE,A2,CastellaBot
2262,WHITE,A4,CastellaBot
2263,WHITE,B2,CastellaBot
2264,WHITE,B4,CastellaBot
2265,WHITE,C7,CastellaBot
2266,WHITE,D1,CastellaBot
2267,WHITE,E2,CastellaBot
2268,WHITE,E3,CastellaBot
2269,WHITE,E7,CastellaBot
2270,BLACK,B4,Human
2271,WHITE,A4,CastellaBot
2272,WHITE,B2,CastellaBot
2273,WHITE,B3,CastellaBot
2274,WHITE,B5,CastellaBot
2275,WHITE,C7,CastellaBot
2276,WHITE,D1,CastellaBot
2277,WHITE,E2,CastellaBot
2278,BLACK,B5,Human
2279,WHITE,A4,CastellaBot
2280,WHITE,A5,CastellaBot
2281,WHITE,B3,CastellaBot
2282,WHITE,B4,CastellaBot
2283,WHITE,C7,CastellaBot
2284,WHITE,D1,CastellaBot
2285,BLACK,B6,Human
2286,WHITE,A6,CastellaBot
2287,WHITE,B5,CastellaBot
2288,BLACK,B7,Human
2289,WHITE,A8,CastellaBot
2290,BLACK,D8,Human
2291,WHITE,C7,CastellaBot
2292,WHITE,C8,CastellaBot
2293,BLACK,F3,Human
2294,WHITE,C7,CastellaBot
2295,WHITE,D1,CastellaBot
2296,BLACK,F7,Human
2297,WHITE,C7,CastellaBot
2298,WHITE,D1,CastellaBot
2299,BLACK,G3,Human
2300,WHITE,D1,CastellaBot
2301,BLACK,G4,Human
2302,WHITE,C7,CastellaBot
2303,WHITE,D1,CastellaBot
2304,BLACK,G5,Human
2305,WHITE,C7,CastellaBot
2306,WHITE,D1,CastellaBot
2307,BLACK,G6,Human
2308,WHITE,C7,CastellaBot
2309,WHITE,D1,CastellaBot
2310,WHITE,E1,CastellaBot
2311,WHITE,E2,CastellaBot
2312,WHITE,E3,CastellaBot
2313,WHITE,E7,CastellaBot
2314,WHITE,F3,CastellaBot
2315,WHITE,F7,CastellaBot
2316,WHITE,G4,CastellaBot
2317,WHITE,G5,CastellaBot
2318,WHITE,G7,CastellaBot
2319,WHITE,H6,CastellaBot
2320,WHITE,H7,CastellaBot
2321,BLACK,G7,Human
2322,WHITE,C7,CastellaBot
2323,WHITE,D1,CastellaBot
2324,WHITE,E3,CastellaBot
2325,BLACK,F3,Human
2326,WHITE,C1,CastellaBot
2327,BLACK,B1,Human
2328,WHITE,A1,CastellaBot
2329,WHITE,B2,CastellaBot
2330,WHITE,C7,CastellaBot
2331,WHITE,C8,CastellaBot
2332,WHITE,D8,CastellaBot
2333,WHITE,E2,CastellaBot
2334,WHITE,E7,CastellaBot
2335,WHITE,E8,CastellaBot
2336,WHITE,F2,CastellaBot
2337,WHITE,G2,CastellaBot
2338,WHITE,G3,CastellaBot
2339,BLACK,B3,Human
2340,WHITE,A2,CastellaBot
2341,WHITE,A4,CastellaBot
2342,WHITE,B2,CastellaBot
2343,WHITE,B4,CastellaBot
2344,WHITE,C7,CastellaBot
2345,WHITE,C8,CastellaBot
2346,WHITE,D8,CastellaBot
2347,WHITE,E2,CastellaBot
2348,WHITE,E7,CastellaBot
2349,WHITE,E8,CastellaBot
2350,WHITE,F2,CastellaBot
2351,WHITE,G2,CastellaBot
2352,BLACK,B4,Human
2353,WHITE,A4,CastellaBot
2354,BLACK,B5,Human
2355,WHITE,A5,CastellaBot
2356,BLACK,B6,Human
2357,WHITE,A6,CastellaBot
2358,BLACK,B7,Human
2359,WHITE,B6,CastellaBot
2360,BLACK,D1,Human
2361,WHITE,C7,CastellaBot
2362,WHITE,C8,CastellaBot
2363,WHITE,E1,CastellaBot
2364,BLACK,E2,Human
2365,WHITE,C7,CastellaBot
2366,BLACK,E7,Human
2367,WHITE,C7,CastellaBot
2368,BLACK,F7,Human
2369,WHITE,C7,CastellaBot
2370,WHITE,D8,CastellaBot
2371,WHITE,E7,CastellaBot
2372,WHITE,E8,CastellaBot
2373,WHITE,G2,CastellaBot
2374,WHITE,G3,CastellaBot
2375,WHITE,G4,CastellaBot
2376,WHITE,G5,CastellaBot
2377,WHITE,G6,CastellaBot
2378,BLACK,G3,Human
2379,WHITE,C8,CastellaBot
2380,WHITE,D8,CastellaBot
2381,BLACK,G4,Human
2382,WHITE,C7,CastellaBot
2383,WHITE,D8,CastellaBot
2384,BLACK,G5,Human
2385,WHITE,C7,CastellaBot
2386,BLACK,G6,Human
2387,WHITE,C7,CastellaBot
2388,WHITE,D8,CastellaBot
2389,WHITE,C7,CastellaBot
2390,BLACK,B1,Human
2391,WHITE,C1,CastellaBot
2392,WHITE,C8,CastellaBot
2393,WHITE,D1,CastellaBot
2394,WHITE,D8,CastellaBot
2395,WHITE,E1,CastellaBot
2396,WHITE,E2,CastellaBot
2397,WHITE,E7,CastellaBot
2398,WHITE,E8,CastellaBot
2399,WHITE,F2,CastellaBot
2400,WHITE,G2,CastellaBot
2401,WHITE,G3,CastellaBot
2402,BLACK,B2,Human
2403,WHITE,A1,CastellaBot
2404,BLACK,B3,Human
2405,WHITE,A2,CastellaBot
2406,WHITE,A4,CastellaBot
2407,WHITE,B2,CastellaBot
2408,WHITE,B4,CastellaBot
2409,WHITE,C1,CastellaBot
2410,WHITE,C8,CastellaBot
2411,WHITE,D1,CastellaBot
2412,WHITE,D8,CastellaBot
2413,WHITE,E2,CastellaBot
2414,WHITE,E7,CastellaBot
2415,WHITE,E8,CastellaBot
2416,WHITE,F2,CastellaBot
2417,WHITE,G2,CastellaBot
2418,BLACK,B4,Human
2419,WHITE,A3,CastellaBot
2420,WHITE,A4,CastellaBot
2421,BLACK,B5,Human
2422,WHITE,A5,CastellaBot
2423,BLACK,B7,Human
2424,WHITE,B6,CastellaBot
2425,BLACK,E2,Human
2426,WHITE,C1,CastellaBot
2427,BLACK,E7,Human
2428,WHITE,C1,CastellaBot
2429,BLACK,F7,Human
2430,WHITE,C1,CastellaBot
2431,WHITE,D1,CastellaBot
2432,WHITE,D8,CastellaBot
2433,WHITE,E1,CastellaBot
2434,WHITE,E2,CastellaBot
2435,WHITE,E7,CastellaBot
2436,WHITE,E8,CastellaBot
2437,WHITE,G2,CastellaBot
2438,BLACK,G4,Human
2439,WHITE,C1,CastellaBot
2440,BLACK,G5,Human
2441,WHITE,C8,CastellaBot
2442,WHITE,D1,CastellaBot
2443,WHITE,D8,CastellaBot
2444,WHITE,E1,CastellaBot
2445,WHITE,E2,CastellaBot
2446,BLACK,G6,Human
2447,WHITE,C1,CastellaBot
2448,WHITE,C8,CastellaBot
2449,BLACK,B1,Human
2450,WHITE,C1,CastellaBot
2451,WHITE,C7,CastellaBot
2452,WHITE,D1,CastellaBot
2453,WHITE,E1,CastellaBot
2454,WHITE,E2,CastellaBot
2455,WHITE,E7,CastellaBot
2456,WHITE,F2,CastellaBot
2457,WHITE,G2,CastellaBot
2458,WHITE,G3,CastellaBot
2459,BLACK,B2,Human
2460,WHITE,A1,CastellaBot
2461,BLACK,B3,Human
2462,WHITE,A2,CastellaBot
2463,WHITE,A4,CastellaBot
2464,WHITE,B2,CastellaBot
2465,WHITE,B4,CastellaBot
2466,WHITE,C1,CastellaBot
2467,WHITE,C7,CastellaBot
2468,WHITE,D1,CastellaBot
2469,WHITE,E2,CastellaBot
2470,WHITE,E7,CastellaBot
2471,WHITE,F2,CastellaBot
2472,WHITE,G2,CastellaBot
2473,BLACK,B4,Human
2474,WHITE,A4,CastellaBot
2475,BLACK,B5,Human
2476,WHITE,A4,CastellaBot
2477,BLACK,B6,Human
2478,WHITE,A6,CastellaBot
2479,BLACK,B7,Human
2480,WHITE,A6,CastellaBot
2481,BLACK,D8,Human
2482,WHITE,C1,CastellaBot
2483,BLACK,E2,Human
2484,WHITE,C1,CastellaBot
2485,BLACK,E7,Human
2486,WHITE,C1,CastellaBot
2487,BLACK,F7,Human
2488,WHITE,C1,CastellaBot
2489,WHITE,C7,CastellaBot
2490,BLACK,G3,Human
2491,WHITE,C1,CastellaBot
2492,BLACK,G4,Human
2493,WHITE,C1,CastellaBot
2494,BLACK,G5,Human
2495,WHITE,D1,CastellaBot
2496,BLACK,G6,Human
2497,WHITE,C1,CastellaBot
2498,WHITE,D1,CastellaBot
2499,BLACK,B1,Human
2500,WHITE,B2,CastellaBot
2501,WHITE,B3,CastellaBot
2502,WHITE,C1,CastellaBot
2503,WHITE,C7,CastellaBot
2504,WHITE,C8,CastellaBot
2505,WHITE,D8,CastellaBot
2506,WHITE,E2,CastellaBot
2507,WHITE,E7,CastellaBot
2508,WHITE,E8,CastellaBot
2509,WHITE,F2,CastellaBot
2510,WHITE,G2,CastellaBot
2511,WHITE,G3,CastellaBot
2512,BLACK,B3,Human
2513,WHITE,A2,CastellaBot
2514,WHITE,A4,CastellaBot
2515,WHITE,B2,CastellaBot
2516,WHITE,B4,CastellaBot
2517,WHITE,C7,CastellaBot
2518,WHITE,C8,CastellaBot
2519,WHITE,D8,CastellaBot
2520,WHITE,E2,CastellaBot
2521,WHITE,E7,CastellaBot
2522,WHITE,E8,CastellaBot
2523,WHITE,F2,CastellaBot
2524,WHITE,G2,CastellaBot
2525,BLACK,B4,Human
2526,WHITE,A4,CastellaBot
2527,BLACK,B5,Human
2528,WHITE,A5,CastellaBot
2529,BLACK,B6,Human
2530,WHITE,A6,CastellaBot
2531,BLACK,B7,Human
2532,WHITE,B6,CastellaBot
2533,BLACK,E2,Human
2534,WHITE,C7,CastellaBot
2535,BLACK,E7,Human
2536,WHITE,C7,CastellaBot
2537,BLACK,F7,Human
2538,WHITE,C7,CastellaBot
2539,WHITE,D8,CastellaBot
2540,WHITE,E7,CastellaBot
2541,WHITE,E8,CastellaBot
2542,WHITE,G2,CastellaBot
2543,WHITE,G3,CastellaBot
2544,WHITE,G4,CastellaBot
2545,WHITE,G5,CastellaBot
2546,WHITE,G6,CastellaBot
2547,BLACK,G3,Human
2548,WHITE,C8,CastellaBot
2549,WHITE,D8,CastellaBot
2550,BLACK,G4,Human
2551,WHITE,C7,CastellaBot
2552,WHITE,D8,CastellaBot
2553,BLACK,G5,Human
2554,WHITE,C7,CastellaBot
2555,BLACK,G6,Human
2556,WHITE,C7,CastellaBot
2557,WHITE,D8,CastellaBot
2558,WHITE,D8,CastellaBot
2559,BLACK,B1,Human
2560,WHITE,C1,CastellaBot
2561,WHITE,D1,CastellaBot
2562,WHITE,E1,CastellaBot
2563,WHITE,E2,CastellaBot
2564,WHITE,F2,CastellaBot
2565,WHITE,G2,CastellaBot
2566,WHITE,G3,CastellaBot
2567,BLACK,B2,Human
2568,WHITE,A1,CastellaBot
2569,BLACK,B3,Human
2570,WHITE,A2,CastellaBot
2571,WHITE,A4,CastellaBot
2572,WHITE,B2,CastellaBot
2573,WHITE,C1,CastellaBot
2574,WHITE,D1,CastellaBot
2575,WHITE,E2,CastellaBot
2576,WHITE,F2,CastellaBot
2577,WHITE,G2,CastellaBot
2578,BLACK,B4,Human
2579,WHITE,A3,CastellaBot
2580,WHITE,A4,CastellaBot
2581,BLACK,B7,Human
2582,WHITE,B5,CastellaBot
2583,BLACK,E2,Human
2584,WHITE,C1,CastellaBot
2585,BLACK,E7,Human
2586,WHITE,C1,CastellaBot
2587,WHITE,D1,CastellaBot
2588,WHITE,E1,CastellaBot
2589,WHITE,E2,CastellaBot
2590,WHITE,E8,CastellaBot
2591,BLACK,F7,Human
2592,WHITE,C1,CastellaBot
2593,WHITE,D1,CastellaBot
2594,WHITE,E1,CastellaBot
2595,WHITE,E2,CastellaBot
2596,WHITE,G2,CastellaBot
2597,WHITE,G3,CastellaBot
2598,WHITE,G4,CastellaBot
2599,BLACK,G4,Human
2600,WHITE,C1,CastellaBot
2601,WHITE,D1,CastellaBot
2602,WHITE,E1,CastellaBot
2603,WHITE,E2,CastellaBot
2604,WHITE,F2,CastellaBot
2605,BLACK,G5,Human
2606,WHITE,D1,CastellaBot
2607,WHITE,E1,CastellaBot
2608,WHITE,E2,CastellaBot
2609,BLACK,G6,Human
2610,WHITE,C1,CastellaBot
2611,WHITE,D1,CastellaBot
2612,WHITE,E1,CastellaBot
2613,WHITE,E2,CastellaBot
2614,WHITE,F2,CastellaBot
2615,WHITE,E1,CastellaBot
2616,BLACK,B1,Human
2617,WHITE,B2,CastellaBot
2618,WHITE,C1,CastellaBot
2619,WHITE,C7,CastellaBot
2620,WHITE,C8,CastellaBot
2621,WHITE,D8,CastellaBot
2622,WHITE,E2,CastellaBot
2623,WHITE,E7,CastellaBot
2624,WHITE,E8,CastellaBot
2625,WHITE,F2,CastellaBot
2626,WHITE,G2,CastellaBot
2627,WHITE,G3,CastellaBot
2628,BLACK,B3,Human
2629,WHITE,A2,CastellaBot
2630,WHITE,A4,CastellaBot
2631,WHITE,B2,CastellaBot
2632,WHITE,B4,CastellaBot
2633,WHITE,C7,CastellaBot
2634,WHITE,C8,CastellaBot
2635,WHITE,D8,CastellaBot
2636,WHITE,E2,CastellaBot
2637,WHITE,E7,CastellaBot
2638,WHITE,E8,CastellaBot
2639,WHITE,F2,CastellaBot
2640,WHITE,G2,CastellaBot
2641,BLACK,B4,Human
2642,WHITE,A4,CastellaBot
2643,BLACK,B5,Human
2644,WHITE,A5,CastellaBot
2645,BLACK,B6,Human
2646,WHITE,A6,CastellaBot
2647,BLACK,B7,Human
2648,WHITE,B6,CastellaBot
2649,BLACK,D1,Human
2650,WHITE,C1,CastellaBot
2651,BLACK,E2,Human
2652,WHITE,C7,CastellaBot
2653,BLACK,E7,Human
2654,WHITE,C7,CastellaBot
2655,BLACK,F7,Human
2656,WHITE,C7,CastellaBot
2657,WHITE,D8,CastellaBot
2658,WHITE,E7,CastellaBot
2659,WHITE,E8,CastellaBot
2660,WHITE,G2,CastellaBot
2661,WHITE,G3,CastellaBot
2662,WHITE,G4,CastellaBot
2663,WHITE,G5,CastellaBot
2664,WHITE,G6,CastellaBot
2665,BLACK,G3,Human
2666,WHITE,C8,CastellaBot
2667,WHITE,D8,CastellaBot
2668,BLACK,G4,Human
2669,WHITE,C7,CastellaBot
2670,WHITE,D8,CastellaBot
2671,BLACK,G5,Human
2672,WHITE,C7,CastellaBot
2673,BLACK,G6,Human
2674,WHITE,C7,CastellaBot
2675,WHITE,D8,CastellaBot
2676,WHITE,E2,CastellaBot
2677,BLACK,B1,Human
2678,WHITE,B2,CastellaBot
2679,WHITE,C1,CastellaBot
2680,WHITE,C7,CastellaBot
2681,WHITE,C8,CastellaBot
2682,WHITE,D8,CastellaBot
2683,WHITE,E7,CastellaBot
2684,WHITE,E8,CastellaBot
2685,WHITE,F2,CastellaBot
2686,WHITE,G2,CastellaBot
2687,WHITE,G3,CastellaBot
2688,WHITE,G4,CastellaBot
2689,BLACK,B3,Human
2690,WHITE,A2,CastellaBot
2691,WHITE,A4,CastellaBot
2692,WHITE,B2,CastellaBot
2693,WHITE,B4,CastellaBot
2694,WHITE,B5,CastellaBot
2695,WHITE,C7,CastellaBot
2696,WHITE,C8,CastellaBot
2697,WHITE,D8,CastellaBot
2698,WHITE,E7,CastellaBot
2699,WHITE,E8,CastellaBot
2700,WHITE,F2,CastellaBot
2701,WHITE,G2,CastellaBot
2702,WHITE,G4,CastellaBot
2703,BLACK,B4,Human
2704,WHITE,A4,CastellaBot
2705,BLACK,B5,Human
2706,WHITE,A5,CastellaBot
2707,BLACK,B6,Human
2708,WHITE,A6,CastellaBot
2709,BLACK,B7,Human
2710,WHITE,B6,CastellaBot
2711,BLACK,D1,Human
2712,WHITE,C1,CastellaBot
2713,BLACK,E1,Human
2714,WHITE,C7,CastellaBot
2715,BLACK,E7,Human
2716,WHITE,C7,CastellaBot
2717,BLACK,F7,Human
2718,WHITE,C7,CastellaBot
2719,WHITE,D8,CastellaBot
2720,WHITE,E7,CastellaBot
2721,WHITE,E8,CastellaBot
2722,WHITE,G2,CastellaBot
2723,WHITE,G3,CastellaBot
2724,WHITE,G4,CastellaBot
2725,BLACK,G3,Human
2726,WHITE,C8,CastellaBot
2727,BLACK,G4,Human
2728,WHITE,C7,CastellaBot
2729,BLACK,G5,Human
2730,WHITE,C7,CastellaBot
2731,BLACK,G6,Human
2732,WHITE,C7,CastellaBot
2733,WHITE,E7,CastellaBot
2734,BLACK,B1,Human
2735,WHITE,C1,CastellaBot
2736,WHITE,C7,CastellaBot
2737,WHITE,C8,CastellaBot
2738,WHITE,D1,CastellaBot
2739,WHITE,D8,CastellaBot
2740,WHITE,E1,CastellaBot
2741,WHITE,E2,CastellaBot
2742,WHITE,E8,CastellaBot
2743,WHITE,F2,CastellaBot
2744,WHITE,G2,CastellaBot
2745,WHITE,G3,CastellaBot
2746,BLACK,B2,Human
2747,WHITE,A1,CastellaBot
2748,BLACK,B3,Human
2749,WHITE,A2,CastellaBot
2750,WHITE,A4,CastellaBot
2751,WHITE,B2,CastellaBot
2752,WHITE,B4,CastellaBot
2753,WHITE,C1,CastellaBot
2754,WHITE,C7,CastellaBot
2755,WHITE,C8,CastellaBot
2756,WHITE,D1,CastellaBot
2757,WHITE,D8,CastellaBot
2758,WHITE,E2,CastellaBot
2759,WHITE,E8,CastellaBot
2760,WHITE,F2,CastellaBot
2761,WHITE,G2,CastellaBot
2762,BLACK,B4,Human
2763,WHITE,A3,CastellaBot
2764,WHITE,A4,CastellaBot
2765,BLACK,B5,Human
2766,WHITE,A5,CastellaBot
2767,BLACK,B7,Human
2768,WHITE,B6,CastellaBot
2769,BLACK,E2,Human
2770,WHITE,C1,CastellaBot
2771,BLACK,E8,Human
2772,WHITE,C1,CastellaBot
2773,WHITE,C8,CastellaBot
2774,BLACK,F7,Human
2775,WHITE,C1,CastellaBot
2776,WHITE,D1,CastellaBot
2777,WHITE,D8,CastellaBot
2778,WHITE,E1,CastellaBot
2779,WHITE,E2,CastellaBot
2780,WHITE,E8,CastellaBot
2781,WHITE,F8,CastellaBot
2782,WHITE,G2,CastellaBot
2783,BLACK,G4,Human
2784,WHITE,C1,CastellaBot
2785,BLACK,G5,Human
2786,WHITE,C7,CastellaBot
2787,WHITE,C8,CastellaBot
2788,WHITE,D1,CastellaBot
2789,WHITE,D8,CastellaBot
2790,WHITE,E1,CastellaBot
2791,WHITE,E2,CastellaBot
2792,BLACK,G6,Human
2793,WHITE,C1,CastellaBot
2794,WHITE,E8,CastellaBot
2795,BLACK,B1,Human
2796,WHITE,C1,CastellaBot
2797,WHITE,C7,CastellaBot
2798,WHITE,D1,CastellaBot
2799,WHITE,E1,CastellaBot
2800,WHITE,E2,CastellaBot
2801,WHITE,E7,CastellaBot
2802,WHITE,F2,CastellaBot
2803,WHITE,G2,CastellaBot
2804,WHITE,G3,CastellaBot
2805,BLACK,B2,Human
2806,WHITE,A1,CastellaBot
2807,BLACK,B3,Human
2808,WHITE,A2,CastellaBot
2809,WHITE,A4,CastellaBot
2810,WHITE,B2,CastellaBot
2811,WHITE,B4,CastellaBot
2812,WHITE,C1,CastellaBot
2813,WHITE,C7,CastellaBot
2814,WHITE,D1,CastellaBot
2815,WHITE,E2,CastellaBot
2816,WHITE,E7,CastellaBot
2817,WHITE,F2,CastellaBot
2818,WHITE,G2,CastellaBot
2819,BLACK,B4,Human
2820,WHITE,A4,CastellaBot
2821,BLACK,B5,Human
2822,WHITE,A4,CastellaBot
2823,BLACK,B6,Human
2824,WHITE,A6,CastellaBot
2825,BLACK,B7,Human
2826,WHITE,B5,CastellaBot
2827,BLACK,D8,Human
2828,WHITE,C1,CastellaBot
2829,BLACK,E2,Human
2830,WHITE,C1,CastellaBot
2831,BLACK,E7,Human
2832,WHITE,C1,CastellaBot
2833,BLACK,F7,Human
2834,WHITE,C1,CastellaBot
2835,WHITE,C7,CastellaBot
2836,WHITE,D1,CastellaBot
2837,WHITE,E1,CastellaBot
2838,WHITE,E2,CastellaBot
2839,WHITE,E7,CastellaBot
2840,BLACK,G3,Human
2841,WHITE,C1,CastellaBot
2842,BLACK,G4,Human
2843,WHITE,C1,CastellaBot
2844,BLACK,G5,Human
2845,WHITE,D1,CastellaBot
2846,WHITE,E1,CastellaBot
2847,WHITE,E2,CastellaBot
2848,BLACK,G6,Human
2849,WHITE,C1,CastellaBot
2850,WHITE,F2,CastellaBot
2851,BLACK,B1,Human
2852,WHITE,C1,CastellaBot
2853,WHITE,C7,CastellaBot
2854,WHITE,C8,CastellaBot
2855,WHITE,D1,CastellaBot
2856,WHITE,D8,CastellaBot
2857,WHITE,E1,CastellaBot
2858,WHITE,E2,CastellaBot
2859,WHITE,E7,CastellaBot
2860,WHITE,E8,CastellaBot
2861,BLACK,B2,Human
2862,WHITE,A1,CastellaBot
2863,BLACK,B3,Human
2864,WHITE,A2,CastellaBot
2865,WHITE,A3,CastellaBot
2866,WHITE,A4,CastellaBot
2867,WHITE,B4,CastellaBot
2868,WHITE,B5,CastellaBot
2869,WHITE,C1,CastellaBot
2870,WHITE,C7,CastellaBot
2871,WHITE,C8,CastellaBot
2872,WHITE,D1,CastellaBot
2873,WHITE,D8,CastellaBot
2874,BLACK,B4,Human
2875,WHITE,A4,CastellaBot
2876,WHITE,B2,CastellaBot
2877,WHITE,B3,CastellaBot
2878,WHITE,B5,CastellaBot
2879,WHITE,B6,CastellaBot
2880,WHITE,C1,CastellaBot
2881,WHITE,C7,CastellaBot
2882,WHITE,C8,CastellaBot
2883,WHITE,D1,CastellaBot
2884,WHITE,D8,CastellaBot
2885,WHITE,E2,CastellaBot
2886,WHITE,E8,CastellaBot
2887,BLACK,B5,Human
2888,WHITE,A5,CastellaBot
2889,BLACK,B6,Human
2890,WHITE,A6,CastellaBot
2891,BLACK,B7,Human
2892,WHITE,A8,CastellaBot
2893,BLACK,E2,Human
2894,WHITE,C1,CastellaBot
2895,BLACK,E7,Human
2896,WHITE,C1,CastellaBot
2897,WHITE,C7,CastellaBot
2898,BLACK,F7,Human
2899,WHITE,C1,CastellaBot
2900,BLACK,G2,Human
2901,WHITE,C1,CastellaBot
2902,BLACK,G3,Human
2903,WHITE,C1,CastellaBot
2904,WHITE,C8,CastellaBot
2905,WHITE,D1,CastellaBot
2906,WHITE,D8,CastellaBot
2907,BLACK,G4,Human
2908,WHITE,C1,CastellaBot
2909,WHITE,C7,CastellaBot
2910,WHITE,D1,CastellaBot
2911,WHITE,D8,CastellaBot
2912,BLACK,G5,Human
2913,WHITE,C8,CastellaBot
2914,WHITE,D1,CastellaBot
2915,WHITE,D8,CastellaBot
2916,WHITE,E1,CastellaBot
2917,WHITE,E2,CastellaBot
2918,BLACK,G6,Human
2919,WHITE,C1,CastellaBot
2920,WHITE,C7,CastellaBot
2921,WHITE,D1,CastellaBot
2922,WHITE,D8,CastellaBot
2923,WHITE,G2,CastellaBot
2924,BLACK,B2,Human
2925,WHITE,A1,CastellaBot
2926,WHITE,B1,CastellaBot
2927,WHITE,C1,CastellaBot
2928,WHITE,C7,CastellaBot
2929,WHITE,C8,CastellaBot
2930,WHITE,D1,CastellaBot
2931,WHITE,D8,CastellaBot
2932,WHITE,E1,CastellaBot
2933,WHITE,E7,CastellaBot
2934,WHITE,E8,CastellaBot
2935,BLACK,B4,Human
2936,WHITE,A4,CastellaBot
2937,WHITE,B2,CastellaBot
2938,WHITE,B3,CastellaBot
2939,WHITE,B5,CastellaBot
2940,WHITE,B6,CastellaBot
2941,WHITE,C1,CastellaBot
2942,WHITE,C7,CastellaBot
2943,WHITE,C8,CastellaBot
2944,WHITE,D1,CastellaBot
2945,WHITE,D8,CastellaBot
2946,WHITE,E2,CastellaBot
2947,WHITE,E8,CastellaBot
2948,BLACK,B5,Human
2949,WHITE,A5,CastellaBot
2950,WHITE,A6,CastellaBot
2951,BLACK,B6,Human
2952,WHITE,A6,CastellaBot
2953,BLACK,G3,Human
2954,WHITE,C1,CastellaBot
2955,WHITE,C8,CastellaBot
2956,WHITE,D1,CastellaBot
2957,WHITE,D8,CastellaBot
2958,WHITE,E1,CastellaBot
2959,WHITE,E2,CastellaBot
2960,WHITE,E7,CastellaBot
2961,WHITE,E8,CastellaBot
2962,WHITE,G4,CastellaBot
2963,WHITE,G5,CastellaBot
2964,WHITE,H3,CastellaBot
2965,BLACK,G4,Human
2966,WHITE,C1,CastellaBot
2967,WHITE,C7,CastellaBot
2968,WHITE,D1,CastellaBot
2969,WHITE,D8,CastellaBot
2970,BLACK,G5,Human
2971,WHITE,C7,CastellaBot
2972,WHITE,C8,CastellaBot
2973,WHITE,D1,CastellaBot
2974,WHITE,D8,CastellaBot
2975,BLACK,G6,Human
2976,WHITE,C1,CastellaBot
2977,WHITE,C7,CastellaBot
2978,WHITE,C8,CastellaBot
2979,WHITE,G3,CastellaBot
2980,BLACK,B1,Human
2981,WHITE,C1,CastellaBot
2982,WHITE,C7,CastellaBot
2983,WHITE,C8,CastellaBot
2984,WHITE,D1,CastellaBot
2985,WHITE,D8,CastellaBot
2986,WHITE,E1,CastellaBot
2987,WHITE,E2,CastellaBot
2988,WHITE,E7,CastellaBot
2989,WHITE,E8,CastellaBot
2990,BLACK,B2,Human
2991,WHITE,A1,CastellaBot
2992,BLACK,B3,Human
2993,WHITE,A2,CastellaBot
2994,WHITE,A3,CastellaBot
2995,WHITE,A4,CastellaBot
2996,WHITE,B4,CastellaBot
2997,WHITE,B5,CastellaBot
2998,WHITE,C1,CastellaBot
2999,WHITE,C7,CastellaBot
3000,WHITE,C8,CastellaBot
3001,WHITE,D1,CastellaBot
3002,WHITE,D8,CastellaBot
3003,BLACK,B4,Human
3004,WHITE,A4,CastellaBot
3005,WHITE,B2,CastellaBot
3006,WHITE,B3,CastellaBot
3007,WHITE,B5,CastellaBot
3008,WHITE,B6,CastellaBot
3009,WHITE,C1,CastellaBot
3010,WHITE,C7,CastellaBot
3011,WHITE,C8,CastellaBot
3012,WHITE,D1,CastellaBot
3013,WHITE,D8,CastellaBot
3014,WHITE,E2,CastellaBot
3015,WHITE,E8,CastellaBot
3016,BLACK,B5,Human
3017,WHITE,A5,CastellaBot
3018,BLACK,B6,Human
3019,WHITE,A6,CastellaBot
3020,BLACK,B7,Human
3021,WHITE,A8,CastellaBot
3022,BLACK,E2,Human
3023,WHITE,C1,CastellaBot
3024,BLACK,E7,Human
3025,WHITE,C1,CastellaBot
3026,WHITE,C7,CastellaBot
3027,BLACK,F7,Human
3028,WHITE,C1,CastellaBot
3029,BLACK,G2,Human
3030,WHITE,C1,CastellaBot
3031,BLACK,G4,Human
3032,WHITE,C1,CastellaBot
3033,WHITE,C7,CastellaBot
3034,WHITE,D1,CastellaBot
3035,WHITE,D8,CastellaBot
3036,BLACK,G5,Human
3037,WHITE,C7,CastellaBot
3038,BLACK,G6,Human
3039,WHITE,C1,CastellaBot
3040,WHITE,C7,CastellaBot
3041,WHITE,D1,CastellaBot
3042,WHITE,D8,CastellaBot
3043,BLACK,H2,Human
3044,WHITE,C1,CastellaBot
3045,WHITE,C8,CastellaBot
3046,WHITE,D8,CastellaBot
3047,BLACK,E2,Human
3048,WHITE,C1,CastellaBot
3049,BLACK,B1,Human
3050,WHITE,A1,CastellaBot
3051,WHITE,B2,CastellaBot
3052,WHITE,E1,CastellaBot
3053,WHITE,F1,CastellaBot
3054,WHITE,F2,CastellaBot
3055,WHITE,G2,CastellaBot
3056,WHITE,G3,CastellaBot
3057,BLACK,B2,Human
3058,WHITE,A1,CastellaBot
3059,WHITE,A3,CastellaBot
3060,WHITE,B1,CastellaBot
3061,WHITE,D1,CastellaBot
3062,WHITE,E1,CastellaBot
3063,WHITE,F1,CastellaBot
3064,WHITE,F2,CastellaBot
3065,WHITE,G2,CastellaBot
3066,WHITE,G3,CastellaBot
3067,BLACK,B3,Human
3068,WHITE,A2,CastellaBot
3069,WHITE,A4,CastellaBot
3070,WHITE,B2,CastellaBot
3071,WHITE,B4,CastellaBot
3072,WHITE,E1,CastellaBot
3073,WHITE,F1,CastellaBot
3074,WHITE,F2,CastellaBot
3075,WHITE,G2,CastellaBot
3076,BLACK,B4,Human
3077,WHITE,A3,CastellaBot
3078,WHITE,A4,CastellaBot
3079,BLACK,B5,Human
3080,WHITE,A4,CastellaBot
3081,WHITE,A5,CastellaBot
3082,WHITE,B3,CastellaBot
3083,WHITE,B4,CastellaBot
3084,WHITE,E1,CastellaBot
3085,WHITE,F2,CastellaBot
3086,WHITE,G2,CastellaBot
3087,WHITE,G3,CastellaBot
3088,BLACK,B7,Human
3089,WHITE,B5,CastellaBot
3090,BLACK,E7,Human
3091,WHITE,E1,CastellaBot
3092,WHITE,E8,CastellaBot
3093,BLACK,F7,Human
3094,WHITE,E1,CastellaBot
3095,WHITE,F1,CastellaBot
3096,WHITE,F2,CastellaBot
3097,WHITE,G2,CastellaBot
3098,WHITE,G3,CastellaBot
3099,BLACK,G4,Human
3100,WHITE,E1,CastellaBot
3101,BLACK,G6,Human
3102,WHITE,E1,CastellaBot
3103,WHITE,D1,CastellaBot
3104,BLACK,B1,Human
3105,WHITE,B2,CastellaBot
3106,WHITE,B3,CastellaBot
3107,WHITE,C1,CastellaBot
3108,WHITE,E1,CastellaBot
3109,WHITE,F1,CastellaBot
3110,WHITE,F2,CastellaBot
3111,WHITE,G2,CastellaBot
3112,WHITE,G3,CastellaBot
3113,WHITE,G4,CastellaBot
3114,BLACK,B2,Human
3115,WHITE,A1,CastellaBot
3116,WHITE,B1,CastellaBot
3117,WHITE,B3,CastellaBot
3118,WHITE,C1,CastellaBot
3119,BLACK,B3,Human
3120,WHITE,A2,CastellaBot
3121,WHITE,A4,CastellaBot
3122,WHITE,B2,CastellaBot
3123,WHITE,B4,CastellaBot
3124,WHITE,E1,CastellaBot
3125,WHITE,F1,CastellaBot
3126,WHITE,F2,CastellaBot
3127,WHITE,G2,CastellaBot
3128,WHITE,G4,CastellaBot
3129,BLACK,B4,Human
3130,WHITE,A3,CastellaBot
3131,WHITE,A4,CastellaBot
3132,BLACK,B5,Human
3133,WHITE,A4,CastellaBot
3134,WHITE,A5,CastellaBot
3135,WHITE,B3,CastellaBot
3136,WHITE,B4,CastellaBot
3137,WHITE,E1,CastellaBot
3138,BLACK,B6,Human
3139,WHITE,A6,CastellaBot
3140,WHITE,B4,CastellaBot
3141,WHITE,B5,CastellaBot
3142,WHITE,E1,CastellaBot
3143,BLACK,B7,Human
3144,WHITE,B5,CastellaBot
3145,WHITE,B6,CastellaBot
3146,BLACK,C1,Human
3147,WHITE,B1,CastellaBot
3148,WHITE,E1,CastellaBot
3149,BLACK,E7,Human
3150,WHITE,F1,CastellaBot
3151,WHITE,F2,CastellaBot
3152,WHITE,F7,CastellaBot
3153,WHITE,F8,CastellaBot
3154,WHITE,G2,CastellaBot
3155,WHITE,G3,CastellaBot
3156,WHITE,G4,CastellaBot
3157,BLACK,F7,Human
3158,WHITE,E1,CastellaBot
3159,WHITE,F1,CastellaBot
3160,WHITE,F2,CastellaBot
3161,WHITE,G2,CastellaBot
3162,WHITE,G3,CastellaBot
3163,BLACK,G4,Human
3164,WHITE,E1,CastellaBot
3165,BLACK,G5,Human
3166,WHITE,E1,CastellaBot
3167,BLACK,G6,Human
3168,WHITE,E1,CastellaBot
3169,WHITE,E1,CastellaBot
3170,BLACK,B3,Human
3171,WHITE,A2,CastellaBot
3172,WHITE,A4,CastellaBot
3173,WHITE,B2,CastellaBot
3174,WHITE,B4,CastellaBot
3175,WHITE,F2,CastellaBot
3176,WHITE,G2,CastellaBot
3177,WHITE,G4,CastellaBot
3178,BLACK,B7,Human
3179,WHITE,B5,CastellaBot
3180,BLACK,D1,Human
3181,WHITE,C1,CastellaBot
3182,BLACK,F7,Human
3183,WHITE,G2,CastellaBot
3184,WHITE,G3,CastellaBot
3185,WHITE,F1,CastellaBot
3186,BLACK,B1,Human
3187,WHITE,B2,CastellaBot
3188,WHITE,C1,CastellaBot
3189,WHITE,D1,CastellaBot
3190,WHITE,E1,CastellaBot
3191,WHITE,F2,CastellaBot
3192,WHITE,G2,CastellaBot
3193,WHITE,G3,CastellaBot
3194,WHITE,G4,CastellaBot
3195,BLACK,B2,Human
3196,WHITE,A1,CastellaBot
3197,BLACK,B3,Human
3198,WHITE,A2,CastellaBot
3199,WHITE,A4,CastellaBot
3200,WHITE,B2,CastellaBot
3201,WHITE,C1,CastellaBot
3202,WHITE,D1,CastellaBot
3203,WHITE,F2,CastellaBot
3204,WHITE,G2,CastellaBot
3205,WHITE,G4,CastellaBot
3206,BLACK,B4,Human
3207,WHITE,A3,CastellaBot
3208,WHITE,A4,CastellaBot
3209,BLACK,B6,Human
3210,WHITE,A6,CastellaBot
3211,WHITE,B4,CastellaBot
3212,WHITE,B5,CastellaBot
3213,WHITE,C1,CastellaBot
3214,BLACK,B7,Human
3215,WHITE,B5,CastellaBot
3216,BLACK,D1,Human
3217,WHITE,C1,CastellaBot
3218,BLACK,E1,Human
3219,WHITE,C1,CastellaBot
3220,BLACK,E7,Human
3221,WHITE,C1,CastellaBot
3222,WHITE,D1,CastellaBot
3223,WHITE,E1,CastellaBot
3224,WHITE,E8,CastellaBot
3225,BLACK,F2,Human
3226,WHITE,C1,CastellaBot
3227,BLACK,F7,Human
3228,WHITE,D1,CastellaBot
3229,WHITE,E1,CastellaBot
3230,WHITE,F2,CastellaBot
3231,WHITE,G2,CastellaBot
3232,WHITE,G3,CastellaBot
3233,BLACK,G4,Human
3234,WHITE,D1,CastellaBot
3235,WHITE,E1,CastellaBot
3236,WHITE,F2,CastellaBot
3237,BLACK,G5,Human
3238,WHITE,D1,CastellaBot
3239,WHITE,E1,CastellaBot
3240,WHITE,F2,CastellaBot
3241,BLACK,G6,Human
3242,WHITE,C1,CastellaBot
3243,WHITE,F2,CastellaBot
3244,BLACK,B1,Human
3245,WHITE,B2,CastellaBot
3246,WHITE,C1,CastellaBot
3247,BLACK,B4,Human
3248,WHITE,A3,CastellaBot
3249,WHITE,A4,CastellaBot
3250,BLACK,B7,Human
3251,WHITE,A8,CastellaBot
3252,BLACK,E1,Human
3253,WHITE,D1,CastellaBot
3254,WHITE,F1,CastellaBot
3255,BLACK,E7,Human
3256,WHITE,E8,CastellaBot
3257,BLACK,G2,Human
3258,WHITE,G3,CastellaBot
3259,BLACK,G4,Human
3260,WHITE,G3,CastellaBot
3261,BLACK,G6,Human
3262,WHITE,G4,CastellaBot
3263,WHITE,G2,CastellaBot
3264,BLACK,B2,Human
3265,WHITE,A1,CastellaBot
3266,WHITE,B1,CastellaBot
3267,WHITE,C1,CastellaBot
3268,WHITE,D1,CastellaBot
3269,WHITE,E1,CastellaBot
3270,WHITE,F1,CastellaBot
3271,WHITE,F2,CastellaBot
3272,BLACK,B3,Human
3273,WHITE,A2,CastellaBot
3274,WHITE,A3,CastellaBot
3275,WHITE,A4,CastellaBot
3276,WHITE,B2,CastellaBot
3277,WHITE,C1,CastellaBot
3278,WHITE,D1,CastellaBot
3279,WHITE,E1,CastellaBot
3280,WHITE,F1,CastellaBot
3281,WHITE,F2,CastellaBot
3282,BLACK,B4,Human
3283,WHITE,A3,CastellaBot
3284,WHITE,A4,CastellaBot
3285,WHITE,B2,CastellaBot
3286,WHITE,B3,CastellaBot
3287,WHITE,C1,CastellaBot
3288,WHITE,D1,CastellaBot
3289,WHITE,E1,CastellaBot
3290,WHITE,F1,CastellaBot
3291,WHITE,F2,CastellaBot
3292,BLACK,B5,Human
3293,WHITE,A4,CastellaBot
3294,WHITE,A5,CastellaBot
3295,WHITE,B3,CastellaBot
3296,WHITE,B4,CastellaBot
3297,WHITE,C1,CastellaBot
3298,WHITE,D1,CastellaBot
3299,WHITE,E1,CastellaBot
3300,WHITE,F2,CastellaBot
3301,BLACK,B6,Human
3302,WHITE,A6,CastellaBot
3303,WHITE,B4,CastellaBot
3304,WHITE,B5,CastellaBot
3305,WHITE,C1,CastellaBot
3306,BLACK,E7,Human
3307,WHITE,C1,CastellaBot
3308,WHITE,D1,CastellaBot
3309,WHITE,E1,CastellaBot
3310,WHITE,F1,CastellaBot
3311,WHITE,F2,CastellaBot
3312,WHITE,F7,CastellaBot
3313,WHITE,F8,CastellaBot
3314,BLACK,G3,Human
3315,WHITE,C1,CastellaBot
3316,BLACK,G4,Human
3317,WHITE,C1,CastellaBot
3318,BLACK,G5,Human
3319,WHITE,D1,CastellaBot
3320,WHITE,G3,CastellaBot
3321,BLACK,B1,Human
3322,WHITE,C1,CastellaBot
3323,WHITE,D1,CastellaBot
3324,WHITE,E1,CastellaBot
3325,WHITE,F1,CastellaBot
3326,BLACK,B2,Human
3327,WHITE,A1,CastellaBot
3328,BLACK,B4,Human
3329,WHITE,A3,CastellaBot
3330,WHITE,A4,CastellaBot
3331,WHITE,B2,CastellaBot
3332,WHITE,B3,CastellaBot
3333,WHITE,B5,CastellaBot
3334,WHITE,C1,CastellaBot
3335,WHITE,D1,CastellaBot
3336,WHITE,E1,CastellaBot
3337,WHITE,F1,CastellaBot
3338,WHITE,F2,CastellaBot
3339,BLACK,B5,Human
3340,WHITE,A4,CastellaBot
3341,WHITE,A5,CastellaBot
3342,WHITE,B3,CastellaBot
3343,WHITE,B4,CastellaBot
3344,WHITE,C1,CastellaBot
3345,WHITE,D1,CastellaBot
3346,WHITE,E1,CastellaBot
3347,WHITE,F2,CastellaBot
3348,BLACK,B7,Human
3349,WHITE,A8,CastellaBot
3350,BLACK,E7,Human
3351,WHITE,C1,CastellaBot
3352,WHITE,D1,CastellaBot
3353,WHITE,E1,CastellaBot
3354,WHITE,E8,CastellaBot
3355,BLACK,G2,Human
3356,WHITE,C1,CastellaBot
3357,BLACK,G4,Human
3358,WHITE,C1,CastellaBot
3359,WHITE,D1,CastellaBot
3360,WHITE,E1,CastellaBot
3361,WHITE,F1,CastellaBot
3362,WHITE,F2,CastellaBot
3363,BLACK,G5,Human
3364,WHITE,D1,CastellaBot
3365,WHITE,E1,CastellaBot
3366,BLACK,G6,Human
3367,WHITE,C1,CastellaBot
3368,WHITE,G3,CastellaBot
3369,BLACK,B1,Human
3370,WHITE,C1,CastellaBot
3371,BLACK,B2,Human
3372,WHITE,A1,CastellaBot
3373,WHITE,A3,CastellaBot
3374,WHITE,D1,CastellaBot
3375,WHITE,E1,CastellaBot
3376,WHITE,F1,CastellaBot
3377,BLACK,B3,Human
3378,WHITE,A1,CastellaBot
3379,WHITE,A2,CastellaBot
3380,WHITE,A3,CastellaBot
3381,BLACK,B4,Human
3382,WHITE,A1,CastellaBot
3383,WHITE,A3,CastellaBot
3384,WHITE,A4,CastellaBot
3385,WHITE,A5,CastellaBot
3386,WHITE,B3,CastellaBot
3387,WHITE,D1,CastellaBot
3388,WHITE,E1,CastellaBot
3389,WHITE,F2,CastellaBot
3390,BLACK,B5,Human
3391,WHITE,A1,CastellaBot
3392,BLACK,B7,Human
3393,WHITE,A1,CastellaBot
3394,BLACK,D1,Human
3395,WHITE,E1,CastellaBot
3396,WHITE,F1,CastellaBot
3397,WHITE,F2,CastellaBot
3398,BLACK,E7,Human
3399,WHITE,A1,CastellaBot
3400,BLACK,G2,Human
3401,WHITE,A1,CastellaBot
3402,BLACK,G4,Human
3403,WHITE,A1,CastellaBot
3404,BLACK,G6,Human
3405,WHITE,A1,CastellaBot
3406,BLACK,H3,Human
3407,WHITE,A1,CastellaBot
3408,WHITE,D1,CastellaBot
3409,BLACK,B4,Human
3410,WHITE,A3,CastellaBot
3411,WHITE,A4,CastellaBot
3412,WHITE,A5,CastellaBot
3413,WHITE,B2,CastellaBot
3414,WHITE,B3,CastellaBot
3415,WHITE,B5,CastellaBot
3416,WHITE,C1,CastellaBot
3417,BLACK,B7,Human
3418,WHITE,A8,CastellaBot
3419,BLACK,C7,Human
3420,WHITE,B2,CastellaBot
3421,WHITE,B3,CastellaBot
3422,WHITE,B4,CastellaBot
3423,WHITE,B5,CastellaBot
3424,WHITE,B6,CastellaBot
3425,WHITE,B7,CastellaBot
3426,WHITE,B8,CastellaBot
3427,BLACK,E1,Human
3428,WHITE,B2,CastellaBot
3429,WHITE,B3,CastellaBot
3430,WHITE,C1,CastellaBot
3431,WHITE,F1,CastellaBot
3432,BLACK,E7,Human
3433,WHITE,B2,CastellaBot
3434,WHITE,B3,CastellaBot
3435,WHITE,C1,CastellaBot
3436,WHITE,E8,CastellaBot
3437,BLACK,F2,Human
3438,WHITE,B3,CastellaBot
3439,BLACK,G2,Human
3440,WHITE,B2,CastellaBot
3441,WHITE,B3,CastellaBot
3442,BLACK,G4,Human
3443,WHITE,B2,CastellaBot
3444,WHITE,B3,CastellaBot
3445,WHITE,C1,CastellaBot
3446,BLACK,G6,Human
3447,WHITE,B2,CastellaBot
3448,WHITE,B3,CastellaBot
3449,WHITE,E1,CastellaBot
3450,BLACK,B3,Human
3451,WHITE,A2,CastellaBot
3452,WHITE,A3,CastellaBot
3453,WHITE,B2,CastellaBot
3454,WHITE,B4,CastellaBot
3455,WHITE,C1,CastellaBot
3456,BLACK,B4,Human
3457,WHITE,A3,CastellaBot
3458,WHITE,A4,CastellaBot
3459,WHITE,A5,CastellaBot
3460,WHITE,B2,CastellaBot
3461,WHITE,B3,CastellaBot
3462,WHITE,B5,CastellaBot
3463,WHITE,C1,CastellaBot
3464,BLACK,B5,Human
3465,WHITE,A4,CastellaBot
3466,WHITE,A5,CastellaBot
3467,WHITE,A6,CastellaBot
3468,BLACK,B7,Human
3469,WHITE,A8,CastellaBot
3470,BLACK,C7,Human
3471,WHITE,B2,CastellaBot
3472,WHITE,B3,CastellaBot
3473,WHITE,B4,CastellaBot
3474,WHITE,B5,CastellaBot
3475,WHITE,B6,CastellaBot
3476,WHITE,B7,CastellaBot
3477,WHITE,B8,CastellaBot
3478,BLACK,D1,Human
3479,WHITE,B2,CastellaBot
3480,WHITE,C1,CastellaBot
3481,BLACK,E7,Human
3482,WHITE,B2,CastellaBot
3483,WHITE,C1,CastellaBot
3484,WHITE,E8,CastellaBot
3485,BLACK,F1,Human
3486,WHITE,B2,CastellaBot
3487,WHITE,C1,CastellaBot
3488,WHITE,D1,CastellaBot
3489,WHITE,F2,CastellaBot
3490,WHITE,G1,CastellaBot
3491,BLACK,F2,Human
3492,WHITE,C1,CastellaBot
3493,BLACK,G2,Human
3494,WHITE,B2,CastellaBot
3495,WHITE,C1,CastellaBot
3496,BLACK,G4,Human
3497,WHITE,B2,CastellaBot
3498,WHITE,C1,CastellaBot
3499,WHITE,G5,CastellaBot
3500,WHITE,H3,CastellaBot
3501,WHITE,H4,CastellaBot
3502,BLACK,G6,Human
3503,WHITE,B2,CastellaBot
3504,WHITE,C1,CastellaBot
3505,WHITE,G4,CastellaBot
3506,WHITE,G5,CastellaBot
3507,WHITE,H6,CastellaBot
3508,BLACK,H3,Human
3509,WHITE,B2,CastellaBot
3510,WHITE,C1,CastellaBot
3511,WHITE,F2,CastellaBot
3512,WHITE,G2,CastellaBot
3513,WHITE,G4,CastellaBot
3514,WHITE,H2,CastellaBot
3515,WHITE,F1,CastellaBot
3516,BLACK,B4,Human
3517,WHITE,A3,CastellaBot
3518,WHITE,A4,CastellaBot
3519,WHITE,B2,CastellaBot
3520,WHITE,B3,CastellaBot
3521,WHITE,B5,CastellaBot
3522,WHITE,C1,CastellaBot
3523,WHITE,D1,CastellaBot
3524,BLACK,B7,Human
3525,WHITE,A8,CastellaBot
3526,BLACK,C7,Human
3527,WHITE,B2,CastellaBot
3528,WHITE,B3,CastellaBot
3529,WHITE,B4,CastellaBot
3530,WHITE,B5,CastellaBot
3531,WHITE,B6,CastellaBot
3532,WHITE,B7,CastellaBot
3533,WHITE,B8,CastellaBot
3534,WHITE,C1,CastellaBot
3535,WHITE,D1,CastellaBot
3536,BLACK,E1,Human
3537,WHITE,C1,CastellaBot
3538,BLACK,E7,Human
3539,WHITE,B2,CastellaBot
3540,WHITE,C1,CastellaBot
3541,BLACK,F2,Human
3542,WHITE,C1,CastellaBot
3543,BLACK,G2,Human
3544,WHITE,B2,CastellaBot
3545,BLACK,G4,Human
3546,WHITE,B2,CastellaBot
3547,WHITE,C1,CastellaBot
3548,BLACK,G5,Human
3549,WHITE,B2,CastellaBot
3550,WHITE,C1,CastellaBot
3551,BLACK,G6,Human
3552,WHITE,B2,CastellaBot
3553,WHITE,C1,CastellaBot
3554,WHITE,D1,CastellaBot
3555,BLACK,E1,Human
3556,WHITE,B2,CastellaBot
3557,BLACK,A2,Human
3558,WHITE,A1,CastellaBot
3559,WHITE,B3,CastellaBot
3560,WHITE,C1,CastellaBot
3561,WHITE,F1,CastellaBot
3562,WHITE,F2,CastellaBot
3563,BLACK,B3,Human
3564,WHITE,A1,CastellaBot
3565,WHITE,A2,CastellaBot
3566,WHITE,A3,CastellaBot
3567,WHITE,A4,CastellaBot
3568,WHITE,B4,CastellaBot
3569,WHITE,F1,CastellaBot
3570,WHITE,F2,CastellaBot
3571,BLACK,B4,Human
3572,WHITE,A3,CastellaBot
3573,WHITE,A4,CastellaBot
3574,WHITE,B3,CastellaBot
3575,WHITE,B5,CastellaBot
3576,WHITE,C1,CastellaBot
3577,WHITE,F1,CastellaBot
3578,WHITE,F2,CastellaBot
3579,BLACK,B5,Human
3580,WHITE,A4,CastellaBot
3581,WHITE,A5,CastellaBot
3582,WHITE,B3,CastellaBot
3583,WHITE,B4,CastellaBot
3584,WHITE,F1,CastellaBot
3585,BLACK,B6,Human
3586,WHITE,A6,CastellaBot
3587,WHITE,B4,CastellaBot
3588,WHITE,B5,CastellaBot
3589,BLACK,B7,Human
3590,WHITE,A8,CastellaBot
3591,BLACK,C1,Human
3592,WHITE,F1,CastellaBot
3593,WHITE,F2,CastellaBot
3594,BLACK,E7,Human
3595,WHITE,F1,CastellaBot
3596,BLACK,G2,Human
3597,WHITE,F1,CastellaBot
3598,BLACK,G4,Human
3599,WHITE,F1,CastellaBot
3600,BLACK,G5,Human
3601,WHITE,F1,CastellaBot
3602,BLACK,G6,Human
3603,WHITE,F1,CastellaBot
3604,BLACK,H3,Human
3605,WHITE,F1,CastellaBot
3606,WHITE,B3,CastellaBot
3607,BLACK,A3,Human
3608,WHITE,A2,CastellaBot
3609,WHITE,A4,CastellaBot
3610,WHITE,B2,CastellaBot
3611,WHITE,B4,CastellaBot
3612,WHITE,F1,CastellaBot
3613,WHITE,F2,CastellaBot
3614,BLACK,B2,Human
3615,WHITE,A1,CastellaBot
3616,BLACK,B4,Human
3617,WHITE,A3,CastellaBot
3618,WHITE,A4,CastellaBot
3619,WHITE,B2,CastellaBot
3620,WHITE,B5,CastellaBot
3621,WHITE,C1,CastellaBot
3622,WHITE,F1,CastellaBot
3623,WHITE,F2,CastellaBot
3624,BLACK,B5,Human
3625,WHITE,A4,CastellaBot
3626,WHITE,A5,CastellaBot
3627,WHITE,B4,CastellaBot
3628,WHITE,F1,CastellaBot
3629,BLACK,B6,Human
3630,WHITE,A6,CastellaBot
3631,WHITE,B4,CastellaBot
3632,WHITE,B5,CastellaBot
3633,BLACK,B7,Human
3634,WHITE,A8,CastellaBot
3635,BLACK,C1,Human
3636,WHITE,F1,CastellaBot
3637,WHITE,F2,CastellaBot
3638,BLACK,E7,Human
3639,WHITE,F1,CastellaBot
3640,BLACK,G2,Human
3641,WHITE,F1,CastellaBot
3642,BLACK,G4,Human
3643,WHITE,F1,CastellaBot
3644,BLACK,G5,Human
3645,WHITE,F1,CastellaBot
3646,BLACK,G6,Human
3647,WHITE,F1,CastellaBot
3648,BLACK,H3,Human
3649,WHITE,F1,CastellaBot
3650,WHITE,C1,CastellaBot
3651,BLACK,B2,Human
3652,WHITE,A1,CastellaBot
3653,WHITE,A3,CastellaBot
3654,WHITE,B3,CastellaBot
3655,WHITE,F1,CastellaBot
3656,WHITE,F2,CastellaBot
3657,BLACK,B3,Human
3658,WHITE,A1,CastellaBot
3659,WHITE,A2,CastellaBot
3660,WHITE,A3,CastellaBot
3661,BLACK,B4,Human
3662,WHITE,A1,CastellaBot
3663,WHITE,A3,CastellaBot
3664,WHITE,A4,CastellaBot
3665,WHITE,B2,CastellaBot
3666,WHITE,B3,CastellaBot
3667,WHITE,B5,CastellaBot
3668,WHITE,F1,CastellaBot
3669,WHITE,F2,CastellaBot
3670,BLACK,B5,Human
3671,WHITE,A1,CastellaBot
3672,BLACK,B6,Human
3673,WHITE,A1,CastellaBot
3674,BLACK,B7,Human
3675,WHITE,A1,CastellaBot
3676,BLACK,E7,Human
3677,WHITE,A1,CastellaBot
3678,BLACK,G2,Human
3679,WHITE,A1,CastellaBot
3680,BLACK,G4,Human
3681,WHITE,A1,CastellaBot
3682,BLACK,G5,Human
3683,WHITE,A1,CastellaBot
3684,BLACK,G6,Human
3685,WHITE,A1,CastellaBot
3686,BLACK,H3,Human
3687,WHITE,A1,CastellaBot
3688,WHITE,F1,CastellaBot
3689,BLACK,B3,Human
3690,WHITE,A2,CastellaBot
3691,WHITE,A3,CastellaBot
3692,WHITE,A4,CastellaBot
3693,WHITE,B2,CastellaBot
3694,WHITE,B4,CastellaBot
3695,WHITE,C1,CastellaBot
3696,WHITE,F2,CastellaBot
3697,BLACK,B4,Human
3698,WHITE,A3,CastellaBot
3699,WHITE,A4,CastellaBot
3700,WHITE,A5,CastellaBot
3701,WHITE,B2,CastellaBot
3702,WHITE,B3,CastellaBot
3703,WHITE,B5,CastellaBot
3704,WHITE,C1,CastellaBot
3705,WHITE,F2,CastellaBot
3706,BLACK,B6,Human
3707,WHITE,A6,CastellaBot
3708,WHITE,B2,CastellaBot
3709,WHITE,B3,CastellaBot
3710,WHITE,B4,CastellaBot
3711,WHITE,B5,CastellaBot
3712,WHITE,C1,CastellaBot
3713,BLACK,B7,Human
3714,WHITE,A8,CastellaBot
3715,BLACK,C1,Human
3716,WHITE,A1,CastellaBot
3717,BLACK,C7,Human
3718,WHITE,B2,CastellaBot
3719,WHITE,B3,CastellaBot
3720,WHITE,B4,CastellaBot
3721,WHITE,B5,CastellaBot
3722,WHITE,B6,CastellaBot
3723,WHITE,B7,CastellaBot
3724,WHITE,B8,CastellaBot
3725,WHITE,F2,CastellaBot
3726,BLACK,E7,Human
3727,WHITE,B2,CastellaBot
3728,WHITE,B3,CastellaBot
3729,WHITE,C1,CastellaBot
3730,BLACK,F2,Human
3731,WHITE,B3,CastellaBot
3732,BLACK,G2,Human
3733,WHITE,B2,CastellaBot
3734,BLACK,G4,Human
3735,WHITE,B2,CastellaBot
3736,WHITE,B3,CastellaBot
3737,BLACK,G5,Human
3738,WHITE,B2,CastellaBot
3739,WHITE,B3,CastellaBot
3740,BLACK,G6,Human
3741,WHITE,B2,CastellaBot
3742,WHITE,B3,CastellaBot
3743,BLACK,H3,Human
3744,WHITE,B2,CastellaBot
3745,WHITE,B3,CastellaBot
3746,WHITE,C1,CastellaBot
3747,WHITE,F2,CastellaBot
3748,WHITE,F2,CastellaBot
3749,BLACK,B4,Human
3750,WHITE,A3,CastellaBot
3751,WHITE,A4,CastellaBot
3752,WHITE,B2,CastellaBot
3753,WHITE,B3,CastellaBot
3754,WHITE,B5,CastellaBot
3755,WHITE,C1,CastellaBot
3756,WHITE,F1,CastellaBot
3757,BLACK,B7,Human
3758,WHITE,A8,CastellaBot
3759,BLACK,C1,Human
3760,WHITE,B2,CastellaBot
3761,BLACK,C7,Human
3762,WHITE,B2,CastellaBot
3763,WHITE,B3,CastellaBot
3764,BLACK,E7,Human
3765,WHITE,B2,CastellaBot
3766,BLACK,G2,Human
3767,WHITE,B3,CastellaBot
3768,BLACK,G4,Human
3769,WHITE,B2,CastellaBot
3770,BLACK,G6,Human
3771,WHITE,B2,CastellaBot
3772,BLACK,H4,Human
3773,WHITE,B2,CastellaBot
3774,WHITE,C1,CastellaBot
3775,BLACK,H3,Human
3776,WHITE,A1,CastellaBot
3777,BLACK,B2,Human
3778,WHITE,A3,CastellaBot
3779,WHITE,B3,CastellaBot
3780,WHITE,F1,CastellaBot
3781,WHITE,F2,CastellaBot
3782,WHITE,G2,CastellaBot
3783,WHITE,G4,CastellaBot
3784,WHITE,H2,CastellaBot
3785,BLACK,B3,Human
3786,WHITE,A2,CastellaBot
3787,WHITE,A4,CastellaBot
3788,WHITE,B2,CastellaBot
3789,WHITE,B4,CastellaBot
3790,WHITE,F1,CastellaBot
3791,WHITE,F2,CastellaBot
3792,WHITE,G2,CastellaBot
3793,WHITE,G4,CastellaBot
3794,WHITE,H2,CastellaBot
3795,BLACK,B4,Human
3796,WHITE,A3,CastellaBot
3797,WHITE,A4,CastellaBot
3798,WHITE,B2,CastellaBot
3799,WHITE,B3,CastellaBot
3800,WHITE,B5,CastellaBot
3801,WHITE,F1,CastellaBot
3802,WHITE,F2,CastellaBot
3803,BLACK,B5,Human
3804,WHITE,A4,CastellaBot
3805,WHITE,A5,CastellaBot
3806,WHITE,B3,CastellaBot
3807,WHITE,B4,CastellaBot
3808,WHITE,F1,CastellaBot
3809,WHITE,F2,CastellaBot
3810,BLACK,B6,Human
3811,WHITE,A6,CastellaBot
3812,WHITE,B4,CastellaBot
3813,WHITE,B5,CastellaBot
3814,WHITE,F1,CastellaBot
3815,WHITE,F2,CastellaBot
3816,WHITE,G2,CastellaBot
3817,WHITE,G4,CastellaBot
3818,WHITE,H2,CastellaBot
3819,BLACK,B7,Human
3820,WHITE,B5,CastellaBot
3821,WHITE,B6,CastellaBot
3822,WHITE,C7,CastellaBot
3823,WHITE,F1,CastellaBot
3824,BLACK,C7,Human
3825,WHITE,B6,CastellaBot
3826,WHITE,B7,CastellaBot
3827,WHITE,C8,CastellaBot
3828,WHITE,E7,CastellaBot
3829,WHITE,F1,CastellaBot
3830,WHITE,F2,CastellaBot
3831,BLACK,E7,Human
3832,WHITE,F1,CastellaBot
3833,WHITE,F2,CastellaBot
3834,BLACK,F7,Human
3835,WHITE,F1,CastellaBot
3836,WHITE,F2,CastellaBot
3837,WHITE,G2,CastellaBot
3838,WHITE,G4,CastellaBot
3839,BLACK,G4,Human
3840,WHITE,F1,CastellaBot
3841,BLACK,G5,Human
3842,WHITE,F1,CastellaBot
3843,BLACK,G6,Human
3844,WHITE,F1,CastellaBot
3845,WHITE,F1,CastellaBot
3846,BLACK,B3,Human
3847,WHITE,A1,CastellaBot
3848,WHITE,A2,CastellaBot
3849,WHITE,A4,CastellaBot
3850,WHITE,B2,CastellaBot
3851,WHITE,B4,CastellaBot
3852,WHITE,F2,CastellaBot
3853,WHITE,G2,CastellaBot
3854,WHITE,G4,CastellaBot
3855,WHITE,H2,CastellaBot
3856,BLACK,B4,Human
3857,WHITE,A1,CastellaBot
3858,BLACK,B6,Human
3859,WHITE,A1,CastellaBot
3860,BLACK,B7,Human
3861,WHITE,A1,CastellaBot
3862,BLACK,C7,Human
3863,WHITE,A1,CastellaBot
3864,BLACK,E7,Human
3865,WHITE,A1,CastellaBot
3866,BLACK,F7,Human
3867,WHITE,A1,CastellaBot
3868,WHITE,F2,CastellaBot
3869,WHITE,G2,CastellaBot
3870,WHITE,G4,CastellaBot
3871,WHITE,G5,CastellaBot
3872,WHITE,G6,CastellaBot
3873,WHITE,G7,CastellaBot
3874,WHITE,G8,CastellaBot
3875,WHITE,H2,CastellaBot
3876,BLACK,G1,Human
3877,WHITE,F2,CastellaBot
3878,WHITE,G2,CastellaBot
3879,WHITE,G4,CastellaBot
3880,WHITE,H2,CastellaBot
3881,BLACK,G4,Human
3882,WHITE,A1,CastellaBot
3883,BLACK,G5,Human
3884,WHITE,A1,CastellaBot
3885,BLACK,G6,Human
3886,WHITE,A1,CastellaBot
3887,WHITE,F2,CastellaBot
3888,BLACK,B3,Human
3889,WHITE,A1,CastellaBot
3890,WHITE,A2,CastellaBot
3891,WHITE,A4,CastellaBot
3892,WHITE,B2,CastellaBot
3893,WHITE,B4,CastellaBot
3894,WHITE,F1,CastellaBot
3895,WHITE,G2,CastellaBot
3896,WHITE,G4,CastellaBot
3897,WHITE,H2,CastellaBot
3898,WHITE,H4,CastellaBot
3899,BLACK,B4,Human
3900,WHITE,A1,CastellaBot
3901,BLACK,B7,Human
3902,WHITE,A1,CastellaBot
3903,BLACK,C7,Human
3904,WHITE,A1,CastellaBot
3905,BLACK,E7,Human
3906,WHITE,A1,CastellaBot
3907,BLACK,G2,Human
3908,WHITE,A1,CastellaBot
3909,BLACK,G4,Human
3910,WHITE,A1,CastellaBot
3911,BLACK,G6,Human
3912,WHITE,A1,CastellaBot
3913,WHITE,G2,CastellaBot
3914,BLACK,B2,Human
3915,WHITE,A1,CastellaBot
3916,WHITE,A3,CastellaBot
3917,WHITE,B3,CastellaBot
3918,WHITE,F1,CastellaBot
3919,WHITE,F2,CastellaBot
3920,WHITE,G4,CastellaBot
3921,WHITE,H2,CastellaBot
3922,BLACK,B3,Human
3923,WHITE,A1,CastellaBot
3924,WHITE,A2,CastellaBot
3925,WHITE,A3,CastellaBot
3926,WHITE,A4,CastellaBot
3927,WHITE,B2,CastellaBot
3928,WHITE,B4,CastellaBot
3929,WHITE,F1,CastellaBot
3930,WHITE,F2,CastellaBot
3931,WHITE,G4,CastellaBot
3932,WHITE,H2,CastellaBot
3933,BLACK,B4,Human
3934,WHITE,A1,CastellaBot
3935,WHITE,A3,CastellaBot
3936,WHITE,A4,CastellaBot
3937,WHITE,B2,CastellaBot
3938,WHITE,B3,CastellaBot
3939,WHITE,F1,CastellaBot
3940,WHITE,F2,CastellaBot
3941,WHITE,G4,CastellaBot
3942,WHITE,H2,CastellaBot
3943,BLACK,B5,Human
3944,WHITE,A1,CastellaBot
3945,WHITE,A4,CastellaBot
3946,WHITE,A5,CastellaBot
3947,WHITE,B3,CastellaBot
3948,WHITE,B4,CastellaBot
3949,WHITE,F1,CastellaBot
3950,WHITE,F2,CastellaBot
3951,WHITE,G4,CastellaBot
3952,WHITE,H2,CastellaBot
3953,BLACK,B6,Human
3954,WHITE,A1,CastellaBot
3955,BLACK,C7,Human
3956,WHITE,A1,CastellaBot
3957,WHITE,B6,CastellaBot
3958,WHITE,B7,CastellaBot
3959,WHITE,C8,CastellaBot
3960,WHITE,E7,CastellaBot
3961,WHITE,F1,CastellaBot
3962,WHITE,F2,CastellaBot
3963,WHITE,G4,CastellaBot
3964,WHITE,G5,CastellaBot
3965,BLACK,E7,Human
3966,WHITE,A1,CastellaBot
3967,WHITE,F1,CastellaBot
3968,WHITE,F2,CastellaBot
3969,WHITE,F7,CastellaBot
3970,WHITE,F8,CastellaBot
3971,WHITE,G4,CastellaBot
3972,WHITE,H2,CastellaBot
3973,BLACK,F1,Human
3974,WHITE,A1,CastellaBot
3975,BLACK,G1,Human
3976,WHITE,A1,CastellaBot
3977,BLACK,G4,Human
3978,WHITE,A1,CastellaBot
3979,BLACK,G5,Human
3980,WHITE,A1,CastellaBot
3981,BLACK,G6,Human
3982,WHITE,A1,CastellaBot
3983,WHITE,B2,CastellaBot
3984,WHITE,B3,CastellaBot
3985,WHITE,F1,CastellaBot
3986,WHITE,F2,CastellaBot
3987,WHITE,G4,CastellaBot
3988,WHITE,G5,CastellaBot
3989,WHITE,H2,CastellaBot
3990,WHITE,H6,CastellaBot
3991,WHITE,G4,CastellaBot
3992,BLACK,B3,Human
3993,WHITE,A1,CastellaBot
3994,WHITE,A2,CastellaBot
3995,WHITE,A3,CastellaBot
3996,WHITE,A4,CastellaBot
3997,WHITE,B2,CastellaBot
3998,WHITE,B4,CastellaBot
3999,WHITE,F1,CastellaBot
4000,WHITE,F2,CastellaBot
4001,WHITE,G2,CastellaBot
4002,WHITE,H2,CastellaBot
4003,BLACK,B4,Human
4004,WHITE,A1,CastellaBot
4005,WHITE,A3,CastellaBot
4006,WHITE,A4,CastellaBot
4007,WHITE,B2,CastellaBot
4008,WHITE,B3,CastellaBot
4009,WHITE,B5,CastellaBot
4010,WHITE,F1,CastellaBot
4011,WHITE,F2,CastellaBot
4012,WHITE,G2,CastellaBot
4013,WHITE,H2,CastellaBot
4014,BLACK,B6,Human
4015,WHITE,A1,CastellaBot
4016,BLACK,B7,Human
4017,WHITE,A1,CastellaBot
4018,BLACK,C7,Human
4019,WHITE,A1,CastellaBot
4020,BLACK,C8,Human
4021,WHITE,A1,CastellaBot
4022,BLACK,E7,Human
4023,WHITE,A1,CastellaBot
4024,BLACK,G2,Human
4025,WHITE,A1,CastellaBot
4026,BLACK,G5,Human
4027,WHITE,A1,CastellaBot
4028,BLACK,G6,Human
4029,WHITE,A1,CastellaBot
4030,BLACK,H4,Human
4031,WHITE,A1,CastellaBot
4032,WHITE,H2,CastellaBot
4033,BLACK,B2,Human
4034,WHITE,A1,CastellaBot
4035,WHITE,A3,CastellaBot
4036,WHITE,B3,CastellaBot
4037,WHITE,F1,CastellaBot
4038,WHITE,F2,CastellaBot
4039,WHITE,G2,CastellaBot
4040,WHITE,G4,CastellaBot
4041,WHITE,H4,CastellaBot
4042,BLACK,B3,Human
4043,WHITE,A1,CastellaBot
4044,WHITE,A2,CastellaBot
4045,WHITE,A3,CastellaBot
4046,BLACK,B4,Human
4047,WHITE,A1,CastellaBot
4048,WHITE,A3,CastellaBot
4049,WHITE,A4,CastellaBot
4050,WHITE,B2,CastellaBot
4051,WHITE,B3,CastellaBot
4052,WHITE,B5,CastellaBot
4053,WHITE,F1,CastellaBot
4054,WHITE,F2,CastellaBot
4055,WHITE,G2,CastellaBot
4056,WHITE,G4,CastellaBot
4057,WHITE,H4,CastellaBot
4058,BLACK,B5,Human
4059,WHITE,A1,CastellaBot
4060,BLACK,B6,Human
4061,WHITE,A1,CastellaBot
4062,BLACK,B7,Human
4063,WHITE,A1,CastellaBot
4064,BLACK,E7,Human
4065,WHITE,A1,CastellaBot
4066,BLACK,F7,Human
4067,WHITE,A1,CastellaBot
4068,WHITE,F1,CastellaBot
4069,WHITE,F2,CastellaBot
4070,WHITE,G2,CastellaBot
4071,WHITE,G4,CastellaBot
4072,BLACK,G4,Human
4073,WHITE,A1,CastellaBot
4074,BLACK,G5,Human
4075,WHITE,A1,CastellaBot
4076,BLACK,G6,Human
4077,WHITE,A1,CastellaBot
4078,BLACK,H1,Human
4079,WHITE,A1,CastellaBot
4080,WHITE,F1,CastellaBot
4081,WHITE,F2,CastellaBot
4082,WHITE,G2,CastellaBot
4083,WHITE,G4,CastellaBot
4084,WHITE,A1,CastellaBot
4085,BLACK,E7,Human
4086,WHITE,F1,CastellaBot
4087,BLACK,B2,Human
4088,WHITE,A2,CastellaBot
4089,WHITE,A3,CastellaBot
4090,WHITE,B3,CastellaBot
4091,WHITE,B4,CastellaBot
4092,WHITE,E8,CastellaBot
4093,WHITE,F2,CastellaBot
4094,WHITE,F7,CastellaBot
4095,WHITE,F8,CastellaBot
4096,WHITE,G2,CastellaBot
4097,WHITE,G4,CastellaBot
4098,WHITE,H2,CastellaBot
4099,BLACK,B3,Human
4100,WHITE,A4,CastellaBot
4101,WHITE,B2,CastellaBot
4102,WHITE,B4,CastellaBot
4103,WHITE,B5,CastellaBot
4104,WHITE,E8,CastellaBot
4105,WHITE,F2,CastellaBot
4106,WHITE,F7,CastellaBot
4107,WHITE,F8,CastellaBot
4108,WHITE,G2,CastellaBot
4109,WHITE,G4,CastellaBot
4110,WHITE,H2,CastellaBot
4111,BLACK,B4,Human
4112,WHITE,A4,CastellaBot
4113,WHITE,A5,CastellaBot
4114,WHITE,B3,CastellaBot
4115,WHITE,B5,CastellaBot
4116,WHITE,C7,CastellaBot
4117,WHITE,E8,CastellaBot
4118,BLACK,B5,Human
4119,WHITE,A4,CastellaBot
4120,WHITE,A5,CastellaBot
4121,BLACK,B6,Human
4122,WHITE,A6,CastellaBot
4123,BLACK,B7,Human
4124,WHITE,B5,CastellaBot
4125,WHITE,B6,CastellaBot
4126,WHITE,C7,CastellaBot
4127,BLACK,C7,Human
4128,WHITE,B6,CastellaBot
4129,WHITE,B8,CastellaBot
4130,BLACK,C8,Human
4131,WHITE,B8,CastellaBot
4132,WHITE,E8,CastellaBot
4133,BLACK,F7,Human
4134,WHITE,E8,CastellaBot
4135,BLACK,G4,Human
4136,WHITE,E8,CastellaBot
4137,BLACK,G5,Human
4138,WHITE,E8,CastellaBot
4139,BLACK,G6,Human
4140,WHITE,E8,CastellaBot
4141,BLACK,G7,Human
4142,WHITE,E8,CastellaBot
4143,WHITE,F2,CastellaBot
4144,BLACK,B2,Human
4145,WHITE,A2,CastellaBot
4146,WHITE,A3,CastellaBot
4147,WHITE,B3,CastellaBot
4148,WHITE,B4,CastellaBot
4149,WHITE,E8,CastellaBot
4150,WHITE,F1,CastellaBot
4151,WHITE,F7,CastellaBot
4152,WHITE,F8,CastellaBot
4153,WHITE,H2,CastellaBot
4154,WHITE,H4,CastellaBot
4155,BLACK,B3,Human
4156,WHITE,A4,CastellaBot
4157,WHITE,B2,CastellaBot
4158,WHITE,B4,CastellaBot
4159,WHITE,B5,CastellaBot
4160,WHITE,E8,CastellaBot
4161,WHITE,F1,CastellaBot
4162,WHITE,F7,CastellaBot
4163,WHITE,F8,CastellaBot
4164,WHITE,G2,CastellaBot
4165,WHITE,G4,CastellaBot
4166,WHITE,H2,CastellaBot
4167,WHITE,H4,CastellaBot
4168,BLACK,B4,Human
4169,WHITE,A4,CastellaBot
4170,WHITE,B2,CastellaBot
4171,WHITE,B3,CastellaBot
4172,WHITE,B5,CastellaBot
4173,WHITE,B6,CastellaBot
4174,WHITE,C7,CastellaBot
4175,WHITE,E8,CastellaBot
4176,WHITE,F1,CastellaBot
4177,WHITE,F7,CastellaBot
4178,WHITE,H2,CastellaBot
4179,WHITE,H4,CastellaBot
4180,BLACK,B5,Human
4181,WHITE,A4,CastellaBot
4182,BLACK,B6,Human
4183,WHITE,A6,CastellaBot
4184,BLACK,B7,Human
4185,WHITE,A8,CastellaBot
4186,BLACK,C7,Human
4187,WHITE,B6,CastellaBot
4188,BLACK,C8,Human
4189,WHITE,B8,CastellaBot
4190,BLACK,G2,Human
4191,WHITE,E8,CastellaBot
4192,BLACK,G4,Human
4193,WHITE,E8,CastellaBot
4194,BLACK,G5,Human
4195,WHITE,E8,CastellaBot
4196,BLACK,G6,Human
4197,WHITE,E8,CastellaBot
4198,BLACK,G7,Human
4199,WHITE,E8,CastellaBot
4200,WHITE,F7,CastellaBot
4201,BLACK,B2,Human
4202,WHITE,A3,CastellaBot
4203,WHITE,B3,CastellaBot
4204,WHITE,F1,CastellaBot
4205,WHITE,F2,CastellaBot
4206,WHITE,G2,CastellaBot
4207,WHITE,G4,CastellaBot
4208,WHITE,H2,CastellaBot
4209,BLACK,B3,Human
4210,WHITE,A2,CastellaBot
4211,WHITE,A4,CastellaBot
4212,WHITE,B2,CastellaBot
4213,WHITE,B4,CastellaBot
4214,WHITE,F1,CastellaBot
4215,WHITE,F2,CastellaBot
4216,WHITE,G2,CastellaBot
4217,WHITE,G4,CastellaBot
4218,WHITE,H2,CastellaBot
4219,BLACK,B4,Human
4220,WHITE,A3,CastellaBot
4221,WHITE,A4,CastellaBot
4222,WHITE,B2,CastellaBot
4223,WHITE,B3,CastellaBot
4224,WHITE,B5,CastellaBot
4225,WHITE,F1,CastellaBot
4226,WHITE,F2,CastellaBot
4227,WHITE,G2,CastellaBot
4228,WHITE,G4,CastellaBot
4229,WHITE,H2,CastellaBot
4230,BLACK,B5,Human
4231,WHITE,A4,CastellaBot
4232,WHITE,A5,CastellaBot
4233,WHITE,B3,CastellaBot
4234,WHITE,B4,CastellaBot
4235,WHITE,B6,CastellaBot
4236,WHITE,F1,CastellaBot
4237,WHITE,F2,CastellaBot
4238,WHITE,G2,CastellaBot
4239,WHITE,G4,CastellaBot
4240,WHITE,H2,CastellaBot
4241,BLACK,B6,Human
4242,WHITE,A6,CastellaBot
4243,BLACK,B7,Human
4244,WHITE,B5,CastellaBot
4245,BLACK,C7,Human
4246,WHITE,B6,CastellaBot
4247,WHITE,B7,CastellaBot
4248,WHITE,B8,CastellaBot
4249,BLACK,E8,Human
4250,WHITE,F1,CastellaBot
4251,BLACK,F8,Human
4252,WHITE,F1,CastellaBot
4253,WHITE,F2,CastellaBot
4254,WHITE,G2,CastellaBot
4255,WHITE,G4,CastellaBot
4256,BLACK,G4,Human
4257,WHITE,F1,CastellaBot
4258,BLACK,G5,Human
4259,WHITE,F1,CastellaBot
4260,BLACK,G6,Human
4261,WHITE,F1,CastellaBot
4262,BLACK,G7,Human
4263,WHITE,F1,CastellaBot
4264,WHITE,F8,CastellaBot
4265,BLACK,B2,Human
4266,WHITE,A3,CastellaBot
4267,WHITE,B3,CastellaBot
4268,WHITE,F1,CastellaBot
4269,WHITE,F2,CastellaBot
4270,WHITE,F7,CastellaBot
4271,WHITE,G2,CastellaBot
4272,WHITE,G4,CastellaBot
4273,WHITE,H2,CastellaBot
4274,BLACK,B3,Human
4275,WHITE,A4,CastellaBot
4276,WHITE,B2,CastellaBot
4277,WHITE,B4,CastellaBot
4278,WHITE,F1,CastellaBot
4279,WHITE,F2,CastellaBot
4280,WHITE,G2,CastellaBot
4281,WHITE,G4,CastellaBot
4282,WHITE,H2,CastellaBot
4283,BLACK,B4,Human
4284,WHITE,A3,CastellaBot
4285,WHITE,A4,CastellaBot
4286,BLACK,B5,Human
4287,WHITE,A4,CastellaBot
4288,WHITE,A5,CastellaBot
4289,BLACK,B6,Human
4290,WHITE,A6,CastellaBot
4291,BLACK,B7,Human
4292,WHITE,B5,CastellaBot
4293,BLACK,C7,Human
4294,WHITE,B6,CastellaBot
4295,WHITE,B7,CastellaBot
4296,WHITE,B8,CastellaBot
4297,BLACK,C8,Human
4298,WHITE,B8,CastellaBot
4299,BLACK,E8,Human
4300,WHITE,F1,CastellaBot
4301,BLACK,F7,Human
4302,WHITE,F1,CastellaBot
4303,BLACK,G4,Human
4304,WHITE,F1,CastellaBot
4305,BLACK,G5,Human
4306,WHITE,F1,CastellaBot
4307,BLACK,G6,Human
4308,WHITE,F1,CastellaBot
4309,BLACK,G7,Human
4310,WHITE,F1,CastellaBot
4311,WHITE,G2,CastellaBot
4312,BLACK,B2,Human
4313,WHITE,A3,CastellaBot
4314,WHITE,B3,CastellaBot
4315,WHITE,E8,CastellaBot
4316,WHITE,F1,CastellaBot
4317,WHITE,F2,CastellaBot
4318,WHITE,F7,CastellaBot
4319,WHITE,F8,CastellaBot
4320,WHITE,G4,CastellaBot
4321,WHITE,H2,CastellaBot
4322,BLACK,B3,Human
4323,WHITE,A3,CastellaBot
4324,WHITE,A4,CastellaBot
4325,WHITE,B2,CastellaBot
4326,WHITE,B4,CastellaBot
4327,WHITE,E8,CastellaBot
4328,WHITE,F1,CastellaBot
4329,WHITE,F2,CastellaBot
4330,WHITE,F7,CastellaBot
4331,WHITE,F8,CastellaBot
4332,WHITE,G4,CastellaBot
4333,WHITE,H2,CastellaBot
4334,BLACK,B4,Human
4335,WHITE,A4,CastellaBot
4336,WHITE,B2,CastellaBot
4337,WHITE,B3,CastellaBot
4338,WHITE,B5,CastellaBot
4339,WHITE,B6,CastellaBot
4340,WHITE,C7,CastellaBot
4341,WHITE,E8,CastellaBot
4342,WHITE,F1,CastellaBot
4343,WHITE,F2,CastellaBot
4344,WHITE,F7,CastellaBot
4345,WHITE,G4,CastellaBot
4346,WHITE,H2,CastellaBot
4347,BLACK,B5,Human
4348,WHITE,A4,CastellaBot
4349,WHITE,A5,CastellaBot
4350,BLACK,B6,Human
4351,WHITE,A6,CastellaBot
4352,BLACK,C7,Human
4353,WHITE,B6,CastellaBot
4354,WHITE,B8,CastellaBot
4355,BLACK,C8,Human
4356,WHITE,B8,CastellaBot
4357,BLACK,F1,Human
4358,WHITE,E8,CastellaBot
4359,BLACK,G1,Human
4360,WHITE,E8,CastellaBot
4361,BLACK,G4,Human
4362,WHITE,E8,CastellaBot
4363,BLACK,G5,Human
4364,WHITE,E8,CastellaBot
4365,BLACK,G6,Human
4366,WHITE,E8,CastellaBot
4367,BLACK,G7,Human
4368,WHITE,E8,CastellaBot
4369,WHITE,G4,CastellaBot
4370,BLACK,B2,Human
4371,WHITE,A2,CastellaBot
4372,WHITE,A3,CastellaBot
4373,WHITE,B3,CastellaBot
4374,WHITE,B4,CastellaBot
4375,WHITE,E8,CastellaBot
4376,WHITE,F1,CastellaBot
4377,WHITE,F2,CastellaBot
4378,WHITE,F7,CastellaBot
4379,WHITE,F8,CastellaBot
4380,WHITE,G2,CastellaBot
4381,WHITE,H2,CastellaBot
4382,BLACK,B3,Human
4383,WHITE,A3,CastellaBot
4384,WHITE,A4,CastellaBot
4385,WHITE,B2,CastellaBot
4386,WHITE,B4,CastellaBot
4387,WHITE,B5,CastellaBot
4388,WHITE,E8,CastellaBot
4389,WHITE,F1,CastellaBot
4390,WHITE,F2,CastellaBot
4391,WHITE,F7,CastellaBot
4392,WHITE,F8,CastellaBot
4393,WHITE,G2,CastellaBot
4394,WHITE,H2,CastellaBot
4395,BLACK,B4,Human
4396,WHITE,A4,CastellaBot
4397,WHITE,B2,CastellaBot
4398,WHITE,B3,CastellaBot
4399,WHITE,B5,CastellaBot
4400,WHITE,C7,CastellaBot
4401,WHITE,E8,CastellaBot
4402,WHITE,F1,CastellaBot
4403,WHITE,F7,CastellaBot
4404,WHITE,G2,CastellaBot
4405,WHITE,H2,CastellaBot
4406,BLACK,B5,Human
4407,WHITE,A4,CastellaBot
4408,BLACK,B6,Human
4409,WHITE,A6,CastellaBot
4410,BLACK,B7,Human
4411,WHITE,A8,CastellaBot
4412,BLACK,C7,Human
4413,WHITE,B6,CastellaBot
4414,BLACK,C8,Human
4415,WHITE,B8,CastellaBot
4416,BLACK,G2,Human
4417,WHITE,E8,CastellaBot
4418,BLACK,G5,Human
4419,WHITE,E8,CastellaBot
4420,BLACK,G6,Human
4421,WHITE,E8,CastellaBot
4422,BLACK,G7,Human
4423,WHITE,E8,CastellaBot
4424,BLACK,H4,Human
4425,WHITE,E8,CastellaBot
4426,WHITE,H2,CastellaBot
4427,BLACK,B2,Human
4428,WHITE,A3,CastellaBot
4429,WHITE,B3,CastellaBot
4430,WHITE,F1,CastellaBot
4431,WHITE,F2,CastellaBot
4432,WHITE,F7,CastellaBot
4433,WHITE,F8,CastellaBot
4434,WHITE,G2,CastellaBot
4435,WHITE,G4,CastellaBot
4436,WHITE,H4,CastellaBot
4437,BLACK,B3,Human
4438,WHITE,A3,CastellaBot
4439,BLACK,B4,Human
4440,WHITE,A4,CastellaBot
4441,WHITE,B2,CastellaBot
4442,WHITE,B3,CastellaBot
4443,WHITE,B5,CastellaBot
4444,WHITE,C7,CastellaBot
4445,WHITE,F1,CastellaBot
4446,WHITE,F2,CastellaBot
4447,WHITE,F7,CastellaBot
4448,WHITE,G2,CastellaBot
4449,WHITE,G4,CastellaBot
4450,WHITE,H4,CastellaBot
4451,BLACK,B5,Human
4452,WHITE,A4,CastellaBot
4453,WHITE,A5,CastellaBot
4454,BLACK,B6,Human
4455,WHITE,A6,CastellaBot
4456,BLACK,B7,Human
4457,WHITE,B5,CastellaBot
4458,BLACK,C7,Human
4459,WHITE,B6,CastellaBot
4460,BLACK,C8,Human
4461,WHITE,B8,CastellaBot
4462,BLACK,F7,Human
4463,WHITE,F1,CastellaBot
4464,BLACK,G4,Human
4465,WHITE,F1,CastellaBot
4466,BLACK,G5,Human
4467,WHITE,F1,CastellaBot
4468,BLACK,G6,Human
4469,WHITE,F1,CastellaBot
4470,BLACK,G7,Human
4471,WHITE,F1,CastellaBot
4472,BLACK,H1,Human
4473,WHITE,F1,CastellaBot
4474,WHITE,F1,CastellaBot
4475,BLACK,C8,Human
4476,WHITE,B8,CastellaBot
4477,BLACK,B2,Human
4478,WHITE,A2,CastellaBot
4479,WHITE,A3,CastellaBot
4480,WHITE,B3,CastellaBot
4481,WHITE,B4,CastellaBot
4482,WHITE,E8,CastellaBot
4483,WHITE,F2,CastellaBot
4484,WHITE,F7,CastellaBot
4485,WHITE,F8,CastellaBot
4486,WHITE,G2,CastellaBot
4487,WHITE,G4,CastellaBot
4488,WHITE,H2,CastellaBot
4489,BLACK,B3,Human
4490,WHITE,A4,CastellaBot
4491,WHITE,B2,CastellaBot
4492,WHITE,B4,CastellaBot
4493,WHITE,B5,CastellaBot
4494,WHITE,E8,CastellaBot
4495,WHITE,F2,CastellaBot
4496,WHITE,F8,CastellaBot
4497,WHITE,G2,CastellaBot
4498,WHITE,G4,CastellaBot
4499,WHITE,H2,CastellaBot
4500,BLACK,B4,Human
4501,WHITE,A4,CastellaBot
4502,WHITE,A5,CastellaBot
4503,WHITE,B3,CastellaBot
4504,WHITE,B5,CastellaBot
4505,WHITE,C7,CastellaBot
4506,WHITE,E8,CastellaBot
4507,BLACK,B5,Human
4508,WHITE,A5,CastellaBot
4509,WHITE,A6,CastellaBot
4510,WHITE,B4,CastellaBot
4511,WHITE,B6,CastellaBot
4512,WHITE,C7,CastellaBot
4513,WHITE,E8,CastellaBot
4514,BLACK,B6,Human
4515,WHITE,A6,CastellaBot
4516,WHITE,B5,CastellaBot
4517,WHITE,B7,CastellaBot
4518,WHITE,C7,CastellaBot
4519,WHITE,E8,CastellaBot
4520,WHITE,F2,CastellaBot
4521,WHITE,F7,CastellaBot
4522,WHITE,G2,CastellaBot
4523,WHITE,G4,CastellaBot
4524,WHITE,H2,CastellaBot
4525,BLACK,B7,Human
4526,WHITE,A6,CastellaBot
4527,WHITE,B6,CastellaBot
4528,WHITE,C7,CastellaBot
4529,BLACK,C7,Human
4530,WHITE,B6,CastellaBot
4531,WHITE,E8,CastellaBot
4532,BLACK,F7,Human
4533,WHITE,E8,CastellaBot
4534,BLACK,G4,Human
4535,WHITE,E8,CastellaBot
4536,BLACK,G5,Human
4537,WHITE,E8,CastellaBot
4538,BLACK,G6,Human
4539,WHITE,E8,CastellaBot
4540,BLACK,G7,Human
4541,WHITE,E8,CastellaBot
4542,WHITE,E8,CastellaBot
4543,BLACK,B3,Human
4544,WHITE,A2,CastellaBot
4545,WHITE,A4,CastellaBot
4546,WHITE,B2,CastellaBot
4547,WHITE,B4,CastellaBot
4548,WHITE,B8,CastellaBot
4549,WHITE,F2,CastellaBot
4550,WHITE,G2,CastellaBot
4551,WHITE,G4,CastellaBot
4552,WHITE,H2,CastellaBot
4553,BLACK,B7,Human
4554,WHITE,B5,CastellaBot
4555,BLACK,C7,Human
4556,WHITE,B6,CastellaBot
4557,WHITE,B7,CastellaBot
4558,WHITE,B8,CastellaBot
4559,WHITE,F2,CastellaBot
4560,WHITE,G2,CastellaBot
4561,WHITE,G4,CastellaBot
4562,BLACK,F7,Human
4563,WHITE,B8,CastellaBot
4564,WHITE,G2,CastellaBot
4565,WHITE,G4,CastellaBot
4566,BLACK,F8,Human
4567,WHITE,F2,CastellaBot
4568,WHITE,G2,CastellaBot
4569,WHITE,G4,CastellaBot
4570,WHITE,H2,CastellaBot
4571,BLACK,G4,Human
4572,WHITE,B8,CastellaBot
4573,WHITE,F2,CastellaBot
4574,BLACK,B2,Human
4575,WHITE,A2,CastellaBot
4576,WHITE,A3,CastellaBot
4577,WHITE,B3,CastellaBot
4578,WHITE,B4,CastellaBot
4579,WHITE,B8,CastellaBot
4580,WHITE,E8,CastellaBot
4581,WHITE,F7,CastellaBot
4582,WHITE,F8,CastellaBot
4583,WHITE,H2,CastellaBot
4584,WHITE,H4,CastellaBot
4585,BLACK,B3,Human
4586,WHITE,A4,CastellaBot
4587,WHITE,B2,CastellaBot
4588,WHITE,B4,CastellaBot
4589,WHITE,B5,CastellaBot
4590,WHITE,B8,CastellaBot
4591,WHITE,E8,CastellaBot
4592,WHITE,F8,CastellaBot
4593,WHITE,G2,CastellaBot
4594,WHITE,G4,CastellaBot
4595,WHITE,H2,CastellaBot
4596,WHITE,H4,CastellaBot
4597,BLACK,B4,Human
4598,WHITE,A4,CastellaBot
4599,BLACK,B5,Human
4600,WHITE,A5,CastellaBot
4601,BLACK,B6,Human
4602,WHITE,A6,CastellaBot
4603,BLACK,B7,Human
4604,WHITE,A8,CastellaBot
4605,BLACK,C7,Human
4606,WHITE,B6,CastellaBot
4607,BLACK,E8,Human
4608,WHITE,F7,CastellaBot
4609,BLACK,G2,Human
4610,WHITE,B8,CastellaBot
4611,BLACK,G4,Human
4612,WHITE,B8,CastellaBot
4613,BLACK,G5,Human
4614,WHITE,B8,CastellaBot
4615,BLACK,G6,Human
4616,WHITE,B8,CastellaBot
4617,BLACK,G7,Human
4618,WHITE,B8,CastellaBot
4619,WHITE,F7,CastellaBot
4620,BLACK,B2,Human
4621,WHITE,A2,CastellaBot
4622,WHITE,A3,CastellaBot
4623,WHITE,B3,CastellaBot
4624,WHITE,B4,CastellaBot
4625,WHITE,B8,CastellaBot
4626,WHITE,C7,CastellaBot
4627,WHITE,E8,CastellaBot
4628,WHITE,F2,CastellaBot
4629,WHITE,F8,CastellaBot
4630,WHITE,G2,CastellaBot
4631,WHITE,G4,CastellaBot
4632,WHITE,H2,CastellaBot
4633,BLACK,B3,Human
4634,WHITE,A2,CastellaBot
4635,WHITE,A4,CastellaBot
4636,WHITE,B2,CastellaBot
4637,WHITE,B4,CastellaBot
4638,WHITE,B8,CastellaBot
4639,WHITE,C7,CastellaBot
4640,WHITE,E8,CastellaBot
4641,WHITE,F2,CastellaBot
4642,WHITE,F8,CastellaBot
4643,WHITE,G2,CastellaBot
4644,WHITE,G4,CastellaBot
4645,WHITE,H2,CastellaBot
4646,BLACK,B4,Human
4647,WHITE,A4,CastellaBot
4648,WHITE,A5,CastellaBot
4649,WHITE,B3,CastellaBot
4650,WHITE,B5,CastellaBot
4651,WHITE,B8,CastellaBot
4652,WHITE,C7,CastellaBot
4653,WHITE,E8,CastellaBot
4654,WHITE,F2,CastellaBot
4655,WHITE,G2,CastellaBot
4656,WHITE,G4,CastellaBot
4657,WHITE,H2,CastellaBot
4658,BLACK,B5,Human
4659,WHITE,A5,CastellaBot
4660,BLACK,B6,Human
4661,WHITE,A6,CastellaBot
4662,BLACK,B7,Human
4663,WHITE,B6,CastellaBot
4664,BLACK,C7,Human
4665,WHITE,B6,CastellaBot
4666,WHITE,B7,CastellaBot
4667,WHITE,B8,CastellaBot
4668,BLACK,E8,Human
4669,WHITE,C7,CastellaBot
4670,WHITE,F2,CastellaBot
4671,BLACK,F8,Human
4672,WHITE,B8,CastellaBot
4673,WHITE,E8,CastellaBot
4674,WHITE,F2,CastellaBot
4675,WHITE,G2,CastellaBot
4676,WHITE,G4,CastellaBot
4677,BLACK,G4,Human
4678,WHITE,B8,CastellaBot
4679,WHITE,C7,CastellaBot
4680,WHITE,E8,CastellaBot
4681,BLACK,G5,Human
4682,WHITE,B8,CastellaBot
4683,WHITE,C7,CastellaBot
4684,WHITE,E8,CastellaBot
4685,WHITE,F2,CastellaBot
4686,BLACK,G6,Human
4687,WHITE,B8,CastellaBot
4688,BLACK,G7,Human
4689,WHITE,B8,CastellaBot
4690,WHITE,F8,CastellaBot
4691,BLACK,B2,Human
4692,WHITE,A2,CastellaBot
4693,WHITE,A3,CastellaBot
4694,WHITE,B3,CastellaBot
4695,WHITE,B4,CastellaBot
4696,WHITE,B8,CastellaBot
4697,WHITE,C7,CastellaBot
4698,WHITE,E8,CastellaBot
4699,WHITE,F2,CastellaBot
4700,WHITE,F7,CastellaBot
4701,WHITE,G2,CastellaBot
4702,WHITE,G4,CastellaBot
4703,WHITE,H2,CastellaBot
4704,BLACK,B3,Human
4705,WHITE,A4,CastellaBot
4706,WHITE,B2,CastellaBot
4707,WHITE,B4,CastellaBot
4708,WHITE,B5,CastellaBot
4709,WHITE,B8,CastellaBot
4710,WHITE,C7,CastellaBot
4711,WHITE,E8,CastellaBot
4712,WHITE,F2,CastellaBot
4713,WHITE,G2,CastellaBot
4714,WHITE,G4,CastellaBot
4715,WHITE,H2,CastellaBot
4716,BLACK,B4,Human
4717,WHITE,A3,CastellaBot
4718,BLACK,B5,Human
4719,WHITE,A5,CastellaBot
4720,BLACK,B6,Human
4721,WHITE,A6,CastellaBot
4722,BLACK,B7,Human
4723,WHITE,B6,CastellaBot
4724,BLACK,C7,Human
4725,WHITE,B6,CastellaBot
4726,WHITE,B7,CastellaBot
4727,WHITE,B8,CastellaBot
4728,BLACK,E8,Human
4729,WHITE,B8,CastellaBot
4730,BLACK,F7,Human
4731,WHITE,B8,CastellaBot
4732,WHITE,E8,CastellaBot
4733,BLACK,G4,Human
4734,WHITE,B8,CastellaBot
4735,BLACK,G5,Human
4736,WHITE,B8,CastellaBot
4737,BLACK,G6,Human
4738,WHITE,B8,CastellaBot
4739,BLACK,G7,Human
4740,WHITE,B8,CastellaBot
4741,WHITE,G2,CastellaBot
4742,BLACK,B2,Human
4743,WHITE,A2,CastellaBot
4744,WHITE,A3,CastellaBot
4745,WHITE,B3,CastellaBot
4746,WHITE,B4,CastellaBot
4747,WHITE,B8,CastellaBot
4748,WHITE,E8,CastellaBot
4749,WHITE,F2,CastellaBot
4750,WHITE,F7,CastellaBot
4751,WHITE,F8,CastellaBot
4752,WHITE,G4,CastellaBot
4753,WHITE,H2,CastellaBot
4754,BLACK,B3,Human
4755,WHITE,A3,CastellaBot
4756,WHITE,A4,CastellaBot
4757,WHITE,B2,CastellaBot
4758,WHITE,B4,CastellaBot
4759,WHITE,B5,CastellaBot
4760,WHITE,B8,CastellaBot
4761,WHITE,E8,CastellaBot
4762,WHITE,F2,CastellaBot
4763,WHITE,F8,CastellaBot
4764,WHITE,G4,CastellaBot
4765,WHITE,H2,CastellaBot
4766,BLACK,B4,Human
4767,WHITE,A4,CastellaBot
4768,WHITE,A5,CastellaBot
4769,WHITE,B5,CastellaBot
4770,WHITE,B6,CastellaBot
4771,WHITE,B8,CastellaBot
4772,BLACK,B5,Human
4773,WHITE,A5,CastellaBot
4774,BLACK,B6,Human
4775,WHITE,A6,CastellaBot
4776,BLACK,C7,Human
4777,WHITE,B6,CastellaBot
4778,WHITE,B8,CastellaBot
4779,BLACK,E8,Human
4780,WHITE,F2,CastellaBot
4781,WHITE,F7,CastellaBot
4782,WHITE,F8,CastellaBot
4783,WHITE,G4,CastellaBot
4784,WHITE,H2,CastellaBot
4785,BLACK,G1,Human
4786,WHITE,B8,CastellaBot
4787,BLACK,G4,Human
4788,WHITE,B8,CastellaBot
4789,BLACK,G5,Human
4790,WHITE,B8,CastellaBot
4791,WHITE,E8,CastellaBot
4792,BLACK,G6,Human
4793,WHITE,B8,CastellaBot
4794,BLACK,G7,Human
4795,WHITE,B8,CastellaBot
4796,WHITE,G4,CastellaBot
4797,BLACK,B2,Human
4798,WHITE,A2,CastellaBot
4799,WHITE,A3,CastellaBot
4800,WHITE,B3,CastellaBot
4801,WHITE,B4,CastellaBot
4802,WHITE,B8,CastellaBot
4803,WHITE,E8,CastellaBot
4804,WHITE,F2,CastellaBot
4805,WHITE,F7,CastellaBot
4806,WHITE,F8,CastellaBot
4807,WHITE,G2,CastellaBot
4808,WHITE,H2,CastellaBot
4809,BLACK,B3,Human
4810,WHITE,A3,CastellaBot
4811,WHITE,A4,CastellaBot
4812,WHITE,B2,CastellaBot
4813,WHITE,B4,CastellaBot
4814,WHITE,B5,CastellaBot
4815,WHITE,B8,CastellaBot
4816,WHITE,E8,CastellaBot
4817,WHITE,F2,CastellaBot
4818,WHITE,F8,CastellaBot
4819,WHITE,G2,CastellaBot
4820,WHITE,H2,CastellaBot
4821,BLACK,B4,Human
4822,WHITE,A4,CastellaBot
4823,WHITE,A5,CastellaBot
4824,WHITE,B3,CastellaBot
4825,WHITE,B5,CastellaBot
4826,WHITE,B8,CastellaBot
4827,WHITE,C7,CastellaBot
4828,WHITE,E8,CastellaBot
4829,BLACK,B5,Human
4830,WHITE,A5,CastellaBot
4831,WHITE,A6,CastellaBot
4832,WHITE,B4,CastellaBot
4833,WHITE,B6,CastellaBot
4834,WHITE,B7,CastellaBot
4835,WHITE,B8,CastellaBot
4836,WHITE,C7,CastellaBot
4837,WHITE,E8,CastellaBot
4838,BLACK,B6,Human
4839,WHITE,A6,CastellaBot
4840,WHITE,B5,CastellaBot
4841,WHITE,B7,CastellaBot
4842,WHITE,B8,CastellaBot
4843,WHITE,C7,CastellaBot
4844,WHITE,E8,CastellaBot
4845,WHITE,F7,CastellaBot
4846,WHITE,G2,CastellaBot
4847,WHITE,H2,CastellaBot
4848,BLACK,B7,Human
4849,WHITE,A8,CastellaBot
4850,BLACK,C7,Human
4851,WHITE,B6,CastellaBot
4852,WHITE,B8,CastellaBot
4853,BLACK,E8,Human
4854,WHITE,F2,CastellaBot
4855,WHITE,F7,CastellaBot
4856,WHITE,F8,CastellaBot
4857,WHITE,G2,CastellaBot
4858,WHITE,H2,CastellaBot
4859,BLACK,G2,Human
4860,WHITE,B8,CastellaBot
4861,BLACK,G5,Human
4862,WHITE,B8,CastellaBot
4863,WHITE,E8,CastellaBot
4864,BLACK,G6,Human
4865,WHITE,B8,CastellaBot
4866,BLACK,G7,Human
4867,WHITE,B8,CastellaBot
4868,BLACK,H4,Human
4869,WHITE,B8,CastellaBot
4870,WHITE,H2,CastellaBot
4871,BLACK,B2,Human
4872,WHITE,A2,CastellaBot
4873,WHITE,A3,CastellaBot
4874,WHITE,B3,CastellaBot
4875,WHITE,B4,CastellaBot
4876,WHITE,B8,CastellaBot
4877,WHITE,E8,CastellaBot
4878,WHITE,F2,CastellaBot
4879,WHITE,F7,CastellaBot
4880,WHITE,F8,CastellaBot
4881,WHITE,G2,CastellaBot
4882,WHITE,G4,CastellaBot
4883,WHITE,H4,CastellaBot
4884,BLACK,B3,Human
4885,WHITE,A3,CastellaBot
4886,WHITE,A4,CastellaBot
4887,WHITE,B2,CastellaBot
4888,WHITE,B4,CastellaBot
4889,WHITE,B5,CastellaBot
4890,WHITE,B8,CastellaBot
4891,WHITE,E8,CastellaBot
4892,WHITE,F2,CastellaBot
4893,WHITE,F8,CastellaBot
4894,WHITE,G2,CastellaBot
4895,WHITE,G4,CastellaBot
4896,WHITE,H4,CastellaBot
4897,BLACK,B4,Human
4898,WHITE,A4,CastellaBot
4899,WHITE,A5,CastellaBot
4900,WHITE,B3,CastellaBot
4901,WHITE,B5,CastellaBot
4902,WHITE,B8,CastellaBot
4903,WHITE,C7,CastellaBot
4904,WHITE,E8,CastellaBot
4905,WHITE,F2,CastellaBot
4906,WHITE,F7,CastellaBot
4907,WHITE,G2,CastellaBot
4908,WHITE,G4,CastellaBot
4909,WHITE,H4,CastellaBot
4910,BLACK,B5,Human
4911,WHITE,A5,CastellaBot
4912,WHITE,A6,CastellaBot
4913,WHITE,B4,CastellaBot
4914,WHITE,B6,CastellaBot
4915,WHITE,B8,CastellaBot
4916,WHITE,C7,CastellaBot
4917,WHITE,E8,CastellaBot
4918,BLACK,B6,Human
4919,WHITE,A6,CastellaBot
4920,WHITE,B5,CastellaBot
4921,WHITE,B7,CastellaBot
4922,WHITE,B8,CastellaBot
4923,WHITE,C7,CastellaBot
4924,WHITE,E8,CastellaBot
4925,WHITE,F2,CastellaBot
4926,WHITE,F7,CastellaBot
4927,WHITE,G2,CastellaBot
4928,WHITE,G4,CastellaBot
4929,WHITE,H4,CastellaBot
4930,BLACK,B7,Human
4931,WHITE,B6,CastellaBot
4932,WHITE,B8,CastellaBot
4933,BLACK,C7,Human
4934,WHITE,B6,CastellaBot
4935,WHITE,B8,CastellaBot
4936,BLACK,E8,Human
4937,WHITE,F2,CastellaBot
4938,WHITE,F7,CastellaBot
4939,WHITE,F8,CastellaBot
4940,WHITE,G2,CastellaBot
4941,WHITE,G4,CastellaBot
4942,WHITE,H4,CastellaBot
4943,BLACK,F7,Human
4944,WHITE,B8,CastellaBot
4945,WHITE,E8,CastellaBot
4946,BLACK,G4,Human
4947,WHITE,B8,CastellaBot
4948,WHITE,E8,CastellaBot
4949,BLACK,G5,Human
4950,WHITE,B8,CastellaBot
4951,WHITE,E8,CastellaBot
4952,BLACK,G6,Human
4953,WHITE,B8,CastellaBot
4954,WHITE,E8,CastellaBot
4955,BLACK,G7,Human
4956,WHITE,B8,CastellaBot
4957,BLACK,H1,Human
4958,WHITE,B8,CastellaBot
4959,WHITE,E8,CastellaBot
4960,WHITE,E8,CastellaBot
4961,BLACK,F8,Human
4962,WHITE,F2,CastellaBot
4963,BLACK,B3,Human
4964,WHITE,A2,CastellaBot
4965,WHITE,A4,CastellaBot
4966,WHITE,B2,CastellaBot
4967,WHITE,B4,CastellaBot
4968,WHITE,G2,CastellaBot
4969,WHITE,G4,CastellaBot
4970,WHITE,H2,CastellaBot
4971,WHITE,H4,CastellaBot
4972,BLACK,B4,Human
4973,WHITE,A4,CastellaBot
4974,BLACK,B5,Human
4975,WHITE,A5,CastellaBot
4976,BLACK,C7,Human
4977,WHITE,B7,CastellaBot
4978,WHITE,G4,CastellaBot
4979,BLACK,G4,Human
4980,WHITE,C7,CastellaBot
4981,BLACK,G5,Human
4982,WHITE,F7,CastellaBot
4983,WHITE,G2,CastellaBot
4984,BLACK,B3,Human
4985,WHITE,A2,CastellaBot
4986,WHITE,A4,CastellaBot
4987,WHITE,B2,CastellaBot
4988,WHITE,B4,CastellaBot
4989,WHITE,F2,CastellaBot
4990,WHITE,G4,CastellaBot
4991,WHITE,H2,CastellaBot
4992,BLACK,B4,Human
4993,WHITE,A4,CastellaBot
4994,BLACK,B5,Human
4995,WHITE,A5,CastellaBot
4996,BLACK,C7,Human
4997,WHITE,B7,CastellaBot
4998,WHITE,G4,CastellaBot
4999,BLACK,G1,Human
5000,WHITE,H1,CastellaBot
5001,BLACK,G4,Human
5002,WHITE,C7,CastellaBot
5003,BLACK,G5,Human
5004,WHITE,F7,CastellaBot
5005,WHITE,G4,CastellaBot
5006,BLACK,B3,Human
5007,WHITE,A2,CastellaBot
5008,WHITE,A4,CastellaBot
5009,WHITE,B2,CastellaBot
5010,WHITE,B4,CastellaBot
5011,WHITE,F2,CastellaBot
5012,WHITE,G2,CastellaBot
5013,WHITE,H2,CastellaBot
5014,BLACK,B4,Human
5015,WHITE,A4,CastellaBot
5016,BLACK,B5,Human
5017,WHITE,A5,CastellaBot
5018,BLACK,C7,Human
5019,WHITE,B7,CastellaBot
5020,WHITE,G2,CastellaBot
5021,WHITE,G5,CastellaBot
5022,BLACK,G5,Human
5023,WHITE,F7,CastellaBot
5024,WHITE,H2,CastellaBot
5025,BLACK,B3,Human
5026,WHITE,A2,CastellaBot
5027,WHITE,A3,CastellaBot
5028,WHITE,A4,CastellaBot
5029,WHITE,B2,CastellaBot
5030,WHITE,B4,CastellaBot
5031,WHITE,F2,CastellaBot
5032,WHITE,G2,CastellaBot
5033,WHITE,G4,CastellaBot
5034,WHITE,H4,CastellaBot
5035,BLACK,B4,Human
5036,WHITE,A4,CastellaBot
5037,WHITE,A5,CastellaBot
5038,WHITE,B5,CastellaBot
5039,WHITE,B6,CastellaBot
5040,WHITE,C7,CastellaBot
5041,WHITE,F2,CastellaBot
5042,WHITE,F7,CastellaBot
5043,WHITE,G2,CastellaBot
5044,WHITE,G4,CastellaBot
5045,WHITE,H4,CastellaBot
5046,BLACK,B5,Human
5047,WHITE,A5,CastellaBot
5048,WHITE,A6,CastellaBot
5049,WHITE,B6,CastellaBot
5050,WHITE,B7,CastellaBot
5051,WHITE,C7,CastellaBot
5052,WHITE,F2,CastellaBot
5053,WHITE,G2,CastellaBot
5054,WHITE,G4,CastellaBot
5055,WHITE,H4,CastellaBot
5056,BLACK,B7,Human
5057,WHITE,B5,CastellaBot
5058,WHITE,B6,CastellaBot
5059,WHITE,C7,CastellaBot
5060,WHITE,F2,CastellaBot
5061,WHITE,G4,CastellaBot
5062,WHITE,H4,CastellaBot
5063,BLACK,F7,Human
5064,WHITE,G2,CastellaBot
5065,WHITE,G4,CastellaBot
5066,WHITE,G5,CastellaBot
5067,WHITE,G6,CastellaBot
5068,WHITE,G7,CastellaBot
5069,WHITE,G8,CastellaBot
5070,WHITE,H4,CastellaBot
5071,BLACK,G4,Human
5072,WHITE,C7,CastellaBot
5073,WHITE,F2,CastellaBot
5074,WHITE,F7,CastellaBot
5075,WHITE,G2,CastellaBot
5076,WHITE,G5,CastellaBot
5077,WHITE,G6,CastellaBot
5078,WHITE,H4,CastellaBot
5079,BLACK,G5,Human
5080,WHITE,F2,CastellaBot
5081,WHITE,F7,CastellaBot
5082,BLACK,H1,Human
5083,WHITE,F2,CastellaBot
5084,WHITE,G2,CastellaBot
5085,WHITE,G4,CastellaBot
5086,WHITE,G4,CastellaBot
5087,BLACK,C7,Human
5088,WHITE,B7,CastellaBot
5089,BLACK,A6,Human
5090,WHITE,A7,CastellaBot
5091,WHITE,A8,CastellaBot
5092,WHITE,G2,CastellaBot
5093,WHITE,G5,CastellaBot
5094,WHITE,H2,CastellaBot
5095,BLACK,B2,Human
5096,WHITE,A2,CastellaBot
5097,WHITE,A3,CastellaBot
5098,WHITE,B3,CastellaBot
5099,WHITE,B4,CastellaBot
5100,WHITE,G2,CastellaBot
5101,WHITE,G5,CastellaBot
5102,WHITE,H2,CastellaBot
5103,BLACK,B3,Human
5104,WHITE,A2,CastellaBot
5105,WHITE,A4,CastellaBot
5106,WHITE,B2,CastellaBot
5107,WHITE,B4,CastellaBot
5108,WHITE,F2,CastellaBot
5109,WHITE,G2,CastellaBot
5110,WHITE,G5,CastellaBot
5111,WHITE,H2,CastellaBot
5112,BLACK,B4,Human
5113,WHITE,A3,CastellaBot
5114,BLACK,B5,Human
5115,WHITE,A5,CastellaBot
5116,WHITE,A6,CastellaBot
5117,WHITE,B4,CastellaBot
5118,WHITE,B6,CastellaBot
5119,BLACK,B6,Human
5120,WHITE,A6,CastellaBot
5121,BLACK,B8,Human
5122,WHITE,G2,CastellaBot
5123,WHITE,G5,CastellaBot
5124,BLACK,F2,Human
5125,WHITE,G1,CastellaBot
5126,WHITE,G2,CastellaBot
5127,WHITE,G5,CastellaBot
5128,WHITE,H2,CastellaBot
5129,BLACK,F7,Human
5130,WHITE,G2,CastellaBot
5131,WHITE,G5,CastellaBot
5132,BLACK,G5,Human
5133,WHITE,F7,CastellaBot
5134,BLACK,G6,Human
5135,WHITE,F7,CastellaBot
5136,BLACK,G7,Human
5137,WHITE,F7,CastellaBot
5138,BLACK,H4,Human
5139,WHITE,G5,CastellaBot
5140,WHITE,G2,CastellaBot
5141,BLACK,B2,Human
5142,WHITE,A2,CastellaBot
5143,WHITE,A3,CastellaBot
5144,WHITE,B3,CastellaBot
5145,WHITE,B4,CastellaBot
5146,WHITE,B7,CastellaBot
5147,WHITE,B8,CastellaBot
5148,WHITE,G5,CastellaBot
5149,BLACK,B3,Human
5150,WHITE,A2,CastellaBot
5151,WHITE,A4,CastellaBot
5152,WHITE,B2,CastellaBot
5153,WHITE,B4,CastellaBot
5154,WHITE,B7,CastellaBot
5155,WHITE,F2,CastellaBot
5156,WHITE,G5,CastellaBot
5157,BLACK,B4,Human
5158,WHITE,A3,CastellaBot
5159,BLACK,B5,Human
5160,WHITE,A5,CastellaBot
5161,BLACK,B6,Human
5162,WHITE,A6,CastellaBot
5163,BLACK,F2,Human
5164,WHITE,B7,CastellaBot
5165,WHITE,B8,CastellaBot
5166,BLACK,F7,Human
5167,WHITE,B8,CastellaBot
5168,BLACK,G5,Human
5169,WHITE,B7,CastellaBot
5170,WHITE,B8,CastellaBot
5171,BLACK,G6,Human
5172,WHITE,B7,CastellaBot
5173,WHITE,B8,CastellaBot
5174,BLACK,G7,Human
5175,WHITE,B7,CastellaBot
5176,WHITE,B8,CastellaBot
5177,BLACK,H2,Human
5178,WHITE,B7,CastellaBot
5179,WHITE,G5,CastellaBot
5180,BLACK,H4,Human
5181,WHITE,B7,CastellaBot
5182,WHITE,B8,CastellaBot
5183,WHITE,G5,CastellaBot
5184,BLACK,B2,Human
5185,WHITE,A2,CastellaBot
5186,WHITE,A3,CastellaBot
5187,WHITE,B3,CastellaBot
5188,WHITE,B4,CastellaBot
5189,WHITE,B7,CastellaBot
5190,WHITE,B8,CastellaBot
5191,WHITE,G2,CastellaBot
5192,WHITE,H2,CastellaBot
5193,BLACK,B3,Human
5194,WHITE,A2,CastellaBot
5195,WHITE,A4,CastellaBot
5196,WHITE,B2,CastellaBot
5197,WHITE,B4,CastellaBot
5198,WHITE,B7,CastellaBot
5199,WHITE,B8,CastellaBot
5200,WHITE,F2,CastellaBot
5201,WHITE,G2,CastellaBot
5202,WHITE,H2,CastellaBot
5203,BLACK,B4,Human
5204,WHITE,A3,CastellaBot
5205,BLACK,B5,Human
5206,WHITE,A5,CastellaBot
5207,BLACK,B6,Human
5208,WHITE,A6,CastellaBot
5209,BLACK,F7,Human
5210,WHITE,B8,CastellaBot
5211,BLACK,G6,Human
5212,WHITE,B7,CastellaBot
5213,WHITE,B8,CastellaBot
5214,BLACK,G7,Human
5215,WHITE,B7,CastellaBot
5216,WHITE,B8,CastellaBot
5217,BLACK,H4,Human
5218,WHITE,B7,CastellaBot
5219,WHITE,B8,CastellaBot
5220,BLACK,H5,Human
5221,WHITE,B7,CastellaBot
5222,WHITE,B8,CastellaBot
5223,WHITE,G5,CastellaBot
5224,BLACK,H4,Human
5225,WHITE,B7,CastellaBot
5226,BLACK,A6,Human
5227,WHITE,A7,CastellaBot
5228,WHITE,A8,CastellaBot
5229,WHITE,F7,CastellaBot
5230,WHITE,G2,CastellaBot
5231,WHITE,G6,CastellaBot
5232,WHITE,G7,CastellaBot
5233,WHITE,H2,CastellaBot
5234,WHITE,H5,CastellaBot
5235,WHITE,H6,CastellaBot
5236,BLACK,A7,Human
5237,WHITE,A8,CastellaBot
5238,BLACK,B2,Human
5239,WHITE,A2,CastellaBot
5240,WHITE,A3,CastellaBot
5241,WHITE,B3,CastellaBot
5242,WHITE,B4,CastellaBot
5243,WHITE,F7,CastellaBot
5244,WHITE,G2,CastellaBot
5245,WHITE,G6,CastellaBot
5246,WHITE,G7,CastellaBot
5247,WHITE,H2,CastellaBot
5248,WHITE,H5,CastellaBot
5249,WHITE,H6,CastellaBot
5250,BLACK,B3,Human
5251,WHITE,A2,CastellaBot
5252,WHITE,A4,CastellaBot
5253,WHITE,B2,CastellaBot
5254,WHITE,B4,CastellaBot
5255,WHITE,F2,CastellaBot
5256,WHITE,F7,CastellaBot
5257,WHITE,G2,CastellaBot
5258,WHITE,G6,CastellaBot
5259,WHITE,G7,CastellaBot
5260,WHITE,H2,CastellaBot
5261,WHITE,H5,CastellaBot
5262,WHITE,H6,CastellaBot
5263,BLACK,B4,Human
5264,WHITE,A5,CastellaBot
5265,WHITE,B3,CastellaBot
5266,WHITE,B5,CastellaBot
5267,WHITE,B6,CastellaBot
5268,WHITE,F7,CastellaBot
5269,WHITE,G6,CastellaBot
5270,WHITE,G7,CastellaBot
5271,WHITE,H2,CastellaBot
5272,WHITE,H5,CastellaBot
5273,WHITE,H6,CastellaBot
5274,BLACK,B5,Human
5275,WHITE,A5,CastellaBot
5276,BLACK,B6,Human
5277,WHITE,A6,CastellaBot
5278,BLACK,B8,Human
5279,WHITE,F7,CastellaBot
5280,BLACK,F2,Human
5281,WHITE,F7,CastellaBot
5282,WHITE,B8,CastellaBot
5283,BLACK,A8,Human
5284,WHITE,F7,CastellaBot
5285,WHITE,G2,CastellaBot
5286,WHITE,G6,CastellaBot
5287,WHITE,G7,CastellaBot
5288,WHITE,H2,CastellaBot
5289,WHITE,H5,CastellaBot
5290,WHITE,H6,CastellaBot
5291,BLACK,B2,Human
5292,WHITE,A2,CastellaBot
5293,WHITE,A3,CastellaBot
5294,WHITE,B3,CastellaBot
5295,WHITE,B4,CastellaBot
5296,BLACK,B3,Human
5297,WHITE,A2,CastellaBot
5298,WHITE,A4,CastellaBot
5299,WHITE,B2,CastellaBot
5300,WHITE,B4,CastellaBot
5301,WHITE,F2,CastellaBot
5302,BLACK,B4,Human
5303,WHITE,A5,CastellaBot
5304,WHITE,B3,CastellaBot
5305,WHITE,B5,CastellaBot
5306,WHITE,B6,CastellaBot
5307,WHITE,F7,CastellaBot
5308,WHITE,G6,CastellaBot
5309,WHITE,G7,CastellaBot
5310,WHITE,G8,CastellaBot
5311,BLACK,B5,Human
5312,WHITE,A6,CastellaBot
5313,WHITE,B4,CastellaBot
5314,WHITE,B6,CastellaBot
5315,WHITE,B7,CastellaBot
5316,WHITE,F7,CastellaBot
5317,BLACK,B6,Human
5318,WHITE,A7,CastellaBot
5319,WHITE,B5,CastellaBot
5320,BLACK,B7,Human
5321,WHITE,A8,CastellaBot
5322,BLACK,F2,Human
5323,WHITE,F7,CastellaBot
5324,WHITE,F7,CastellaBot
5325,BLACK,B2,Human
5326,WHITE,A2,CastellaBot
5327,WHITE,A3,CastellaBot
5328,WHITE,B3,CastellaBot
5329,WHITE,B4,CastellaBot
5330,WHITE,B7,CastellaBot
5331,WHITE,B8,CastellaBot
5332,WHITE,G2,CastellaBot
5333,WHITE,G6,CastellaBot
5334,WHITE,H2,CastellaBot
5335,WHITE,H5,CastellaBot
5336,WHITE,H6,CastellaBot
5337,BLACK,B3,Human
5338,WHITE,A2,CastellaBot
5339,WHITE,A4,CastellaBot
5340,WHITE,B2,CastellaBot
5341,WHITE,B4,CastellaBot
5342,WHITE,B7,CastellaBot
5343,WHITE,B8,CastellaBot
5344,WHITE,F2,CastellaBot
5345,WHITE,G2,CastellaBot
5346,WHITE,G6,CastellaBot
5347,WHITE,H2,CastellaBot
5348,WHITE,H5,CastellaBot
5349,WHITE,H6,CastellaBot
5350,BLACK,B4,Human
5351,WHITE,A3,CastellaBot
5352,WHITE,A5,CastellaBot
5353,WHITE,B3,CastellaBot
5354,WHITE,B5,CastellaBot
5355,WHITE,B6,CastellaBot
5356,WHITE,B7,CastellaBot
5357,WHITE,H5,CastellaBot
5358,WHITE,H6,CastellaBot
5359,BLACK,B5,Human
5360,WHITE,A5,CastellaBot
5361,BLACK,B6,Human
5362,WHITE,A6,CastellaBot
5363,BLACK,F2,Human
5364,WHITE,B7,CastellaBot
5365,WHITE,G1,CastellaBot
5366,WHITE,G2,CastellaBot
5367,WHITE,G6,CastellaBot
5368,WHITE,G7,CastellaBot
5369,WHITE,G8,CastellaBot
5370,WHITE,H5,CastellaBot
5371,WHITE,H6,CastellaBot
5372,BLACK,G6,Human
5373,WHITE,B7,CastellaBot
5374,WHITE,B8,CastellaBot
5375,BLACK,G7,Human
5376,WHITE,B8,CastellaBot
5377,WHITE,G2,CastellaBot
5378,BLACK,B2,Human
5379,WHITE,A2,CastellaBot
5380,WHITE,A3,CastellaBot
5381,WHITE,B3,CastellaBot
5382,WHITE,B4,CastellaBot
5383,WHITE,B7,CastellaBot
5384,WHITE,B8,CastellaBot
5385,WHITE,F7,CastellaBot
5386,WHITE,G6,CastellaBot
5387,WHITE,G7,CastellaBot
5388,WHITE,H5,CastellaBot
5389,WHITE,H6,CastellaBot
5390,BLACK,B3,Human
5391,WHITE,A2,CastellaBot
5392,WHITE,A4,CastellaBot
5393,WHITE,B2,CastellaBot
5394,WHITE,B4,CastellaBot
5395,WHITE,B7,CastellaBot
5396,WHITE,B8,CastellaBot
5397,WHITE,F2,CastellaBot
5398,WHITE,F7,CastellaBot
5399,WHITE,G6,CastellaBot
5400,WHITE,G7,CastellaBot
5401,WHITE,H2,CastellaBot
5402,WHITE,H5,CastellaBot
5403,WHITE,H6,CastellaBot
5404,BLACK,B4,Human
5405,WHITE,A5,CastellaBot
5406,WHITE,B3,CastellaBot
5407,WHITE,B5,CastellaBot
5408,WHITE,B6,CastellaBot
5409,WHITE,B7,CastellaBot
5410,WHITE,B8,CastellaBot
5411,WHITE,F7,CastellaBot
5412,WHITE,G6,CastellaBot
5413,WHITE,G7,CastellaBot
5414,WHITE,H5,CastellaBot
5415,WHITE,H6,CastellaBot
5416,BLACK,B5,Human
5417,WHITE,A5,CastellaBot
5418,BLACK,B6,Human
5419,WHITE,A6,CastellaBot
5420,BLACK,F2,Human
5421,WHITE,B7,CastellaBot
5422,WHITE,F7,CastellaBot
5423,BLACK,G1,Human
5424,WHITE,B7,CastellaBot
5425,BLACK,H2,Human
5426,WHITE,B7,CastellaBot
5427,WHITE,F7,CastellaBot
5428,WHITE,G6,CastellaBot
5429,BLACK,B2,Human
5430,WHITE,A2,CastellaBot
5431,WHITE,A3,CastellaBot
5432,WHITE,B3,CastellaBot
5433,WHITE,B4,CastellaBot
5434,WHITE,B7,CastellaBot
5435,WHITE,B8,CastellaBot
5436,WHITE,F7,CastellaBot
5437,WHITE,G2,CastellaBot
5438,WHITE,H2,CastellaBot
5439,BLACK,B3,Human
5440,WHITE,A2,CastellaBot
5441,WHITE,A4,CastellaBot
5442,WHITE,B2,CastellaBot
5443,WHITE,B4,CastellaBot
5444,WHITE,B7,CastellaBot
5445,WHITE,B8,CastellaBot
5446,WHITE,F2,CastellaBot
5447,WHITE,F7,CastellaBot
5448,WHITE,G2,CastellaBot
5449,WHITE,H2,CastellaBot
5450,BLACK,B4,Human
5451,WHITE,A5,CastellaBot
5452,WHITE,B3,CastellaBot
5453,WHITE,B5,CastellaBot
5454,WHITE,B6,CastellaBot
5455,WHITE,B7,CastellaBot
5456,WHITE,F7,CastellaBot
5457,WHITE,G2,CastellaBot
5458,WHITE,H5,CastellaBot
5459,BLACK,B5,Human
5460,WHITE,A5,CastellaBot
5461,BLACK,B6,Human
5462,WHITE,A6,CastellaBot
5463,BLACK,G7,Human
5464,WHITE,B7,CastellaBot
5465,BLACK,H5,Human
5466,WHITE,B7,CastellaBot
5467,WHITE,B8,CastellaBot
5468,BLACK,H6,Human
5469,WHITE,B7,CastellaBot
5470,WHITE,B8,CastellaBot
5471,WHITE,G7,CastellaBot
5472,BLACK,B3,Human
5473,WHITE,A2,CastellaBot
5474,WHITE,A4,CastellaBot
5475,WHITE,B2,CastellaBot
5476,WHITE,B4,CastellaBot
5477,WHITE,B7,CastellaBot
5478,WHITE,B8,CastellaBot
5479,WHITE,F2,CastellaBot
5480,WHITE,F7,CastellaBot
5481,WHITE,G2,CastellaBot
5482,WHITE,G6,CastellaBot
5483,WHITE,H2,CastellaBot
5484,WHITE,H5,CastellaBot
5485,WHITE,H6,CastellaBot
5486,BLACK,B4,Human
5487,WHITE,A5,CastellaBot
5488,WHITE,B3,CastellaBot
5489,WHITE,B5,CastellaBot
5490,WHITE,B6,CastellaBot
5491,WHITE,B7,CastellaBot
5492,WHITE,B8,CastellaBot
5493,WHITE,F7,CastellaBot
5494,WHITE,H2,CastellaBot
5495,WHITE,H5,CastellaBot
5496,WHITE,H6,CastellaBot
5497,BLACK,B5,Human
5498,WHITE,A6,CastellaBot
5499,WHITE,B6,CastellaBot
5500,BLACK,B6,Human
5501,WHITE,A6,CastellaBot
5502,BLACK,G6,Human
5503,WHITE,B7,CastellaBot
5504,WHITE,B8,CastellaBot
5505,WHITE,F7,CastellaBot
5506,BLACK,H6,Human
5507,WHITE,B7,CastellaBot
5508,WHITE,H2,CastellaBot
5509,BLACK,B2,Human
5510,WHITE,A2,CastellaBot
5511,WHITE,A3,CastellaBot
5512,WHITE,B3,CastellaBot
5513,WHITE,B4,CastellaBot
5514,WHITE,B7,CastellaBot
5515,WHITE,B8,CastellaBot
5516,WHITE,F7,CastellaBot
5517,WHITE,G6,CastellaBot
5518,WHITE,G7,CastellaBot
5519,WHITE,H5,CastellaBot
5520,WHITE,H6,CastellaBot
5521,BLACK,B3,Human
5522,WHITE,A2,CastellaBot
5523,WHITE,A4,CastellaBot
5524,WHITE,B2,CastellaBot
5525,WHITE,B4,CastellaBot
5526,WHITE,B7,CastellaBot
5527,WHITE,B8,CastellaBot
5528,WHITE,F2,CastellaBot
5529,WHITE,F7,CastellaBot
5530,WHITE,G2,CastellaBot
5531,WHITE,G6,CastellaBot
5532,WHITE,G7,CastellaBot
5533,WHITE,H5,CastellaBot
5534,WHITE,H6,CastellaBot
5535,BLACK,B4,Human
5536,WHITE,A5,CastellaBot
5537,WHITE,B3,CastellaBot
5538,WHITE,B5,CastellaBot
5539,WHITE,B6,CastellaBot
5540,WHITE,B7,CastellaBot
5541,WHITE,B8,CastellaBot
5542,WHITE,F7,CastellaBot
5543,WHITE,G6,CastellaBot
5544,WHITE,G7,CastellaBot
5545,WHITE,H5,CastellaBot
5546,BLACK,B5,Human
5547,WHITE,A5,CastellaBot
5548,BLACK,B6,Human
5549,WHITE,A6,CastellaBot
5550,BLACK,F2,Human
5551,WHITE,B7,CastellaBot
5552,WHITE,B8,CastellaBot
5553,WHITE,F7,CastellaBot
5554,BLACK,G2,Human
5555,WHITE,B7,CastellaBot
5556,WHITE,B8,CastellaBot
5557,BLACK,H1,Human
5558,WHITE,B7,CastellaBot
5559,WHITE,B8,CastellaBot
5560,WHITE,F7,CastellaBot
5561,WHITE,G6,CastellaBot
5562,WHITE,G7,CastellaBot
5563,WHITE,H5,CastellaBot
5564,WHITE,H6,CastellaBot
5565,WHITE,H5,CastellaBot
5566,BLACK,B2,Human
5567,WHITE,A2,CastellaBot
5568,WHITE,A3,CastellaBot
5569,WHITE,B3,CastellaBot
5570,WHITE,B4,CastellaBot
5571,WHITE,B7,CastellaBot
5572,WHITE,B8,CastellaBot
5573,WHITE,F7,CastellaBot
5574,WHITE,G2,CastellaBot
5575,WHITE,G6,CastellaBot
5576,WHITE,G7,CastellaBot
5577,WHITE,H2,CastellaBot
5578,BLACK,B3,Human
5579,WHITE,A2,CastellaBot
5580,WHITE,A4,CastellaBot
5581,WHITE,B2,CastellaBot
5582,WHITE,B4,CastellaBot
5583,WHITE,B7,CastellaBot
5584,WHITE,B8,CastellaBot
5585,WHITE,F2,CastellaBot
5586,WHITE,F7,CastellaBot
5587,WHITE,G2,CastellaBot
5588,WHITE,G6,CastellaBot
5589,WHITE,G7,CastellaBot
5590,WHITE,H2,CastellaBot
5591,BLACK,B4,Human
5592,WHITE,A5,CastellaBot
5593,WHITE,B3,CastellaBot
5594,WHITE,B5,CastellaBot
5595,WHITE,B6,CastellaBot
5596,WHITE,B7,CastellaBot
5597,WHITE,F7,CastellaBot
5598,WHITE,G2,CastellaBot
5599,WHITE,G6,CastellaBot
5600,WHITE,G7,CastellaBot
5601,WHITE,H2,CastellaBot
5602,BLACK,B5,Human
5603,WHITE,A5,CastellaBot
5604,BLACK,B6,Human
5605,WHITE,A6,CastellaBot
5606,BLACK,F2,Human
5607,WHITE,B7,CastellaBot
5608,WHITE,F7,CastellaBot
5609,BLACK,G6,Human
5610,WHITE,B7,CastellaBot
5611,WHITE,B8,CastellaBot
5612,BLACK,H6,Human
5613,WHITE,B7,CastellaBot
5614,WHITE,B8,CastellaBot
5615,WHITE,H6,CastellaBot
5616,BLACK,B2,Human
5617,WHITE,A2,CastellaBot
5618,WHITE,A3,CastellaBot
5619,WHITE,B3,CastellaBot
5620,WHITE,B4,CastellaBot
5621,WHITE,B7,CastellaBot
5622,WHITE,B8,CastellaBot
5623,WHITE,F7,CastellaBot
5624,WHITE,G2,CastellaBot
5625,WHITE,G6,CastellaBot
5626,WHITE,G7,CastellaBot
5627,WHITE,H2,CastellaBot
5628,BLACK,B3,Human
5629,WHITE,A2,CastellaBot
5630,WHITE,A4,CastellaBot
5631,WHITE,B2,CastellaBot
5632,WHITE,B4,CastellaBot
5633,WHITE,B7,CastellaBot
5634,WHITE,B8,CastellaBot
5635,WHITE,F2,CastellaBot
5636,WHITE,F7,CastellaBot
5637,WHITE,G2,CastellaBot
5638,WHITE,G6,CastellaBot
5639,WHITE,G7,CastellaBot
5640,WHITE,H2,CastellaBot
5641,BLACK,B4,Human
5642,WHITE,A5,CastellaBot
5643,WHITE,B3,CastellaBot
5644,WHITE,B5,CastellaBot
5645,WHITE,B6,CastellaBot
5646,WHITE,B7,CastellaBot
5647,WHITE,F7,CastellaBot
5648,WHITE,G2,CastellaBot
5649,WHITE,G6,CastellaBot
5650,WHITE,G7,CastellaBot
5651,WHITE,H5,CastellaBot
5652,BLACK,B5,Human
5653,WHITE,A5,CastellaBot
5654,BLACK,B6,Human
5655,WHITE,A6,CastellaBot
5656,BLACK,F2,Human
5657,WHITE,B7,CastellaBot
5658,WHITE,F7,CastellaBot
5659,BLACK,G6,Human
5660,WHITE,B7,CastellaBot
5661,WHITE,B8,CastellaBot
5662,BLACK,H5,Human
5663,WHITE,B7,CastellaBot
5664,WHITE,B8,CastellaBot
5665,WHITE,B8,CastellaBot
5666,BLACK,A8,Human
5667,WHITE,F7,CastellaBot
5668,BLACK,B3,Human
5669,WHITE,A2,CastellaBot
5670,WHITE,A4,CastellaBot
5671,WHITE,B2,CastellaBot
5672,WHITE,B4,CastellaBot
5673,WHITE,F2,CastellaBot
5674,WHITE,G2,CastellaBot
5675,WHITE,G6,CastellaBot
5676,WHITE,H2,CastellaBot
5677,WHITE,H5,CastellaBot
5678,WHITE,H6,CastellaBot
5679,BLACK,B4,Human
5680,WHITE,A5,CastellaBot
5681,WHITE,B3,CastellaBot
5682,WHITE,B5,CastellaBot
5683,WHITE,B6,CastellaBot
5684,WHITE,H2,CastellaBot
5685,WHITE,H5,CastellaBot
5686,WHITE,H6,CastellaBot
5687,BLACK,B5,Human
5688,WHITE,A6,CastellaBot
5689,WHITE,B4,CastellaBot
5690,WHITE,B6,CastellaBot
5691,BLACK,B6,Human
5692,WHITE,A6,CastellaBot
5693,BLACK,F2,Human
5694,WHITE,G1,CastellaBot
5695,WHITE,G2,CastellaBot
5696,WHITE,G6,CastellaBot
5697,BLACK,G6,Human
5698,WHITE,G2,CastellaBot
5699,WHITE,G2,CastellaBot
5700,BLACK,B2,Human
5701,WHITE,A2,CastellaBot
5702,WHITE,A3,CastellaBot
5703,WHITE,B3,CastellaBot
5704,WHITE,B4,CastellaBot
5705,WHITE,F7,CastellaBot
5706,WHITE,G6,CastellaBot
5707,WHITE,G7,CastellaBot
5708,WHITE,H5,CastellaBot
5709,WHITE,H6,CastellaBot
5710,BLACK,B3,Human
5711,WHITE,A2,CastellaBot
5712,WHITE,A4,CastellaBot
5713,WHITE,B2,CastellaBot
5714,WHITE,B4,CastellaBot
5715,WHITE,F2,CastellaBot
5716,WHITE,F7,CastellaBot
5717,WHITE,G6,CastellaBot
5718,WHITE,G7,CastellaBot
5719,WHITE,H2,CastellaBot
5720,WHITE,H5,CastellaBot
5721,WHITE,H6,CastellaBot
5722,BLACK,B4,Human
5723,WHITE,A5,CastellaBot
5724,WHITE,B3,CastellaBot
5725,WHITE,B5,CastellaBot
5726,WHITE,B6,CastellaBot
5727,WHITE,F7,CastellaBot
5728,WHITE,G6,CastellaBot
5729,WHITE,G7,CastellaBot
5730,WHITE,H5,CastellaBot
5731,WHITE,H6,CastellaBot
5732,BLACK,B5,Human
5733,WHITE,A6,CastellaBot
5734,WHITE,B4,CastellaBot
5735,WHITE,B6,CastellaBot
5736,BLACK,B6,Human
5737,WHITE,A7,CastellaBot
5738,WHITE,B5,CastellaBot
5739,BLACK,B7,Human
5740,WHITE,F7,CastellaBot
5741,BLACK,F2,Human
5742,WHITE,F7,CastellaBot
5743,BLACK,G1,Human
5744,WHITE,F7,CastellaBot
5745,BLACK,H2,Human
5746,WHITE,B7,CastellaBot
5747,WHITE,F7,CastellaBot
5748,WHITE,G6,CastellaBot
5749,BLACK,B3,Human
5750,WHITE,A2,CastellaBot
5751,WHITE,A4,CastellaBot
5752,WHITE,B2,CastellaBot
5753,WHITE,B4,CastellaBot
5754,WHITE,F2,CastellaBot
5755,WHITE,F7,CastellaBot
5756,WHITE,G2,CastellaBot
5757,WHITE,H2,CastellaBot
5758,BLACK,B4,Human
5759,WHITE,A5,CastellaBot
5760,WHITE,B3,CastellaBot
5761,WHITE,B5,CastellaBot
5762,WHITE,B6,CastellaBot
5763,WHITE,F7,CastellaBot
5764,WHITE,G2,CastellaBot
5765,WHITE,H2,CastellaBot
5766,WHITE,H5,CastellaBot
5767,BLACK,B5,Human
5768,WHITE,A5,CastellaBot
5769,BLACK,B6,Human
5770,WHITE,A6,CastellaBot
5771,BLACK,B7,Human
5772,WHITE,G2,CastellaBot
5773,BLACK,G7,Human
5774,WHITE,F7,CastellaBot
5775,WHITE,G7,CastellaBot
5776,BLACK,B3,Human
5777,WHITE,A2,CastellaBot
5778,WHITE,A4,CastellaBot
5779,WHITE,B2,CastellaBot
5780,WHITE,B4,CastellaBot
5781,WHITE,F2,CastellaBot
5782,WHITE,F7,CastellaBot
5783,WHITE,G2,CastellaBot
5784,WHITE,G6,CastellaBot
5785,WHITE,H2,CastellaBot
5786,WHITE,H5,CastellaBot
5787,WHITE,H6,CastellaBot
5788,BLACK,B4,Human
5789,WHITE,A5,CastellaBot
5790,WHITE,B3,CastellaBot
5791,WHITE,B5,CastellaBot
5792,WHITE,B6,CastellaBot
5793,WHITE,F7,CastellaBot
5794,WHITE,H2,CastellaBot
5795,WHITE,H5,CastellaBot
5796,WHITE,H6,CastellaBot
5797,BLACK,B5,Human
5798,WHITE,A6,CastellaBot
5799,WHITE,B4,CastellaBot
5800,WHITE,B6,CastellaBot
5801,BLACK,B6,Human
5802,WHITE,A6,CastellaBot
5803,BLACK,B7,Human
5804,WHITE,G2,CastellaBot
5805,BLACK,H6,Human
5806,WHITE,F7,CastellaBot
5807,WHITE,H2,CastellaBot
5808,BLACK,B2,Human
5809,WHITE,A2,CastellaBot
5810,WHITE,A3,CastellaBot
5811,WHITE,B3,CastellaBot
5812,WHITE,B4,CastellaBot
5813,WHITE,F7,CastellaBot
5814,WHITE,G6,CastellaBot
5815,WHITE,G7,CastellaBot
5816,WHITE,H5,CastellaBot
5817,WHITE,H6,CastellaBot
5818,BLACK,B3,Human
5819,WHITE,A2,CastellaBot
5820,WHITE,A4,CastellaBot
5821,WHITE,B2,CastellaBot
5822,WHITE,B4,CastellaBot
5823,WHITE,F2,CastellaBot
5824,WHITE,F7,CastellaBot
5825,WHITE,G2,CastellaBot
5826,WHITE,G6,CastellaBot
5827,WHITE,G7,CastellaBot
5828,WHITE,H5,CastellaBot
5829,WHITE,H6,CastellaBot
5830,BLACK,B4,Human
5831,WHITE,A5,CastellaBot
5832,WHITE,B3,CastellaBot
5833,WHITE,B5,CastellaBot
5834,WHITE,B6,CastellaBot
5835,WHITE,F7,CastellaBot
5836,WHITE,G6,CastellaBot
5837,WHITE,G7,CastellaBot
5838,WHITE,H5,CastellaBot
5839,WHITE,H6,CastellaBot
5840,BLACK,B5,Human
5841,WHITE,A6,CastellaBot
5842,WHITE,B4,CastellaBot
5843,WHITE,B6,CastellaBot
5844,WHITE,B7,CastellaBot
5845,WHITE,F7,CastellaBot
5846,WHITE,G6,CastellaBot
5847,WHITE,G7,CastellaBot
5848,WHITE,H5,CastellaBot
5849,WHITE,H6,CastellaBot
5850,BLACK,B6,Human
5851,WHITE,A7,CastellaBot
5852,WHITE,B5,CastellaBot
5853,WHITE,B7,CastellaBot
5854,WHITE,F7,CastellaBot
5855,BLACK,B7,Human
5856,WHITE,F7,CastellaBot
5857,BLACK,F2,Human
5858,WHITE,F7,CastellaBot
5859,BLACK,G2,Human
5860,WHITE,F2,CastellaBot
5861,WHITE,F7,CastellaBot
5862,BLACK,H1,Human
5863,WHITE,F7,CastellaBot
5864,WHITE,G6,CastellaBot
5865,WHITE,G7,CastellaBot
5866,WHITE,H5,CastellaBot
5867,WHITE,H6,CastellaBot
5868,WHITE,H5,CastellaBot
5869,BLACK,B2,Human
5870,WHITE,A2,CastellaBot
5871,WHITE,A3,CastellaBot
5872,WHITE,B3,CastellaBot
5873,WHITE,B4,CastellaBot
5874,WHITE,F7,CastellaBot
5875,WHITE,G2,CastellaBot
5876,WHITE,G6,CastellaBot
5877,WHITE,G7,CastellaBot
5878,WHITE,H2,CastellaBot
5879,BLACK,B3,Human
5880,WHITE,A2,CastellaBot
5881,WHITE,A4,CastellaBot
5882,WHITE,B2,CastellaBot
5883,WHITE,B4,CastellaBot
5884,WHITE,F2,CastellaBot
5885,WHITE,F7,CastellaBot
5886,WHITE,G2,CastellaBot
5887,WHITE,G6,CastellaBot
5888,WHITE,G7,CastellaBot
5889,WHITE,H2,CastellaBot
5890,BLACK,B4,Human
5891,WHITE,A5,CastellaBot
5892,WHITE,B3,CastellaBot
5893,WHITE,B5,CastellaBot
5894,WHITE,B6,CastellaBot
5895,WHITE,F7,CastellaBot
5896,WHITE,G2,CastellaBot
5897,WHITE,G6,CastellaBot
5898,WHITE,G7,CastellaBot
5899,WHITE,H2,CastellaBot
5900,BLACK,B5,Human
5901,WHITE,A5,CastellaBot
5902,WHITE,A6,CastellaBot
5903,BLACK,B6,Human
5904,WHITE,A7,CastellaBot
5905,WHITE,B5,CastellaBot
5906,WHITE,B7,CastellaBot
5907,WHITE,F7,CastellaBot
5908,BLACK,B7,Human
5909,WHITE,F7,CastellaBot
5910,BLACK,F2,Human
5911,WHITE,F7,CastellaBot
5912,BLACK,G6,Human
5913,WHITE,F7,CastellaBot
5914,BLACK,H6,Human
5915,WHITE,F7,CastellaBot
5916,WHITE,H6,CastellaBot
5917,BLACK,B2,Human
5918,WHITE,A2,CastellaBot
5919,WHITE,A3,CastellaBot
5920,WHITE,B3,CastellaBot
5921,WHITE,B4,CastellaBot
5922,WHITE,F7,CastellaBot
5923,WHITE,G2,CastellaBot
5924,WHITE,G6,CastellaBot
5925,WHITE,G7,CastellaBot
5926,WHITE,H2,CastellaBot
5927,BLACK,B3,Human
5928,WHITE,A2,CastellaBot
5929,WHITE,A4,CastellaBot
5930,WHITE,B2,CastellaBot
5931,WHITE,B4,CastellaBot
5932,WHITE,F2,CastellaBot
5933,WHITE,F7,CastellaBot
5934,WHITE,G2,CastellaBot
5935,WHITE,G6,CastellaBot
5936,WHITE,G7,CastellaBot
5937,WHITE,H2,CastellaBot
5938,BLACK,B4,Human
5939,WHITE,A5,CastellaBot
5940,WHITE,B3,CastellaBot
5941,WHITE,B5,CastellaBot
5942,WHITE,B6,CastellaBot
5943,WHITE,F7,CastellaBot
5944,WHITE,G2,CastellaBot
5945,WHITE,G6,CastellaBot
5946,WHITE,G7,CastellaBot
5947,WHITE,H2,CastellaBot
5948,WHITE,H5,CastellaBot
5949,BLACK,B5,Human
5950,WHITE,A5,CastellaBot
5951,BLACK,B6,Human
5952,WHITE,A7,CastellaBot
5953,WHITE,B5,CastellaBot
5954,BLACK,B7,Human
5955,WHITE,F7,CastellaBot
5956,BLACK,F2,Human
5957,WHITE,F7,CastellaBot
5958,BLACK,G6,Human
5959,WHITE,F7,CastellaBot
5960,WHITE,H5,CastellaBot
5961,BLACK,H6,Human
5962,WHITE,F7,CastellaBot
5963,BLACK,B3,Human
5964,WHITE,A2,CastellaBot
5965,WHITE,A4,CastellaBot
5966,WHITE,B2,CastellaBot
5967,WHITE,B4,CastellaBot
5968,WHITE,F2,CastellaBot
5969,WHITE,G2,CastellaBot
5970,WHITE,H2,CastellaBot
5971,BLACK,B4,Human
5972,WHITE,A5,CastellaBot
5973,WHITE,B3,CastellaBot
5974,WHITE,B5,CastellaBot
5975,WHITE,B6,CastellaBot
5976,WHITE,G2,CastellaBot
5977,WHITE,H2,CastellaBot
5978,BLACK,B5,Human
5979,WHITE,A6,CastellaBot
5980,WHITE,B4,CastellaBot
5981,WHITE,B6,CastellaBot
5982,BLACK,B6,Human
5983,WHITE,A6,CastellaBot
5984,BLACK,F2,Human
5985,WHITE,G1,CastellaBot
5986,WHITE,G2,CastellaBot
5987,WHITE,G6,CastellaBot
5988,BLACK,G6,Human
5989,WHITE,G7,CastellaBot
5990,WHITE,G2,CastellaBot
5991,BLACK,B2,Human
5992,WHITE,A2,CastellaBot
5993,WHITE,A3,CastellaBot
5994,WHITE,B3,CastellaBot
5995,WHITE,B4,CastellaBot
5996,WHITE,F7,CastellaBot
5997,WHITE,G6,CastellaBot
5998,WHITE,G7,CastellaBot
5999,BLACK,B3,Human
6000,WHITE,A2,CastellaBot
6001,WHITE,A4,CastellaBot
6002,WHITE,B2,CastellaBot
6003,WHITE,B4,CastellaBot
6004,WHITE,F2,CastellaBot
6005,WHITE,F7,CastellaBot
6006,WHITE,G6,CastellaBot
6007,WHITE,G7,CastellaBot
6008,WHITE,H2,CastellaBot
6009,BLACK,B4,Human
6010,WHITE,A5,CastellaBot
6011,WHITE,B3,CastellaBot
6012,WHITE,B5,CastellaBot
6013,WHITE,B6,CastellaBot
6014,WHITE,F7,CastellaBot
6015,WHITE,G6,CastellaBot
6016,WHITE,G7,CastellaBot
6017,BLACK,B5,Human
6018,WHITE,A6,CastellaBot
6019,WHITE,B4,CastellaBot
6020,WHITE,B6,CastellaBot
6021,BLACK,B6,Human
6022,WHITE,A7,CastellaBot
6023,WHITE,B5,CastellaBot
6024,BLACK,B7,Human
6025,WHITE,F7,CastellaBot
6026,BLACK,F2,Human
6027,WHITE,F7,CastellaBot
6028,BLACK,H2,Human
6029,WHITE,B7,CastellaBot
6030,WHITE,F7,CastellaBot
6031,WHITE,G6,CastellaBot
6032,BLACK,B3,Human
6033,WHITE,A2,CastellaBot
6034,WHITE,A4,CastellaBot
6035,WHITE,B2,CastellaBot
6036,WHITE,B4,CastellaBot
6037,WHITE,F2,CastellaBot
6038,WHITE,F7,CastellaBot
6039,WHITE,G2,CastellaBot
6040,WHITE,H2,CastellaBot
6041,BLACK,B4,Human
6042,WHITE,A5,CastellaBot
6043,WHITE,B3,CastellaBot
6044,WHITE,B5,CastellaBot
6045,WHITE,B6,CastellaBot
6046,WHITE,F7,CastellaBot
6047,WHITE,G2,CastellaBot
6048,WHITE,H2,CastellaBot
6049,BLACK,B5,Human
6050,WHITE,A6,CastellaBot
6051,WHITE,B4,CastellaBot
6052,WHITE,B6,CastellaBot
6053,BLACK,B6,Human
6054,WHITE,A7,CastellaBot
6055,WHITE,B5,CastellaBot
6056,BLACK,B7,Human
6057,WHITE,G2,CastellaBot
6058,BLACK,F7,Human
6059,WHITE,G2,CastellaBot
6060,BLACK,G7,Human
6061,WHITE,F7,CastellaBot
6062,WHITE,G7,CastellaBot
6063,BLACK,B3,Human
6064,WHITE,A2,CastellaBot
6065,WHITE,A4,CastellaBot
6066,WHITE,B2,CastellaBot
6067,WHITE,B4,CastellaBot
6068,WHITE,F2,CastellaBot
6069,WHITE,F7,CastellaBot
6070,WHITE,G2,CastellaBot
6071,WHITE,H2,CastellaBot
6072,BLACK,B4,Human
6073,WHITE,A5,CastellaBot
6074,WHITE,B3,CastellaBot
6075,WHITE,B5,CastellaBot
6076,WHITE,B6,CastellaBot
6077,WHITE,F7,CastellaBot
6078,WHITE,G2,CastellaBot
6079,WHITE,H2,CastellaBot
6080,BLACK,B5,Human
6081,WHITE,A6,CastellaBot
6082,WHITE,B4,CastellaBot
6083,WHITE,B6,CastellaBot
6084,BLACK,B6,Human
6085,WHITE,A6,CastellaBot
6086,BLACK,B7,Human
6087,WHITE,G2,CastellaBot
6088,BLACK,G6,Human
6089,WHITE,F7,CastellaBot
6090,WHITE,H2,CastellaBot
6091,BLACK,B2,Human
6092,WHITE,A2,CastellaBot
6093,WHITE,A3,CastellaBot
6094,WHITE,B3,CastellaBot
6095,WHITE,B4,CastellaBot
6096,WHITE,F7,CastellaBot
6097,WHITE,G6,CastellaBot
6098,WHITE,G7,CastellaBot
6099,WHITE,H7,CastellaBot
6100,BLACK,B3,Human
6101,WHITE,A2,CastellaBot
6102,WHITE,A4,CastellaBot
6103,WHITE,B2,CastellaBot
6104,WHITE,B4,CastellaBot
6105,WHITE,F2,CastellaBot
6106,WHITE,F7,CastellaBot
6107,WHITE,G2,CastellaBot
6108,WHITE,G6,CastellaBot
6109,WHITE,G7,CastellaBot
6110,WHITE,H7,CastellaBot
6111,BLACK,B4,Human
6112,WHITE,A5,CastellaBot
6113,WHITE,B3,CastellaBot
6114,WHITE,B5,CastellaBot
6115,WHITE,B6,CastellaBot
6116,WHITE,F7,CastellaBot
6117,WHITE,G6,CastellaBot
6118,WHITE,G7,CastellaBot
6119,WHITE,H7,CastellaBot
6120,BLACK,B5,Human
6121,WHITE,A6,CastellaBot
6122,WHITE,B4,CastellaBot
6123,WHITE,B6,CastellaBot
6124,WHITE,B7,CastellaBot
6125,WHITE,F7,CastellaBot
6126,WHITE,G6,CastellaBot
6127,WHITE,G7,CastellaBot
6128,WHITE,H7,CastellaBot
6129,BLACK,B6,Human
6130,WHITE,A7,CastellaBot
6131,WHITE,B5,CastellaBot
6132,WHITE,B7,CastellaBot
6133,WHITE,F7,CastellaBot
6134,WHITE,G7,CastellaBot
6135,WHITE,H7,CastellaBot
6136,BLACK,B7,Human
6137,WHITE,F7,CastellaBot
6138,BLACK,F2,Human
6139,WHITE,F7,CastellaBot
6140,BLACK,H1,Human
6141,WHITE,F7,CastellaBot
6142,WHITE,G6,CastellaBot
6143,WHITE,G7,CastellaBot
6144,WHITE,G6,CastellaBot
6145,BLACK,F7,Human
6146,WHITE,G2,CastellaBot
6147,BLACK,B3,Human
6148,WHITE,A4,CastellaBot
6149,WHITE,B2,CastellaBot
6150,WHITE,B4,CastellaBot
6151,WHITE,B5,CastellaBot
6152,WHITE,F2,CastellaBot
6153,WHITE,G7,CastellaBot
6154,WHITE,H2,CastellaBot
6155,WHITE,H7,CastellaBot
6156,BLACK,B4,Human
6157,WHITE,A5,CastellaBot
6158,WHITE,B3,CastellaBot
6159,BLACK,B5,Human
6160,WHITE,A6,CastellaBot
6161,WHITE,B4,CastellaBot
6162,WHITE,B6,CastellaBot
6163,BLACK,B6,Human
6164,WHITE,A7,CastellaBot
6165,WHITE,B5,CastellaBot
6166,BLACK,B7,Human
6167,WHITE,G7,CastellaBot
6168,BLACK,F2,Human
6169,WHITE,G1,CastellaBot
6170,WHITE,G7,CastellaBot
6171,WHITE,G8,CastellaBot
6172,WHITE,H2,CastellaBot
6173,WHITE,H7,CastellaBot
6174,BLACK,G1,Human
6175,WHITE,G7,CastellaBot
6176,BLACK,H2,Human
6177,WHITE,B7,CastellaBot
6178,WHITE,G7,CastellaBot
6179,BLACK,B3,Human
6180,WHITE,A2,CastellaBot
6181,WHITE,A4,CastellaBot
6182,WHITE,B2,CastellaBot
6183,WHITE,B4,CastellaBot
6184,WHITE,F2,CastellaBot
6185,WHITE,G2,CastellaBot
6186,WHITE,H2,CastellaBot
6187,BLACK,B4,Human
6188,WHITE,A5,CastellaBot
6189,WHITE,B3,CastellaBot
6190,WHITE,B5,CastellaBot
6191,WHITE,B6,CastellaBot
6192,WHITE,G2,CastellaBot
6193,WHITE,H2,CastellaBot
6194,BLACK,B5,Human
6195,WHITE,A6,CastellaBot
6196,WHITE,B4,CastellaBot
6197,WHITE,B6,CastellaBot
6198,BLACK,B6,Human
6199,WHITE,A7,CastellaBot
6200,WHITE,B5,CastellaBot
6201,WHITE,B7,CastellaBot
6202,WHITE,G2,CastellaBot
6203,WHITE,H2,CastellaBot
6204,WHITE,H7,CastellaBot
6205,BLACK,F2,Human
6206,WHITE,G1,CastellaBot
6207,WHITE,G2,CastellaBot
6208,WHITE,G8,CastellaBot
6209,WHITE,H2,CastellaBot
6210,BLACK,G8,Human
6211,WHITE,H2,CastellaBot
6212,WHITE,G8,CastellaBot
6213,BLACK,B3,Human
6214,WHITE,A2,CastellaBot
6215,WHITE,A4,CastellaBot
6216,WHITE,B2,CastellaBot
6217,WHITE,B4,CastellaBot
6218,WHITE,F2,CastellaBot
6219,WHITE,G2,CastellaBot
6220,WHITE,G7,CastellaBot
6221,WHITE,H2,CastellaBot
6222,WHITE,H7,CastellaBot
6223,BLACK,B4,Human
6224,WHITE,A5,CastellaBot
6225,WHITE,B3,CastellaBot
6226,WHITE,B5,CastellaBot
6227,WHITE,B6,CastellaBot
6228,WHITE,G2,CastellaBot
6229,WHITE,G7,CastellaBot
6230,WHITE,H2,CastellaBot
6231,WHITE,H7,CastellaBot
6232,BLACK,B5,Human
6233,WHITE,A6,CastellaBot
6234,WHITE,B4,CastellaBot
6235,WHITE,B6,CastellaBot
6236,BLACK,B6,Human
6237,WHITE,A7,CastellaBot
6238,WHITE,B5,CastellaBot
6239,WHITE,B7,CastellaBot
6240,WHITE,G2,CastellaBot
6241,WHITE,G7,CastellaBot
6242,WHITE,H2,CastellaBot
6243,WHITE,H7,CastellaBot
6244,BLACK,B7,Human
6245,WHITE,A7,CastellaBot
6246,BLACK,F2,Human
6247,WHITE,G1,CastellaBot
6248,WHITE,G2,CastellaBot
6249,WHITE,G7,CastellaBot
6250,WHITE,H2,CastellaBot
6251,WHITE,H7,CastellaBot
6252,BLACK,G7,Human
6253,WHITE,G2,CastellaBot
6254,BLACK,H8,Human
6255,WHITE,G2,CastellaBot
6256,WHITE,G7,CastellaBot
6257,WHITE,H2,CastellaBot
6258,WHITE,H7,CastellaBot
6259,WHITE,H2,CastellaBot
6260,BLACK,B3,Human
6261,WHITE,A4,CastellaBot
6262,WHITE,B2,CastellaBot
6263,WHITE,B4,CastellaBot
6264,WHITE,B5,CastellaBot
6265,WHITE,F2,CastellaBot
6266,WHITE,G2,CastellaBot
6267,WHITE,G7,CastellaBot
6268,WHITE,H7,CastellaBot
6269,BLACK,B4,Human
6270,WHITE,A5,CastellaBot
6271,WHITE,B3,CastellaBot
6272,WHITE,B5,CastellaBot
6273,WHITE,B6,CastellaBot
6274,WHITE,G7,CastellaBot
6275,WHITE,G8,CastellaBot
6276,WHITE,H7,CastellaBot
6277,BLACK,B5,Human
6278,WHITE,A6,CastellaBot
6279,WHITE,B4,CastellaBot
6280,WHITE,B6,CastellaBot
6281,WHITE,B7,CastellaBot
6282,WHITE,G7,CastellaBot
6283,WHITE,G8,CastellaBot
6284,WHITE,H7,CastellaBot
6285,BLACK,B6,Human
6286,WHITE,A7,CastellaBot
6287,WHITE,B5,CastellaBot
6288,WHITE,B7,CastellaBot
6289,WHITE,G7,CastellaBot
6290,WHITE,G8,CastellaBot
6291,WHITE,H7,CastellaBot
6292,BLACK,B7,Human
6293,WHITE,G7,CastellaBot
6294,BLACK,F2,Human
6295,WHITE,G1,CastellaBot
6296,WHITE,G2,CastellaBot
6297,WHITE,G7,CastellaBot
6298,WHITE,G8,CastellaBot
6299,WHITE,H7,CastellaBot
6300,BLACK,G2,Human
6301,WHITE,F2,CastellaBot
6302,WHITE,G7,CastellaBot
6303,BLACK,H1,Human
6304,WHITE,G7,CastellaBot
6305,WHITE,G8,CastellaBot
6306,WHITE,H7,CastellaBot
6307,WHITE,H7,CastellaBot
6308,BLACK,B3,Human
6309,WHITE,A4,CastellaBot
6310,WHITE,B2,CastellaBot
6311,WHITE,B4,CastellaBot
6312,WHITE,B5,CastellaBot
6313,WHITE,F2,CastellaBot
6314,WHITE,G2,CastellaBot
6315,WHITE,G7,CastellaBot
6316,WHITE,H2,CastellaBot
6317,BLACK,B4,Human
6318,WHITE,A5,CastellaBot
6319,WHITE,B3,CastellaBot
6320,WHITE,B5,CastellaBot
6321,WHITE,B6,CastellaBot
6322,WHITE,G2,CastellaBot
6323,WHITE,G7,CastellaBot
6324,WHITE,G8,CastellaBot
6325,WHITE,H2,CastellaBot
6326,BLACK,B5,Human
6327,WHITE,A6,CastellaBot
6328,WHITE,B4,CastellaBot
6329,WHITE,B6,CastellaBot
6330,WHITE,B7,CastellaBot
6331,WHITE,G2,CastellaBot
6332,WHITE,G7,CastellaBot
6333,WHITE,G8,CastellaBot
6334,WHITE,H2,CastellaBot
6335,BLACK,B6,Human
6336,WHITE,A7,CastellaBot
6337,WHITE,B5,CastellaBot
6338,WHITE,B7,CastellaBot
6339,WHITE,G2,CastellaBot
6340,WHITE,G7,CastellaBot
6341,WHITE,G8,CastellaBot
6342,WHITE,H2,CastellaBot
6343,BLACK,B7,Human
6344,WHITE,G2,CastellaBot
6345,WHITE,G8,CastellaBot
6346,BLACK,F2,Human
6347,WHITE,G1,CastellaBot
6348,WHITE,G2,CastellaBot
6349,WHITE,G7,CastellaBot
6350,WHITE,G8,CastellaBot
6351,WHITE,H2,CastellaBot
6352,BLACK,G7,Human
6353,WHITE,G8,CastellaBot
6354,BLACK,H8,Human
6355,WHITE,G2,CastellaBot
6356,WHITE,G7,CastellaBot
6357,WHITE,G8,CastellaBot
6358,WHITE,H2,CastellaBot
6359,WHITE,H2,CastellaBot
6360,BLACK,F2,Human
6361,WHITE,G1,CastellaBot
6362,BLACK,B2,Human
6363,WHITE,A2,CastellaBot
6364,WHITE,A3,CastellaBot
6365,WHITE,B3,CastellaBot
6366,WHITE,B4,CastellaBot
6367,WHITE,G2,CastellaBot
6368,WHITE,G7,CastellaBot
6369,WHITE,G8,CastellaBot
6370,WHITE,H7,CastellaBot
6371,BLACK,B3,Human
6372,WHITE,A4,CastellaBot
6373,WHITE,B2,CastellaBot
6374,WHITE,B4,CastellaBot
6375,WHITE,B5,CastellaBot
6376,WHITE,G2,CastellaBot
6377,WHITE,G7,CastellaBot
6378,WHITE,H7,CastellaBot
6379,BLACK,B4,Human
6380,WHITE,A4,CastellaBot
6381,WHITE,A5,CastellaBot
6382,WHITE,B3,CastellaBot
6383,WHITE,B5,CastellaBot
6384,WHITE,B6,CastellaBot
6385,WHITE,G2,CastellaBot
6386,WHITE,G7,CastellaBot
6387,WHITE,G8,CastellaBot
6388,WHITE,H7,CastellaBot
6389,BLACK,B5,Human
6390,WHITE,A5,CastellaBot
6391,WHITE,A6,CastellaBot
6392,WHITE,B4,CastellaBot
6393,WHITE,B6,CastellaBot
6394,WHITE,B7,CastellaBot
6395,WHITE,G2,CastellaBot
6396,WHITE,G7,CastellaBot
6397,WHITE,G8,CastellaBot
6398,WHITE,H7,CastellaBot
6399,BLACK,B6,Human
6400,WHITE,A7,CastellaBot
6401,WHITE,B5,CastellaBot
6402,WHITE,B7,CastellaBot
6403,WHITE,G2,CastellaBot
6404,WHITE,G7,CastellaBot
6405,WHITE,G8,CastellaBot
6406,WHITE,H7,CastellaBot
6407,BLACK,B7,Human
6408,WHITE,B6,CastellaBot
6409,WHITE,G2,CastellaBot
6410,WHITE,G7,CastellaBot
6411,WHITE,G8,CastellaBot
6412,WHITE,H7,CastellaBot
6413,BLACK,H1,Human
6414,WHITE,G2,CastellaBot
6415,WHITE,G7,CastellaBot
6416,WHITE,G8,CastellaBot
6417,WHITE,H7,CastellaBot
6418,WHITE,G2,CastellaBot
6419,BLACK,B2,Human
6420,WHITE,A2,CastellaBot
6421,WHITE,A3,CastellaBot
6422,WHITE,B3,CastellaBot
6423,WHITE,B4,CastellaBot
6424,WHITE,G7,CastellaBot
6425,WHITE,G8,CastellaBot
6426,WHITE,H7,CastellaBot
6427,BLACK,B3,Human
6428,WHITE,A4,CastellaBot
6429,WHITE,B2,CastellaBot
6430,WHITE,B4,CastellaBot
6431,WHITE,B5,CastellaBot
6432,WHITE,G7,CastellaBot
6433,WHITE,H7,CastellaBot
6434,BLACK,B4,Human
6435,WHITE,A4,CastellaBot
6436,BLACK,B5,Human
6437,WHITE,A5,CastellaBot
6438,BLACK,B6,Human
6439,WHITE,A7,CastellaBot
6440,WHITE,B5,CastellaBot
6441,WHITE,B7,CastellaBot
6442,WHITE,G7,CastellaBot
6443,WHITE,G8,CastellaBot
6444,WHITE,H7,CastellaBot
6445,BLACK,B7,Human
6446,WHITE,G7,CastellaBot
6447,BLACK,G1,Human
6448,WHITE,G7,CastellaBot
6449,BLACK,H1,Human
6450,WHITE,G7,CastellaBot
6451,WHITE,G8,CastellaBot
6452,WHITE,H7,CastellaBot
6453,WHITE,G7,CastellaBot
6454,BLACK,B2,Human
6455,WHITE,A3,CastellaBot
6456,WHITE,B3,CastellaBot
6457,WHITE,G1,CastellaBot
6458,WHITE,G2,CastellaBot
6459,WHITE,H7,CastellaBot
6460,BLACK,B3,Human
6461,WHITE,A2,CastellaBot
6462,WHITE,A4,CastellaBot
6463,WHITE,B2,CastellaBot
6464,WHITE,B4,CastellaBot
6465,WHITE,G1,CastellaBot
6466,WHITE,G2,CastellaBot
6467,WHITE,H7,CastellaBot
6468,BLACK,B4,Human
6469,WHITE,A4,CastellaBot
6470,WHITE,A5,CastellaBot
6471,WHITE,B3,CastellaBot
6472,WHITE,B5,CastellaBot
6473,WHITE,B6,CastellaBot
6474,WHITE,G1,CastellaBot
6475,WHITE,G2,CastellaBot
6476,WHITE,H7,CastellaBot
6477,BLACK,B5,Human
6478,WHITE,A5,CastellaBot
6479,WHITE,A6,CastellaBot
6480,WHITE,B4,CastellaBot
6481,WHITE,B6,CastellaBot
6482,WHITE,B7,CastellaBot
6483,WHITE,G1,CastellaBot
6484,WHITE,G2,CastellaBot
6485,WHITE,H7,CastellaBot
6486,BLACK,B6,Human
6487,WHITE,B4,CastellaBot
6488,WHITE,B5,CastellaBot
6489,WHITE,B7,CastellaBot
6490,WHITE,G2,CastellaBot
6491,WHITE,H7,CastellaBot
6492,BLACK,B7,Human
6493,WHITE,A7,CastellaBot
6494,WHITE,B5,CastellaBot
6495,BLACK,G8,Human
6496,WHITE,G1,CastellaBot
6497,BLACK,H1,Human
6498,WHITE,G1,CastellaBot
6499,WHITE,G2,CastellaBot
6500,BLACK,H7,Human
6501,WHITE,G1,CastellaBot
6502,WHITE,G8,CastellaBot
6503,BLACK,B2,Human
6504,WHITE,A3,CastellaBot
6505,WHITE,B3,CastellaBot
6506,WHITE,B4,CastellaBot
6507,WHITE,G1,CastellaBot
6508,WHITE,G2,CastellaBot
6509,WHITE,G7,CastellaBot
6510,WHITE,H7,CastellaBot
6511,BLACK,B3,Human
6512,WHITE,A2,CastellaBot
6513,WHITE,A4,CastellaBot
6514,WHITE,B2,CastellaBot
6515,WHITE,B4,CastellaBot
6516,WHITE,G1,CastellaBot
6517,WHITE,G2,CastellaBot
6518,WHITE,G7,CastellaBot
6519,WHITE,H7,CastellaBot
6520,BLACK,B4,Human
6521,WHITE,A4,CastellaBot
6522,WHITE,A5,CastellaBot
6523,WHITE,B3,CastellaBot
6524,WHITE,B5,CastellaBot
6525,WHITE,B6,CastellaBot
6526,WHITE,G1,CastellaBot
6527,WHITE,G2,CastellaBot
6528,WHITE,G7,CastellaBot
6529,WHITE,H7,CastellaBot
6530,BLACK,B5,Human
6531,WHITE,A5,CastellaBot
6532,WHITE,A6,CastellaBot
6533,WHITE,B4,CastellaBot
6534,WHITE,B6,CastellaBot
6535,WHITE,B7,CastellaBot
6536,WHITE,G1,CastellaBot
6537,WHITE,G2,CastellaBot
6538,WHITE,G7,CastellaBot
6539,WHITE,H7,CastellaBot
6540,BLACK,B6,Human
6541,WHITE,B5,CastellaBot
6542,WHITE,B7,CastellaBot
6543,WHITE,G2,CastellaBot
6544,WHITE,G7,CastellaBot
6545,WHITE,H7,CastellaBot
6546,BLACK,B7,Human
6547,WHITE,A7,CastellaBot
6548,WHITE,B6,CastellaBot
6549,WHITE,G1,CastellaBot
6550,WHITE,G2,CastellaBot
6551,WHITE,G7,CastellaBot
6552,WHITE,H7,CastellaBot
6553,BLACK,G7,Human
6554,WHITE,G1,CastellaBot
6555,WHITE,G2,CastellaBot
6556,BLACK,H1,Human
6557,WHITE,G1,CastellaBot
6558,WHITE,G2,CastellaBot
6559,WHITE,G7,CastellaBot
6560,WHITE,H7,CastellaBot
6561,BLACK,H8,Human
6562,WHITE,G1,CastellaBot
6563,WHITE,G2,CastellaBot
6564,WHITE,H7,CastellaBot
6565,BLACK,B2,Human
6566,WHITE,A3,CastellaBot
6567,WHITE,B3,CastellaBot
6568,WHITE,B4,CastellaBot
6569,WHITE,G1,CastellaBot
6570,WHITE,G2,CastellaBot
6571,WHITE,G7,CastellaBot
6572,WHITE,G8,CastellaBot
6573,BLACK,B3,Human
6574,WHITE,A3,CastellaBot
6575,BLACK,B4,Human
6576,WHITE,A4,CastellaBot
6577,BLACK,B5,Human
6578,WHITE,A5,CastellaBot
6579,WHITE,A6,CastellaBot
6580,WHITE,B6,CastellaBot
6581,BLACK,B6,Human
6582,WHITE,A6,CastellaBot
6583,BLACK,B7,Human
6584,WHITE,B6,CastellaBot
6585,WHITE,G1,CastellaBot
6586,WHITE,G2,CastellaBot
6587,WHITE,G7,CastellaBot
6588,WHITE,G8,CastellaBot
6589,BLACK,G7,Human
6590,WHITE,G1,CastellaBot
6591,WHITE,H7,CastellaBot
6592,BLACK,B2,Human
6593,WHITE,A3,CastellaBot
6594,BLACK,A2,Human
6595,WHITE,B3,CastellaBot
6596,WHITE,B4,CastellaBot
6597,WHITE,G1,CastellaBot
6598,WHITE,G2,CastellaBot
6599,WHITE,G7,CastellaBot
6600,WHITE,G8,CastellaBot
6601,BLACK,B3,Human
6602,WHITE,A4,CastellaBot
6603,WHITE,B4,CastellaBot
6604,WHITE,B5,CastellaBot
6605,WHITE,G1,CastellaBot
6606,WHITE,G2,CastellaBot
6607,WHITE,G7,CastellaBot
6608,BLACK,B4,Human
6609,WHITE,A4,CastellaBot
6610,WHITE,A5,CastellaBot
6611,WHITE,B3,CastellaBot
6612,WHITE,B5,CastellaBot
6613,WHITE,B6,CastellaBot
6614,WHITE,G1,CastellaBot
6615,WHITE,G2,CastellaBot
6616,WHITE,G7,CastellaBot
6617,WHITE,G8,CastellaBot
6618,BLACK,B5,Human
6619,WHITE,A5,CastellaBot
6620,WHITE,A6,CastellaBot
6621,WHITE,B3,CastellaBot
6622,WHITE,B4,CastellaBot
6623,WHITE,B6,CastellaBot
6624,WHITE,B7,CastellaBot
6625,WHITE,G1,CastellaBot
6626,WHITE,G2,CastellaBot
6627,WHITE,G7,CastellaBot
6628,WHITE,G8,CastellaBot
6629,BLACK,B6,Human
6630,WHITE,A6,CastellaBot
6631,BLACK,B7,Human
6632,WHITE,B3,CastellaBot
6633,WHITE,B4,CastellaBot
6634,WHITE,B6,CastellaBot
6635,WHITE,G1,CastellaBot
6636,WHITE,G2,CastellaBot
6637,WHITE,G7,CastellaBot
6638,BLACK,G7,Human
6639,WHITE,B3,CastellaBot
6640,WHITE,B3,CastellaBot
6641,BLACK,A2,Human
6642,WHITE,A3,CastellaBot
6643,WHITE,A4,CastellaBot
6644,WHITE,B4,CastellaBot
6645,WHITE,B5,CastellaBot
6646,WHITE,G1,CastellaBot
6647,WHITE,G2,CastellaBot
6648,WHITE,G7,CastellaBot
6649,BLACK,A3,Human
6650,WHITE,A2,CastellaBot
6651,WHITE,A4,CastellaBot
6652,WHITE,B4,CastellaBot
6653,WHITE,G1,CastellaBot
6654,WHITE,G2,CastellaBot
6655,WHITE,G7,CastellaBot
6656,WHITE,G8,CastellaBot
6657,BLACK,B4,Human
6658,WHITE,A4,CastellaBot
6659,WHITE,A5,CastellaBot
6660,WHITE,B5,CastellaBot
6661,WHITE,B6,CastellaBot
6662,WHITE,G1,CastellaBot
6663,WHITE,G2,CastellaBot
6664,WHITE,G7,CastellaBot
6665,BLACK,B5,Human
6666,WHITE,A5,CastellaBot
6667,WHITE,A6,CastellaBot
6668,WHITE,B4,CastellaBot
6669,WHITE,B6,CastellaBot
6670,WHITE,B7,CastellaBot
6671,WHITE,G1,CastellaBot
6672,WHITE,G2,CastellaBot
6673,WHITE,G7,CastellaBot
6674,WHITE,G8,CastellaBot
6675,BLACK,B6,Human
6676,WHITE,A6,CastellaBot
6677,BLACK,B7,Human
6678,WHITE,B6,CastellaBot
6679,BLACK,G7,Human
6680,WHITE,G1,CastellaBot
6681,WHITE,B4,CastellaBot
6682,BLACK,A3,Human
6683,WHITE,A2,CastellaBot
6684,WHITE,A4,CastellaBot
6685,WHITE,A5,CastellaBot
6686,WHITE,B3,CastellaBot
6687,WHITE,B5,CastellaBot
6688,WHITE,B6,CastellaBot
6689,WHITE,G1,CastellaBot
6690,WHITE,G2,CastellaBot
6691,WHITE,G7,CastellaBot
6692,WHITE,G8,CastellaBot
6693,BLACK,A4,Human
6694,WHITE,A2,CastellaBot
6695,WHITE,A3,CastellaBot
6696,WHITE,A5,CastellaBot
6697,WHITE,B3,CastellaBot
6698,WHITE,B5,CastellaBot
6699,WHITE,G1,CastellaBot
6700,WHITE,G2,CastellaBot
6701,BLACK,B3,Human
6702,WHITE,A2,CastellaBot
6703,WHITE,A3,CastellaBot
6704,WHITE,A4,CastellaBot
6705,WHITE,B5,CastellaBot
6706,WHITE,G1,CastellaBot
6707,WHITE,G2,CastellaBot
6708,WHITE,G7,CastellaBot
6709,BLACK,B5,Human
6710,WHITE,A2,CastellaBot
6711,WHITE,A3,CastellaBot
6712,WHITE,A5,CastellaBot
6713,WHITE,A6,CastellaBot
6714,WHITE,B3,CastellaBot
6715,WHITE,B6,CastellaBot
6716,WHITE,B7,CastellaBot
6717,WHITE,G1,CastellaBot
6718,WHITE,G2,CastellaBot
6719,WHITE,G7,CastellaBot
6720,WHITE,G8,CastellaBot
6721,BLACK,B6,Human
6722,WHITE,A2,CastellaBot
6723,WHITE,A3,CastellaBot
6724,WHITE,A6,CastellaBot
6725,BLACK,B7,Human
6726,WHITE,A2,CastellaBot
6727,WHITE,A3,CastellaBot
6728,WHITE,B3,CastellaBot
6729,WHITE,B6,CastellaBot
6730,BLACK,G7,Human
6731,WHITE,A2,CastellaBot
6732,WHITE,A3,CastellaBot
6733,WHITE,G1,CastellaBot
6734,BLACK,B3,Human
6735,WHITE,A2,CastellaBot
6736,WHITE,A3,CastellaBot
6737,WHITE,A4,CastellaBot
6738,WHITE,B4,CastellaBot
6739,WHITE,B5,CastellaBot
6740,WHITE,G2,CastellaBot
6741,WHITE,G7,CastellaBot
6742,BLACK,B4,Human
6743,WHITE,A2,CastellaBot
6744,WHITE,A3,CastellaBot
6745,WHITE,A4,CastellaBot
6746,BLACK,B5,Human
6747,WHITE,A2,CastellaBot
6748,WHITE,A3,CastellaBot
6749,WHITE,A5,CastellaBot
6750,WHITE,A6,CastellaBot
6751,WHITE,B3,CastellaBot
6752,WHITE,B4,CastellaBot
6753,BLACK,B6,Human
6754,WHITE,A2,CastellaBot
6755,WHITE,A3,CastellaBot
6756,WHITE,A6,CastellaBot
6757,BLACK,B7,Human
6758,WHITE,A2,CastellaBot
6759,WHITE,A3,CastellaBot
6760,WHITE,B3,CastellaBot
6761,WHITE,B4,CastellaBot
6762,WHITE,B6,CastellaBot
6763,WHITE,G2,CastellaBot
6764,WHITE,G7,CastellaBot
6765,WHITE,G8,CastellaBot
6766,BLACK,G2,Human
6767,WHITE,A2,CastellaBot
6768,WHITE,A3,CastellaBot
6769,WHITE,B3,CastellaBot
6770,BLACK,G7,Human
6771,WHITE,A2,CastellaBot
6772,WHITE,A3,CastellaBot
6773,WHITE,B3,CastellaBot
6774,WHITE,G2,CastellaBot
6775,BLACK,B3,Human
6776,WHITE,A2,CastellaBot
6777,WHITE,A3,CastellaBot
6778,WHITE,A4,CastellaBot
6779,WHITE,B4,CastellaBot
6780,WHITE,B5,CastellaBot
6781,WHITE,G1,CastellaBot
6782,WHITE,G7,CastellaBot
6783,BLACK,B4,Human
6784,WHITE,A2,CastellaBot
6785,WHITE,A3,CastellaBot
6786,WHITE,A4,CastellaBot
6787,BLACK,B5,Human
6788,WHITE,A2,CastellaBot
6789,WHITE,A3,CastellaBot
6790,WHITE,A5,CastellaBot
6791,WHITE,A6,CastellaBot
6792,WHITE,B3,CastellaBot
6793,WHITE,B4,CastellaBot
6794,BLACK,B6,Human
6795,WHITE,A2,CastellaBot
6796,WHITE,A3,CastellaBot
6797,WHITE,A6,CastellaBot
6798,BLACK,B7,Human
6799,WHITE,A2,CastellaBot
6800,WHITE,A3,CastellaBot
6801,WHITE,B3,CastellaBot
6802,WHITE,G7,CastellaBot
6803,BLACK,A2,Human
6804,WHITE,A3,CastellaBot
6805,WHITE,B3,CastellaBot
6806,WHITE,G1,CastellaBot
6807,WHITE,G2,CastellaBot
6808,BLACK,B3,Human
6809,WHITE,A2,CastellaBot
6810,WHITE,A3,CastellaBot
6811,WHITE,A4,CastellaBot
6812,WHITE,B4,CastellaBot
6813,WHITE,G1,CastellaBot
6814,WHITE,G2,CastellaBot
6815,BLACK,B4,Human
6816,WHITE,A4,CastellaBot
6817,WHITE,A5,CastellaBot
6818,WHITE,B3,CastellaBot
6819,WHITE,B5,CastellaBot
6820,WHITE,B6,CastellaBot
6821,WHITE,G1,CastellaBot
6822,WHITE,G2,CastellaBot
6823,BLACK,B5,Human
6824,WHITE,A5,CastellaBot
6825,WHITE,A6,CastellaBot
6826,BLACK,B6,Human
6827,WHITE,A6,CastellaBot
6828,BLACK,B7,Human
6829,WHITE,A7,CastellaBot
6830,WHITE,B3,CastellaBot
6831,BLACK,G8,Human
6832,WHITE,B3,CastellaBot
6833,WHITE,G8,CastellaBot
6834,BLACK,B4,Human
6835,WHITE,A3,CastellaBot
6836,WHITE,A4,CastellaBot
6837,WHITE,A5,CastellaBot
6838,WHITE,B3,CastellaBot
6839,WHITE,B5,CastellaBot
6840,WHITE,B6,CastellaBot
6841,WHITE,G1,CastellaBot
6842,WHITE,G2,CastellaBot
6843,WHITE,G7,CastellaBot
6844,BLACK,B5,Human
6845,WHITE,A3,CastellaBot
6846,WHITE,A5,CastellaBot
6847,WHITE,A6,CastellaBot
6848,WHITE,B3,CastellaBot
6849,WHITE,B4,CastellaBot
6850,WHITE,B6,CastellaBot
6851,WHITE,B7,CastellaBot
6852,WHITE,G1,CastellaBot
6853,WHITE,G2,CastellaBot
6854,WHITE,G7,CastellaBot
6855,BLACK,B6,Human
6856,WHITE,A3,CastellaBot
6857,WHITE,A6,CastellaBot
6858,BLACK,B7,Human
6859,WHITE,A3,CastellaBot
6860,WHITE,A7,CastellaBot
6861,WHITE,B3,CastellaBot
6862,WHITE,B4,CastellaBot
6863,BLACK,G7,Human
6864,WHITE,A3,CastellaBot
6865,WHITE,B3,CastellaBot
6866,WHITE,B4,CastellaBot
6867,BLACK,H8,Human
6868,WHITE,A3,CastellaBot
6869,WHITE,B3,CastellaBot
6870,WHITE,B4,CastellaBot
6871,WHITE,G1,CastellaBot
6872,WHITE,G2,CastellaBot
6873,WHITE,G7,CastellaBot
6874,WHITE,G2,CastellaBot
6875,BLACK,B7,Human
6876,WHITE,A2,CastellaBot
6877,BLACK,B3,Human
6878,WHITE,A3,CastellaBot
6879,WHITE,A4,CastellaBot
6880,WHITE,B4,CastellaBot
6881,WHITE,B5,CastellaBot
6882,WHITE,G7,CastellaBot
6883,WHITE,G8,CastellaBot
6884,BLACK,B4,Human
6885,WHITE,A4,CastellaBot
6886,WHITE,A5,CastellaBot
6887,WHITE,B3,CastellaBot
6888,WHITE,B5,CastellaBot
6889,WHITE,B6,CastellaBot
6890,WHITE,G7,CastellaBot
6891,WHITE,G8,CastellaBot
6892,BLACK,B5,Human
6893,WHITE,A5,CastellaBot
6894,WHITE,A6,CastellaBot
6895,WHITE,B3,CastellaBot
6896,WHITE,B4,CastellaBot
6897,WHITE,B6,CastellaBot
6898,WHITE,G7,CastellaBot
6899,WHITE,G8,CastellaBot
6900,BLACK,B6,Human
6901,WHITE,A6,CastellaBot
6902,BLACK,G1,Human
6903,WHITE,B3,CastellaBot
6904,WHITE,B4,CastellaBot
6905,WHITE,G7,CastellaBot
6906,BLACK,H1,Human
6907,WHITE,B3,CastellaBot
6908,WHITE,B4,CastellaBot
6909,WHITE,B6,CastellaBot
6910,WHITE,G1,CastellaBot
6911,WHITE,G7,CastellaBot
6912,WHITE,G8,CastellaBot
6913,WHITE,A3,CastellaBot
6914,BLACK,A2,Human
6915,WHITE,B3,CastellaBot
6916,WHITE,B4,CastellaBot
6917,WHITE,G1,CastellaBot
6918,WHITE,G7,CastellaBot
6919,WHITE,G8,CastellaBot
6920,BLACK,B3,Human
6921,WHITE,A4,CastellaBot
6922,WHITE,B4,CastellaBot
6923,WHITE,B5,CastellaBot
6924,WHITE,G1,CastellaBot
6925,WHITE,G7,CastellaBot
6926,BLACK,B4,Human
6927,WHITE,A4,CastellaBot
6928,WHITE,A5,CastellaBot
6929,WHITE,B3,CastellaBot
6930,WHITE,B5,CastellaBot
6931,WHITE,B6,CastellaBot
6932,WHITE,G1,CastellaBot
6933,WHITE,G7,CastellaBot
6934,BLACK,B5,Human
6935,WHITE,A5,CastellaBot
6936,WHITE,A6,CastellaBot
6937,WHITE,B3,CastellaBot
6938,WHITE,B4,CastellaBot
6939,WHITE,B6,CastellaBot
6940,WHITE,G1,CastellaBot
6941,WHITE,G7,CastellaBot
6942,WHITE,G8,CastellaBot
6943,BLACK,B6,Human
6944,WHITE,A6,CastellaBot
6945,BLACK,H1,Human
6946,WHITE,B3,CastellaBot
6947,WHITE,B4,CastellaBot
6948,WHITE,B6,CastellaBot
6949,WHITE,G1,CastellaBot
6950,WHITE,G7,CastellaBot
6951,WHITE,G8,CastellaBot
6952,WHITE,B3,CastellaBot
6953,BLACK,A2,Human
6954,WHITE,A3,CastellaBot
6955,WHITE,A4,CastellaBot
6956,WHITE,B4,CastellaBot
6957,WHITE,B5,CastellaBot
6958,WHITE,G1,CastellaBot
6959,WHITE,G7,CastellaBot
6960,BLACK,B4,Human
6961,WHITE,A4,CastellaBot
6962,WHITE,A5,CastellaBot
6963,WHITE,B5,CastellaBot
6964,WHITE,B6,CastellaBot
6965,WHITE,G1,CastellaBot
6966,WHITE,G7,CastellaBot
6967,WHITE,G8,CastellaBot
6968,BLACK,B5,Human
6969,WHITE,A5,CastellaBot
6970,WHITE,A6,CastellaBot
6971,WHITE,B4,CastellaBot
6972,WHITE,B6,CastellaBot
6973,WHITE,G1,CastellaBot
6974,WHITE,G7,CastellaBot
6975,WHITE,G8,CastellaBot
6976,BLACK,B6,Human
6977,WHITE,A6,CastellaBot
6978,BLACK,H1,Human
6979,WHITE,B6,CastellaBot
6980,WHITE,G1,CastellaBot
6981,WHITE,G7,CastellaBot
6982,WHITE,G8,CastellaBot
6983,WHITE,B4,CastellaBot
6984,BLACK,A3,Human
6985,WHITE,A2,CastellaBot
6986,WHITE,A4,CastellaBot
6987,WHITE,A5,CastellaBot
6988,WHITE,B3,CastellaBot
6989,WHITE,B5,CastellaBot
6990,WHITE,B6,CastellaBot
6991,WHITE,G1,CastellaBot
6992,WHITE,G7,CastellaBot
6993,WHITE,G8,CastellaBot
6994,BLACK,A4,Human
6995,WHITE,A2,CastellaBot
6996,WHITE,A3,CastellaBot
6997,WHITE,A5,CastellaBot
6998,WHITE,B3,CastellaBot
6999,WHITE,B5,CastellaBot
7000,BLACK,B3,Human
7001,WHITE,A2,CastellaBot
7002,WHITE,A3,CastellaBot
7003,WHITE,A4,CastellaBot
7004,WHITE,B5,CastellaBot
7005,WHITE,G1,CastellaBot
7006,WHITE,G7,CastellaBot
7007,BLACK,B5,Human
7008,WHITE,A2,CastellaBot
7009,WHITE,A3,CastellaBot
7010,WHITE,A5,CastellaBot
7011,WHITE,A6,CastellaBot
7012,WHITE,B3,CastellaBot
7013,WHITE,B6,CastellaBot
7014,WHITE,G1,CastellaBot
7015,WHITE,G7,CastellaBot
7016,WHITE,G8,CastellaBot
7017,BLACK,B6,Human
7018,WHITE,A2,CastellaBot
7019,WHITE,A3,CastellaBot
7020,WHITE,A6,CastellaBot
7021,BLACK,H1,Human
7022,WHITE,A2,CastellaBot
7023,WHITE,A3,CastellaBot
7024,WHITE,B3,CastellaBot
7025,WHITE,B6,CastellaBot
7026,WHITE,G1,CastellaBot
7027,WHITE,G7,CastellaBot
7028,WHITE,G8,CastellaBot
7029,WHITE,G1,CastellaBot
7030,BLACK,B3,Human
7031,WHITE,A2,CastellaBot
7032,WHITE,A3,CastellaBot
7033,WHITE,A4,CastellaBot
7034,WHITE,B4,CastellaBot
7035,WHITE,B5,CastellaBot
7036,WHITE,G7,CastellaBot
7037,BLACK,B4,Human
7038,WHITE,A2,CastellaBot
7039,WHITE,A3,CastellaBot
7040,WHITE,A4,CastellaBot
7041,BLACK,B5,Human
7042,WHITE,A2,CastellaBot
7043,WHITE,A3,CastellaBot
7044,WHITE,A5,CastellaBot
7045,WHITE,A6,CastellaBot
7046,WHITE,B3,CastellaBot
7047,WHITE,B4,CastellaBot
7048,BLACK,B6,Human
7049,WHITE,A2,CastellaBot
7050,WHITE,A3,CastellaBot
7051,WHITE,A6,CastellaBot
7052,BLACK,H1,Human
7053,WHITE,A2,CastellaBot
7054,WHITE,A3,CastellaBot
7055,WHITE,B3,CastellaBot
7056,WHITE,B4,CastellaBot
7057,WHITE,B6,CastellaBot
7058,WHITE,G7,CastellaBot
7059,WHITE,G8,CastellaBot
7060,WHITE,G7,CastellaBot
7061,BLACK,A2,Human
7062,WHITE,A3,CastellaBot
7063,WHITE,A7,CastellaBot
7064,WHITE,B3,CastellaBot
7065,WHITE,G1,CastellaBot
7066,WHITE,G8,CastellaBot
7067,BLACK,B3,Human
7068,WHITE,A3,CastellaBot
7069,WHITE,A4,CastellaBot
7070,WHITE,A7,CastellaBot
7071,WHITE,B4,CastellaBot
7072,WHITE,B5,CastellaBot
7073,WHITE,G1,CastellaBot
7074,BLACK,B4,Human
7075,WHITE,A4,CastellaBot
7076,WHITE,A5,CastellaBot
7077,WHITE,A7,CastellaBot
7078,WHITE,B3,CastellaBot
7079,WHITE,B5,CastellaBot
7080,WHITE,B6,CastellaBot
7081,WHITE,G1,CastellaBot
7082,WHITE,G8,CastellaBot
7083,BLACK,B5,Human
7084,WHITE,A5,CastellaBot
7085,WHITE,A6,CastellaBot
7086,BLACK,B6,Human
7087,WHITE,A6,CastellaBot
7088,BLACK,H1,Human
7089,WHITE,A7,CastellaBot
7090,WHITE,B3,CastellaBot
7091,WHITE,B6,CastellaBot
7092,WHITE,G1,CastellaBot
7093,WHITE,G8,CastellaBot
7094,WHITE,G8,CastellaBot
7095,BLACK,B4,Human
7096,WHITE,A2,CastellaBot
7097,WHITE,A3,CastellaBot
7098,WHITE,A4,CastellaBot
7099,WHITE,A5,CastellaBot
7100,WHITE,A7,CastellaBot
7101,WHITE,B3,CastellaBot
7102,WHITE,B5,CastellaBot
7103,WHITE,B6,CastellaBot
7104,WHITE,G1,CastellaBot
7105,WHITE,G7,CastellaBot
7106,BLACK,B5,Human
7107,WHITE,A2,CastellaBot
7108,WHITE,A3,CastellaBot
7109,WHITE,A5,CastellaBot
7110,WHITE,A6,CastellaBot
7111,WHITE,A7,CastellaBot
7112,WHITE,B3,CastellaBot
7113,WHITE,B4,CastellaBot
7114,WHITE,B6,CastellaBot
7115,WHITE,G1,CastellaBot
7116,WHITE,G7,CastellaBot
7117,BLACK,B6,Human
7118,WHITE,A2,CastellaBot
7119,WHITE,A3,CastellaBot
7120,WHITE,A6,CastellaBot
7121,BLACK,G7,Human
7122,WHITE,A2,CastellaBot
7123,WHITE,A3,CastellaBot
7124,WHITE,A7,CastellaBot
7125,WHITE,B3,CastellaBot
7126,BLACK,H1,Human
7127,WHITE,A2,CastellaBot
7128,WHITE,A3,CastellaBot
7129,WHITE,A7,CastellaBot
7130,WHITE,B3,CastellaBot
7131,WHITE,B4,CastellaBot
7132,WHITE,B6,CastellaBot
7133,WHITE,G1,CastellaBot
7134,WHITE,G7,CastellaBot
7135,BLACK,H8,Human
7136,WHITE,A2,CastellaBot
7137,WHITE,A3,CastellaBot
7138,WHITE,A7,CastellaBot
7139,WHITE,B3,CastellaBot
7140,WHITE,B4,CastellaBot
7141,BLACK,H1,Human
7142,WHITE,A2,CastellaBot
7143,BLACK,A3,Human
7144,WHITE,A4,CastellaBot
7145,WHITE,A5,CastellaBot
7146,WHITE,B5,CastellaBot
7147,WHITE,B6,CastellaBot
7148,WHITE,G1,CastellaBot
7149,WHITE,G7,CastellaBot
7150,WHITE,G8,CastellaBot
7151,BLACK,A4,Human
7152,WHITE,A3,CastellaBot
7153,WHITE,A5,CastellaBot
7154,WHITE,B3,CastellaBot
7155,WHITE,B5,CastellaBot
7156,WHITE,B6,CastellaBot
7157,WHITE,G1,CastellaBot
7158,WHITE,G7,CastellaBot
7159,WHITE,G8,CastellaBot
7160,BLACK,B3,Human
7161,WHITE,A3,CastellaBot
7162,BLACK,B5,Human
7163,WHITE,A5,CastellaBot
7164,WHITE,A6,CastellaBot
7165,WHITE,B3,CastellaBot
7166,WHITE,B6,CastellaBot
7167,WHITE,G1,CastellaBot
7168,WHITE,G7,CastellaBot
7169,WHITE,G8,CastellaBot
7170,BLACK,B6,Human
7171,WHITE,A6,CastellaBot
7172,BLACK,G7,Human
7173,WHITE,A7,CastellaBot
7174,WHITE,B6,CastellaBot
7175,BLACK,H8,Human
7176,WHITE,B6,CastellaBot
7177,WHITE,G1,CastellaBot
7178,WHITE,G7,CastellaBot
7179,WHITE,G8,CastellaBot
7180,WHITE,A3,CastellaBot
7181,BLACK,A2,Human
7182,WHITE,B3,CastellaBot
7183,WHITE,B6,CastellaBot
7184,WHITE,G1,CastellaBot
7185,WHITE,G7,CastellaBot
7186,WHITE,G8,CastellaBot
7187,BLACK,A4,Human
7188,WHITE,A5,CastellaBot
7189,WHITE,B3,CastellaBot
7190,WHITE,B5,CastellaBot
7191,WHITE,B6,CastellaBot
7192,WHITE,G1,CastellaBot
7193,WHITE,G7,CastellaBot
7194,WHITE,G8,CastellaBot
7195,BLACK,B3,Human
7196,WHITE,A2,CastellaBot
7197,WHITE,A4,CastellaBot
7198,WHITE,B5,CastellaBot
7199,WHITE,B6,CastellaBot
7200,WHITE,G1,CastellaBot
7201,WHITE,G7,CastellaBot
7202,WHITE,G8,CastellaBot
7203,BLACK,B5,Human
7204,WHITE,A5,CastellaBot
7205,BLACK,B6,Human
7206,WHITE,A6,CastellaBot
7207,BLACK,G7,Human
7208,WHITE,A7,CastellaBot
7209,WHITE,B3,CastellaBot
7210,BLACK,H8,Human
7211,WHITE,B3,CastellaBot
7212,WHITE,B6,CastellaBot
7213,WHITE,G1,CastellaBot
7214,WHITE,G7,CastellaBot
7215,WHITE,G8,CastellaBot
7216,WHITE,B3,CastellaBot
7217,BLACK,A2,Human
7218,WHITE,A3,CastellaBot
7219,WHITE,A4,CastellaBot
7220,WHITE,B5,CastellaBot
7221,WHITE,B6,CastellaBot
7222,WHITE,G1,CastellaBot
7223,WHITE,G7,CastellaBot
7224,WHITE,G8,CastellaBot
7225,BLACK,A3,Human
7226,WHITE,A2,CastellaBot
7227,WHITE,A4,CastellaBot
7228,WHITE,A5,CastellaBot
7229,WHITE,B5,CastellaBot
7230,WHITE,B6,CastellaBot
7231,WHITE,G1,CastellaBot
7232,WHITE,G7,CastellaBot
7233,WHITE,G8,CastellaBot
7234,BLACK,A4,Human
7235,WHITE,A3,CastellaBot
7236,BLACK,B5,Human
7237,WHITE,A5,CastellaBot
7238,BLACK,B6,Human
7239,WHITE,A6,CastellaBot
7240,BLACK,G7,Human
7241,WHITE,A7,CastellaBot
7242,WHITE,B6,CastellaBot
7243,BLACK,H8,Human
7244,WHITE,B6,CastellaBot
7245,WHITE,G1,CastellaBot
7246,WHITE,G7,CastellaBot
7247,WHITE,G8,CastellaBot
7248,WHITE,B6,CastellaBot
7249,BLACK,A3,Human
7250,WHITE,A2,CastellaBot
7251,WHITE,A4,CastellaBot
7252,WHITE,A5,CastellaBot
7253,WHITE,B3,CastellaBot
7254,WHITE,B5,CastellaBot
7255,WHITE,G1,CastellaBot
7256,WHITE,G7,CastellaBot
7257,WHITE,G8,CastellaBot
7258,BLACK,A4,Human
7259,WHITE,A2,CastellaBot
7260,WHITE,A3,CastellaBot
7261,WHITE,A5,CastellaBot
7262,WHITE,B3,CastellaBot
7263,WHITE,B5,CastellaBot
7264,BLACK,A5,Human
7265,WHITE,A2,CastellaBot
7266,WHITE,A3,CastellaBot
7267,WHITE,A6,CastellaBot
7268,BLACK,A6,Human
7269,WHITE,A2,CastellaBot
7270,WHITE,A3,CastellaBot
7271,WHITE,A7,CastellaBot
7272,WHITE,B3,CastellaBot
7273,WHITE,G1,CastellaBot
7274,WHITE,G7,CastellaBot
7275,WHITE,G8,CastellaBot
7276,BLACK,A7,Human
7277,WHITE,A2,CastellaBot
7278,WHITE,A3,CastellaBot
7279,BLACK,B3,Human
7280,WHITE,A2,CastellaBot
7281,WHITE,A3,CastellaBot
7282,BLACK,B5,Human
7283,WHITE,A2,CastellaBot
7284,WHITE,A3,CastellaBot
7285,WHITE,A5,CastellaBot
7286,BLACK,G7,Human
7287,WHITE,A2,CastellaBot
7288,WHITE,A3,CastellaBot
7289,BLACK,H8,Human
7290,WHITE,A2,CastellaBot
7291,WHITE,A3,CastellaBot
7292,WHITE,B3,CastellaBot
7293,WHITE,G1,CastellaBot
7294,WHITE,G7,CastellaBot
7295,WHITE,G8,CastellaBot
7296,WHITE,G1,CastellaBot
7297,BLACK,A3,Human
7298,WHITE,A2,CastellaBot
7299,WHITE,A4,CastellaBot
7300,WHITE,A5,CastellaBot
7301,WHITE,B3,CastellaBot
7302,WHITE,B5,CastellaBot
7303,WHITE,B6,CastellaBot
7304,WHITE,G7,CastellaBot
7305,WHITE,G8,CastellaBot
7306,BLACK,A4,Human
7307,WHITE,A2,CastellaBot
7308,WHITE,A3,CastellaBot
7309,WHITE,A5,CastellaBot
7310,WHITE,B3,CastellaBot
7311,WHITE,B5,CastellaBot
7312,WHITE,B6,CastellaBot
7313,WHITE,G7,CastellaBot
7314,WHITE,G8,CastellaBot
7315,BLACK,B3,Human
7316,WHITE,A2,CastellaBot
7317,WHITE,A3,CastellaBot
7318,WHITE,A4,CastellaBot
7319,WHITE,B5,CastellaBot
7320,WHITE,B6,CastellaBot
7321,WHITE,G7,CastellaBot
7322,WHITE,G8,CastellaBot
7323,BLACK,B5,Human
7324,WHITE,A2,CastellaBot
7325,WHITE,A3,CastellaBot
7326,WHITE,A5,CastellaBot
7327,BLACK,B6,Human
7328,WHITE,A2,CastellaBot
7329,WHITE,A3,CastellaBot
7330,WHITE,A6,CastellaBot
7331,BLACK,H8,Human
7332,WHITE,A2,CastellaBot
7333,WHITE,A3,CastellaBot
7334,WHITE,B3,CastellaBot
7335,WHITE,B6,CastellaBot
7336,WHITE,G7,CastellaBot
7337,WHITE,G8,CastellaBot
7338,WHITE,G7,CastellaBot
7339,BLACK,A3,Human
7340,WHITE,A2,CastellaBot
7341,WHITE,A4,CastellaBot
7342,WHITE,A5,CastellaBot
7343,WHITE,A7,CastellaBot
7344,WHITE,B3,CastellaBot
7345,WHITE,B5,CastellaBot
7346,WHITE,B6,CastellaBot
7347,WHITE,G1,CastellaBot
7348,WHITE,G8,CastellaBot
7349,BLACK,A4,Human
7350,WHITE,A2,CastellaBot
7351,WHITE,A3,CastellaBot
7352,WHITE,A5,CastellaBot
7353,WHITE,A7,CastellaBot
7354,WHITE,B3,CastellaBot
7355,WHITE,B5,CastellaBot
7356,WHITE,B6,CastellaBot
7357,WHITE,G1,CastellaBot
7358,WHITE,G8,CastellaBot
7359,BLACK,B3,Human
7360,WHITE,A2,CastellaBot
7361,WHITE,A3,CastellaBot
7362,BLACK,B5,Human
7363,WHITE,A2,CastellaBot
7364,WHITE,A3,CastellaBot
7365,WHITE,A5,CastellaBot
7366,WHITE,A6,CastellaBot
7367,BLACK,B6,Human
7368,WHITE,A2,CastellaBot
7369,WHITE,A3,CastellaBot
7370,WHITE,A6,CastellaBot
7371,BLACK,G8,Human
7372,WHITE,A2,CastellaBot
7373,WHITE,A3,CastellaBot
7374,BLACK,H8,Human
7375,WHITE,A2,CastellaBot
7376,WHITE,A3,CastellaBot
7377,WHITE,B3,CastellaBot
7378,WHITE,B6,CastellaBot
7379,WHITE,G1,CastellaBot
7380,WHITE,G8,CastellaBot
7381,WHITE,G8,CastellaBot
7382,BLACK,A3,Human
7383,WHITE,A2,CastellaBot
7384,WHITE,A4,CastellaBot
7385,WHITE,A5,CastellaBot
7386,WHITE,A7,CastellaBot
7387,WHITE,B3,CastellaBot
7388,WHITE,B5,CastellaBot
7389,WHITE,B6,CastellaBot
7390,WHITE,G1,CastellaBot
7391,WHITE,G7,CastellaBot
7392,BLACK,A4,Human
7393,WHITE,A2,CastellaBot
7394,WHITE,A3,CastellaBot
7395,WHITE,A5,CastellaBot
7396,WHITE,A7,CastellaBot
7397,WHITE,B3,CastellaBot
7398,WHITE,B5,CastellaBot
7399,WHITE,B6,CastellaBot
7400,WHITE,G1,CastellaBot
7401,WHITE,G7,CastellaBot
7402,BLACK,B3,Human
7403,WHITE,A2,CastellaBot
7404,WHITE,A3,CastellaBot
7405,WHITE,A4,CastellaBot
7406,WHITE,A7,CastellaBot
7407,WHITE,B5,CastellaBot
7408,WHITE,B6,CastellaBot
7409,WHITE,G1,CastellaBot
7410,WHITE,G7,CastellaBot
7411,BLACK,B5,Human
7412,WHITE,A2,CastellaBot
7413,WHITE,A3,CastellaBot
7414,WHITE,A5,CastellaBot
7415,BLACK,B6,Human
7416,WHITE,A2,CastellaBot
7417,WHITE,A3,CastellaBot
7418,WHITE,A6,CastellaBot
7419,BLACK,G7,Human
7420,WHITE,A2,CastellaBot
7421,WHITE,A3,CastellaBot
7422,WHITE,A7,CastellaBot
7423,WHITE,B3,CastellaBot
7424,WHITE,B6,CastellaBot
7425,BLACK,H8,Human
7426,WHITE,A2,CastellaBot
7427,WHITE,A3,CastellaBot
7428,WHITE,A7,CastellaBot
7429,WHITE,B3,CastellaBot
7430,WHITE,B6,CastellaBot
7431,WHITE,G1,CastellaBot
7432,WHITE,G7,CastellaBot
7433,WHITE,B6,CastellaBot
7434,BLACK,H8,Human
7435,WHITE,A2,CastellaBot
7436,BLACK,A3,Human
7437,WHITE,A4,CastellaBot
7438,WHITE,A5,CastellaBot
7439,WHITE,B5,CastellaBot
7440,WHITE,G1,CastellaBot
7441,WHITE,G7,CastellaBot
7442,WHITE,G8,CastellaBot
7443,BLACK,A4,Human
7444,WHITE,A3,CastellaBot
7445,BLACK,A5,Human
7446,WHITE,A6,CastellaBot
7447,BLACK,A6,Human
7448,WHITE,A7,CastellaBot
7449,WHITE,G1,CastellaBot
7450,WHITE,G7,CastellaBot
7451,WHITE,G8,CastellaBot
7452,BLACK,A7,Human
7453,WHITE,A6,CastellaBot
7454,BLACK,B3,Human
7455,WHITE,A3,CastellaBot
7456,BLACK,B5,Human
7457,WHITE,A5,CastellaBot
7458,BLACK,G7,Human
7459,WHITE,G1,CastellaBot
7460,WHITE,A3,CastellaBot
7461,BLACK,A2,Human
7462,WHITE,B3,CastellaBot
7463,WHITE,G1,CastellaBot
7464,WHITE,G7,CastellaBot
7465,WHITE,G8,CastellaBot
7466,BLACK,A4,Human
7467,WHITE,A5,CastellaBot
7468,WHITE,B3,CastellaBot
7469,WHITE,B5,CastellaBot
7470,WHITE,G1,CastellaBot
7471,WHITE,G7,CastellaBot
7472,WHITE,G8,CastellaBot
7473,BLACK,A5,Human
7474,WHITE,A6,CastellaBot
7475,BLACK,A6,Human
7476,WHITE,A7,CastellaBot
7477,WHITE,B3,CastellaBot
7478,WHITE,G1,CastellaBot
7479,WHITE,G7,CastellaBot
7480,WHITE,G8,CastellaBot
7481,BLACK,A7,Human
7482,WHITE,A6,CastellaBot
7483,BLACK,B3,Human
7484,WHITE,A2,CastellaBot
7485,WHITE,A4,CastellaBot
7486,WHITE,B5,CastellaBot
7487,BLACK,B5,Human
7488,WHITE,A5,CastellaBot
7489,BLACK,G7,Human
7490,WHITE,B3,CastellaBot
7491,WHITE,B3,CastellaBot
7492,BLACK,A2,Human
7493,WHITE,A3,CastellaBot
7494,WHITE,A4,CastellaBot
7495,WHITE,B5,CastellaBot
7496,WHITE,G1,CastellaBot
7497,WHITE,G7,CastellaBot
7498,WHITE,G8,CastellaBot
7499,BLACK,A3,Human
7500,WHITE,A2,CastellaBot
7501,WHITE,A4,CastellaBot
7502,WHITE,A5,CastellaBot
7503,WHITE,B5,CastellaBot
7504,WHITE,G1,CastellaBot
7505,WHITE,G7,CastellaBot
7506,WHITE,G8,CastellaBot
7507,BLACK,A4,Human
7508,WHITE,A3,CastellaBot
7509,BLACK,A5,Human
7510,WHITE,A6,CastellaBot
7511,BLACK,A6,Human
7512,WHITE,A7,CastellaBot
7513,WHITE,G1,CastellaBot
7514,WHITE,G7,CastellaBot
7515,WHITE,G8,CastellaBot
7516,BLACK,A7,Human
7517,WHITE,A6,CastellaBot
7518,BLACK,B5,Human
7519,WHITE,A5,CastellaBot
7520,BLACK,G7,Human
7521,WHITE,G1,CastellaBot
7522,WHITE,G1,CastellaBot
7523,BLACK,A3,Human
7524,WHITE,A2,CastellaBot
7525,WHITE,A4,CastellaBot
7526,WHITE,A5,CastellaBot
7527,WHITE,B3,CastellaBot
7528,WHITE,B5,CastellaBot
7529,WHITE,G7,CastellaBot
7530,WHITE,G8,CastellaBot
7531,BLACK,A4,Human
7532,WHITE,A2,CastellaBot
7533,WHITE,A3,CastellaBot
7534,WHITE,A5,CastellaBot
7535,WHITE,B3,CastellaBot
7536,WHITE,B5,CastellaBot
7537,BLACK,A5,Human
7538,WHITE,A2,CastellaBot
7539,WHITE,A3,CastellaBot
7540,WHITE,A6,CastellaBot
7541,BLACK,A6,Human
7542,WHITE,A2,CastellaBot
7543,WHITE,A3,CastellaBot
7544,WHITE,A7,CastellaBot
7545,WHITE,B3,CastellaBot
7546,WHITE,G7,CastellaBot
7547,WHITE,G8,CastellaBot
7548,BLACK,A7,Human
7549,WHITE,A2,CastellaBot
7550,WHITE,A3,CastellaBot
7551,BLACK,B3,Human
7552,WHITE,A2,CastellaBot
7553,WHITE,A3,CastellaBot
7554,BLACK,B5,Human
7555,WHITE,A2,CastellaBot
7556,WHITE,A3,CastellaBot
7557,WHITE,A5,CastellaBot
7558,WHITE,G7,CastellaBot
7559,BLACK,A3,Human
7560,WHITE,A2,CastellaBot
7561,WHITE,A4,CastellaBot
7562,WHITE,A5,CastellaBot
7563,WHITE,A7,CastellaBot
7564,WHITE,B3,CastellaBot
7565,WHITE,B5,CastellaBot
7566,WHITE,G1,CastellaBot
7567,WHITE,G8,CastellaBot
7568,BLACK,A4,Human
7569,WHITE,A2,CastellaBot
7570,WHITE,A3,CastellaBot
7571,WHITE,A5,CastellaBot
7572,WHITE,A7,CastellaBot
7573,WHITE,B3,CastellaBot
7574,WHITE,B5,CastellaBot
7575,BLACK,A5,Human
7576,WHITE,A2,CastellaBot
7577,WHITE,A3,CastellaBot
7578,WHITE,A6,CastellaBot
7579,BLACK,A6,Human
7580,WHITE,A2,CastellaBot
7581,WHITE,A3,CastellaBot
7582,WHITE,A7,CastellaBot
7583,WHITE,B3,CastellaBot
7584,WHITE,G1,CastellaBot
7585,WHITE,G8,CastellaBot
7586,BLACK,A7,Human
7587,WHITE,A2,CastellaBot
7588,BLACK,B3,Human
7589,WHITE,A2,CastellaBot
7590,WHITE,A3,CastellaBot
7591,BLACK,B5,Human
7592,WHITE,A2,CastellaBot
7593,WHITE,A3,CastellaBot
7594,WHITE,A5,CastellaBot
7595,BLACK,G8,Human
7596,WHITE,A2,CastellaBot
7597,WHITE,G8,CastellaBot
7598,BLACK,A3,Human
7599,WHITE,A2,CastellaBot
7600,WHITE,A4,CastellaBot
7601,WHITE,A5,CastellaBot
7602,WHITE,A7,CastellaBot
7603,WHITE,B3,CastellaBot
7604,WHITE,B5,CastellaBot
7605,WHITE,G1,CastellaBot
7606,WHITE,G7,CastellaBot
7607,BLACK,A4,Human
7608,WHITE,A2,CastellaBot
7609,WHITE,A3,CastellaBot
7610,WHITE,A5,CastellaBot
7611,WHITE,A7,CastellaBot
7612,WHITE,B3,CastellaBot
7613,WHITE,B5,CastellaBot
7614,BLACK,A5,Human
7615,WHITE,A2,CastellaBot
7616,WHITE,A3,CastellaBot
7617,WHITE,A6,CastellaBot
7618,BLACK,A6,Human
7619,WHITE,A2,CastellaBot
7620,WHITE,A3,CastellaBot
7621,WHITE,A7,CastellaBot
7622,WHITE,B3,CastellaBot
7623,WHITE,G1,CastellaBot
7624,WHITE,G7,CastellaBot
7625,BLACK,A7,Human
7626,WHITE,A2,CastellaBot
7627,WHITE,A3,CastellaBot
7628,BLACK,B3,Human
7629,WHITE,A2,CastellaBot
7630,WHITE,A3,CastellaBot
7631,BLACK,B5,Human
7632,WHITE,A2,CastellaBot
7633,WHITE,A3,CastellaBot
7634,WHITE,A5,CastellaBot
7635,BLACK,G7,Human
7636,WHITE,A2,CastellaBot
7637,WHITE,A3,CastellaBot
7638,WHITE,G8,CastellaBot
7639,BLACK,G7,Human
7640,WHITE,A2,CastellaBot
7641,BLACK,A3,Human
7642,WHITE,A4,CastellaBot
7643,WHITE,A5,CastellaBot
7644,WHITE,B5,CastellaBot
7645,WHITE,G1,CastellaBot
7646,BLACK,A4,Human
7647,WHITE,A3,CastellaBot
7648,BLACK,A5,Human
7649,WHITE,A6,CastellaBot
7650,BLACK,A6,Human
7651,WHITE,A7,CastellaBot
7652,WHITE,G1,CastellaBot
7653,BLACK,A7,Human
7654,WHITE,A6,CastellaBot
7655,BLACK,B3,Human
7656,WHITE,A4,CastellaBot
7657,BLACK,B5,Human
7658,WHITE,A5,CastellaBot
7659,WHITE,A3,CastellaBot
7660,BLACK,A2,Human
7661,WHITE,B3,CastellaBot
7662,WHITE,G1,CastellaBot
7663,BLACK,A4,Human
7664,WHITE,A5,CastellaBot
7665,WHITE,B3,CastellaBot
7666,WHITE,B5,CastellaBot
7667,WHITE,G1,CastellaBot
7668,BLACK,A5,Human
7669,WHITE,A6,CastellaBot
7670,BLACK,A6,Human
7671,WHITE,A7,CastellaBot
7672,WHITE,B3,CastellaBot
7673,WHITE,G1,CastellaBot
7674,BLACK,A7,Human
7675,WHITE,A6,CastellaBot
7676,BLACK,B3,Human
7677,WHITE,A2,CastellaBot
7678,BLACK,B5,Human
7679,WHITE,A5,CastellaBot
7680,WHITE,B3,CastellaBot
7681,BLACK,A2,Human
7682,WHITE,A3,CastellaBot
7683,WHITE,A4,CastellaBot
7684,WHITE,B5,CastellaBot
7685,WHITE,G1,CastellaBot
7686,BLACK,A3,Human
7687,WHITE,A2,CastellaBot
7688,WHITE,A4,CastellaBot
7689,WHITE,A5,CastellaBot
7690,WHITE,B5,CastellaBot
7691,WHITE,G1,CastellaBot
7692,BLACK,A4,Human
7693,WHITE,A3,CastellaBot
7694,BLACK,A5,Human
7695,WHITE,A6,CastellaBot
7696,BLACK,A6,Human
7697,WHITE,A7,CastellaBot
7698,WHITE,G1,CastellaBot
7699,BLACK,A7,Human
7700,WHITE,A6,CastellaBot
7701,BLACK,B5,Human
7702,WHITE,A5,CastellaBot
7703,WHITE,G1,CastellaBot
7704,BLACK,A3,Human
7705,WHITE,A2,CastellaBot
7706,WHITE,A4,CastellaBot
7707,WHITE,A5,CastellaBot
7708,WHITE,A7,CastellaBot
7709,WHITE,B3,CastellaBot
7710,WHITE,B5,CastellaBot
7711,BLACK,A4,Human
7712,WHITE,A2,CastellaBot
7713,WHITE,A3,CastellaBot
7714,WHITE,A5,CastellaBot
7715,WHITE,A7,CastellaBot
7716,WHITE,B3,CastellaBot
7717,WHITE,B5,CastellaBot
7718,BLACK,A5,Human
7719,WHITE,A2,CastellaBot
7720,WHITE,A3,CastellaBot
7721,WHITE,A6,CastellaBot
7722,BLACK,A6,Human
7723,WHITE,A2,CastellaBot
7724,WHITE,A3,CastellaBot
7725,WHITE,A7,CastellaBot
7726,WHITE,B3,CastellaBot
7727,BLACK,A7,Human
7728,WHITE,A2,CastellaBot
7729,BLACK,B3,Human
7730,WHITE,A2,CastellaBot
7731,BLACK,B5,Human
7732,WHITE,A2,CastellaBot
7733,WHITE,A3,CastellaBot
7734,WHITE,A5,CastellaBot
7735,WHITE,A3,CastellaBot
7736,BLACK,A7,Human
7737,WHITE,A6,CastellaBot
7738,BLACK,A2,Human
7739,WHITE,B3,CastellaBot
7740,WHITE,B5,CastellaBot
7741,WHITE,G1,CastellaBot
7742,BLACK,A4,Human
7743,WHITE,A5,CastellaBot
7744,WHITE,B3,CastellaBot
7745,WHITE,B5,CastellaBot
7746,WHITE,G1,CastellaBot
7747,BLACK,A5,Human
7748,WHITE,B3,CastellaBot
7749,WHITE,B5,CastellaBot
7750,WHITE,G1,CastellaBot
7751,BLACK,B3,Human
7752,WHITE,A2,CastellaBot
7753,WHITE,A4,CastellaBot
7754,WHITE,B5,CastellaBot
7755,BLACK,B5,Human
7756,WHITE,A5,CastellaBot
7757,WHITE,B3,CastellaBot
7758,WHITE,G1,CastellaBot
7759,WHITE,B3,CastellaBot
7760,BLACK,A2,Human
7761,WHITE,A4,CastellaBot
7762,WHITE,A6,CastellaBot
7763,WHITE,B5,CastellaBot
7764,WHITE,G1,CastellaBot
7765,BLACK,A4,Human
7766,WHITE,A5,CastellaBot
7767,WHITE,A6,CastellaBot
7768,WHITE,B5,CastellaBot
7769,WHITE,G1,CastellaBot
7770,BLACK,B5,Human
7771,WHITE,A5,CastellaBot
7772,WHITE,A6,CastellaBot
7773,WHITE,G1,CastellaBot
7774,WHITE,B5,CastellaBot
7775,BLACK,A2,Human
7776,WHITE,A6,CastellaBot
7777,WHITE,B3,CastellaBot
7778,WHITE,G1,CastellaBot
7779,BLACK,A4,Human
7780,WHITE,A5,CastellaBot
7781,WHITE,A6,CastellaBot
7782,WHITE,B3,CastellaBot
7783,WHITE,G1,CastellaBot
7784,BLACK,A5,Human
7785,WHITE,A4,CastellaBot
7786,WHITE,A6,CastellaBot
7787,WHITE,B3,CastellaBot
7788,WHITE,G1,CastellaBot
7789,BLACK,A6,Human
7790,WHITE,A4,CastellaBot
7791,WHITE,A5,CastellaBot
7792,WHITE,B3,CastellaBot
7793,BLACK,B3,Human
7794,WHITE,A2,CastellaBot
7795,WHITE,A4,CastellaBot
7796,WHITE,A5,CastellaBot
7797,WHITE,A6,CastellaBot
7798,WHITE,G1,CastellaBot
7799,WHITE,G1,CastellaBot
7800,BLACK,A2,Human
7801,WHITE,A6,CastellaBot
7802,WHITE,B3,CastellaBot
7803,WHITE,B5,CastellaBot
7804,BLACK,A4,Human
7805,WHITE,A5,CastellaBot
7806,WHITE,A6,CastellaBot
7807,WHITE,B3,CastellaBot
7808,WHITE,B5,CastellaBot
7809,BLACK,B3,Human
7810,WHITE,A2,CastellaBot
7811,WHITE,A4,CastellaBot
7812,WHITE,A6,CastellaBot
7813,WHITE,B5,CastellaBot
7814,BLACK,B5,Human
7815,WHITE,A5,CastellaBot
7816,WHITE,A6,CastellaBot
7817,WHITE,B3,CastellaBot
7818,BLACK,A2,Human
7819,WHITE,A4,CastellaBot
7820,BLACK,A5,Human
7821,WHITE,A6,CastellaBot
7822,WHITE,B5,CastellaBot
7823,WHITE,G1,CastellaBot
7824,BLACK,B5,Human
7825,WHITE,A5,CastellaBot
7826,WHITE,A6,CastellaBot
7827,BLACK,A4,Human
7828,WHITE,A5,CastellaBot
7829,WHITE,B5,CastellaBot
7830,WHITE,G1,CastellaBot
7831,BLACK,A5,Human
7832,WHITE,A4,CastellaBot
7833,WHITE,B5,CastellaBot
7834,WHITE,G1,CastellaBot
7835,BLACK,B5,Human
7836,WHITE,A4,CastellaBot
7837,WHITE,B5,CastellaBot
7838,BLACK,A4,Human
7839,WHITE,A5,CastellaBot
7840,WHITE,A6,CastellaBot
7841,WHITE,G1,CastellaBot
7842,BLACK,A5,Human
7843,WHITE,A4,CastellaBot
7844,WHITE,A6,CastellaBot
7845,WHITE,G1,CastellaBot
7846,BLACK,A6,Human
7847,WHITE,A4,CastellaBot
7848,WHITE,G1,CastellaBot
7849,BLACK,A4,Human
7850,WHITE,A5,CastellaBot
7851,WHITE,A6,CastellaBot
7852,WHITE,B5,CastellaBot
7853,BLACK,A5,Human
7854,WHITE,A4,CastellaBot
7855,BLACK,B5,Human
7856,WHITE,A4,CastellaBot
7857,WHITE,A4,CastellaBot
7858,BLACK,A5,Human
7859,WHITE,A6,CastellaBot
7860,BLACK,B5,Human
7861,WHITE,G1,CastellaBot
7862,WHITE,B5,CastellaBot
7863,BLACK,A6,Human
7864,WHITE,G1,CastellaBot
7865,WHITE,G1,CastellaBot
7866,BLACK,B5,Human
7867,WHITE,A6,CastellaBot
7868,WHITE,G1,CastellaBot
7869,BLACK,B5,Human
7870,WHITE,A6,CastellaBot
7871,WHITE,A6,CastellaBot
7872,BLACK,F5,Human
7873,WHITE,D6,CastellaBot
7874,BLACK,C3,Human
7875,WHITE,D3,CastellaBot
7876,WHITE,F3,CastellaBot
7877,WHITE,F4,CastellaBot
7878,WHITE,G5,CastellaBot
7879,BLACK,C4,Human
7880,WHITE,B3,CastellaBot
7881,WHITE,D3,CastellaBot
7882,BLACK,C5,Human
7883,WHITE,B4,CastellaBot
7884,WHITE,B6,CastellaBot
7885,WHITE,F4,CastellaBot
7886,BLACK,C6,Human
7887,WHITE,B6,CastellaBot
7888,WHITE,F4,CastellaBot
7889,BLACK,C7,Human
7890,WHITE,D7,CastellaBot
7891,WHITE,F4,CastellaBot
7892,BLACK,C3,Human
7893,WHITE,C4,CastellaBot
7894,WHITE,C6,CastellaBot
7895,WHITE,D6,CastellaBot
7896,WHITE,E6,CastellaBot
7897,WHITE,F6,CastellaBot
7898,WHITE,G6,CastellaBot
7899,BLACK,D3,Human
7900,WHITE,C4,CastellaBot
7901,BLACK,E3,Human
7902,WHITE,D2,CastellaBot
7903,WHITE,D6,CastellaBot
7904,BLACK,F3,Human
7905,WHITE,D6,CastellaBot
7906,WHITE,F6,CastellaBot
7907,WHITE,G4,CastellaBot
7908,BLACK,G3,Human
7909,WHITE,C6,CastellaBot
7910,WHITE,F6,CastellaBot
7911,BLACK,C4,Human
7912,WHITE,C3,CastellaBot
7913,WHITE,C5,CastellaBot
7914,WHITE,E3,CastellaBot
7915,WHITE,F4,CastellaBot
7916,WHITE,G5,CastellaBot
7917,BLACK,D3,Human
7918,WHITE,C3,CastellaBot
7919,BLACK,E6,Human
7920,WHITE,D6,CastellaBot
7921,WHITE,F4,CastellaBot
7922,BLACK,F7,Human
7923,WHITE,C5,CastellaBot
7924,WHITE,D6,CastellaBot
7925,WHITE,E3,CastellaBot
7926,WHITE,F4,CastellaBot
7927,WHITE,G5,CastellaBot
7928,WHITE,G7,CastellaBot
7929,WHITE,F6,CastellaBot
7930,BLACK,E6,Human
7931,WHITE,D6,CastellaBot
7932,BLACK,C3,Human
7933,WHITE,B2,CastellaBot
7934,WHITE,D3,CastellaBot
7935,WHITE,E3,CastellaBot
7936,WHITE,F3,CastellaBot
7937,WHITE,F4,CastellaBot
7938,WHITE,G4,CastellaBot
7939,WHITE,G5,CastellaBot
7940,BLACK,C4,Human
7941,WHITE,B3,CastellaBot
7942,WHITE,C3,CastellaBot
7943,BLACK,C5,Human
7944,WHITE,B4,CastellaBot
7945,WHITE,B6,CastellaBot
7946,WHITE,C4,CastellaBot
7947,WHITE,E3,CastellaBot
7948,BLACK,C6,Human
7949,WHITE,B6,CastellaBot
7950,WHITE,C4,CastellaBot
7951,WHITE,E3,CastellaBot
7952,BLACK,C7,Human
7953,WHITE,C6,CastellaBot
7954,BLACK,D7,Human
7955,WHITE,D8,CastellaBot
7956,WHITE,F3,CastellaBot
7957,WHITE,F4,CastellaBot
7958,BLACK,E7,Human
7959,WHITE,D8,CastellaBot
7960,WHITE,F3,CastellaBot
7961,WHITE,F4,CastellaBot
7962,BLACK,F7,Human
7963,WHITE,E3,CastellaBot
7964,WHITE,F3,CastellaBot
7965,WHITE,F4,CastellaBot
7966,WHITE,G4,CastellaBot
7967,WHITE,G5,CastellaBot
7968,WHITE,G6,CastellaBot
7969,WHITE,G7,CastellaBot
7970,WHITE,G8,CastellaBot
7971,BLACK,G7,Human
7972,WHITE,E3,CastellaBot
7973,WHITE,F4,CastellaBot
7974,BLACK,C3,Human
7975,WHITE,B2,CastellaBot
7976,WHITE,C4,CastellaBot
7977,WHITE,C5,CastellaBot
7978,WHITE,C6,CastellaBot
7979,WHITE,D6,CastellaBot
7980,WHITE,D7,CastellaBot
7981,WHITE,E7,CastellaBot
7982,BLACK,D3,Human
7983,WHITE,C2,CastellaBot
7984,WHITE,C3,CastellaBot
7985,BLACK,E3,Human
7986,WHITE,C5,CastellaBot
7987,BLACK,F3,Human
7988,WHITE,C5,CastellaBot
7989,BLACK,G3,Human
7990,WHITE,C5,CastellaBot
7991,BLACK,G4,Human
7992,WHITE,C6,CastellaBot
7993,WHITE,D6,CastellaBot
7994,BLACK,G5,Human
7995,WHITE,C6,CastellaBot
7996,WHITE,D6,CastellaBot
7997,BLACK,G6,Human
7998,WHITE,C5,CastellaBot
7999,WHITE,C6,CastellaBot
8000,WHITE,D6,CastellaBot
8001,WHITE,D7,CastellaBot
8002,WHITE,E7,CastellaBot
8003,WHITE,F7,CastellaBot
8004,WHITE,G7,CastellaBot
8005,WHITE,H7,CastellaBot
8006,BLACK,G7,Human
8007,WHITE,C5,CastellaBot
8008,WHITE,D6,CastellaBot
8009,BLACK,C5,Human
8010,WHITE,B4,CastellaBot
8011,BLACK,B5,Human
8012,WHITE,B6,CastellaBot
8013,WHITE,C4,CastellaBot
8014,WHITE,E3,CastellaBot
8015,WHITE,F4,CastellaBot
8016,WHITE,G4,CastellaBot
8017,BLACK,C3,Human
8018,WHITE,B2,CastellaBot
8019,WHITE,C4,CastellaBot
8020,WHITE,D2,CastellaBot
8021,WHITE,D3,CastellaBot
8022,WHITE,E3,CastellaBot
8023,BLACK,C4,Human
8024,WHITE,B3,CastellaBot
8025,WHITE,C3,CastellaBot
8026,BLACK,C7,Human
8027,WHITE,C4,CastellaBot
8028,WHITE,C6,CastellaBot
8029,WHITE,D7,CastellaBot
8030,WHITE,E3,CastellaBot
8031,BLACK,D3,Human
8032,WHITE,C3,CastellaBot
8033,BLACK,D7,Human
8034,WHITE,C6,CastellaBot
8035,WHITE,D8,CastellaBot
8036,WHITE,E7,CastellaBot
8037,WHITE,F4,CastellaBot
8038,WHITE,G5,CastellaBot
8039,BLACK,E7,Human
8040,WHITE,D8,CastellaBot
8041,WHITE,F4,CastellaBot
8042,BLACK,F7,Human
8043,WHITE,F4,CastellaBot
8044,WHITE,G5,CastellaBot
8045,WHITE,G6,CastellaBot
8046,WHITE,G7,CastellaBot
8047,BLACK,G7,Human
8048,WHITE,C4,CastellaBot
8049,WHITE,B6,CastellaBot
8050,BLACK,B5,Human
8051,WHITE,B4,CastellaBot
8052,WHITE,C4,CastellaBot
8053,WHITE,E3,CastellaBot
8054,WHITE,F4,CastellaBot
8055,WHITE,G4,CastellaBot
8056,BLACK,C3,Human
8057,WHITE,B2,CastellaBot
8058,WHITE,C4,CastellaBot
8059,WHITE,D3,CastellaBot
8060,WHITE,E3,CastellaBot
8061,BLACK,C4,Human
8062,WHITE,B3,CastellaBot
8063,WHITE,C3,CastellaBot
8064,BLACK,C7,Human
8065,WHITE,C4,CastellaBot
8066,WHITE,C6,CastellaBot
8067,WHITE,D7,CastellaBot
8068,WHITE,D8,CastellaBot
8069,WHITE,E3,CastellaBot
8070,BLACK,D3,Human
8071,WHITE,C3,CastellaBot
8072,BLACK,D7,Human
8073,WHITE,C6,CastellaBot
8074,WHITE,D8,CastellaBot
8075,WHITE,E7,CastellaBot
8076,WHITE,F4,CastellaBot
8077,WHITE,G5,CastellaBot
8078,BLACK,E7,Human
8079,WHITE,D8,CastellaBot
8080,WHITE,F4,CastellaBot
8081,BLACK,F7,Human
8082,WHITE,F4,CastellaBot
8083,WHITE,G5,CastellaBot
8084,WHITE,G6,CastellaBot
8085,WHITE,G7,CastellaBot
8086,BLACK,G7,Human
8087,WHITE,C4,CastellaBot
8088,WHITE,C4,CastellaBot
8089,BLACK,B4,Human
8090,WHITE,A3,CastellaBot
8091,WHITE,B3,CastellaBot
8092,WHITE,B5,CastellaBot
8093,WHITE,C3,CastellaBot
8094,WHITE,D3,CastellaBot
8095,WHITE,E3,CastellaBot
8096,WHITE,F3,CastellaBot
8097,WHITE,F4,CastellaBot
8098,WHITE,G4,CastellaBot
8099,WHITE,G5,CastellaBot
8100,BLACK,C3,Human
8101,WHITE,B2,CastellaBot
8102,WHITE,B3,CastellaBot
8103,WHITE,B4,CastellaBot
8104,WHITE,B5,CastellaBot
8105,WHITE,D3,CastellaBot
8106,WHITE,E3,CastellaBot
8107,WHITE,F3,CastellaBot
8108,WHITE,F4,CastellaBot
8109,WHITE,G4,CastellaBot
8110,WHITE,G5,CastellaBot
8111,BLACK,C6,Human
8112,WHITE,B4,CastellaBot
8113,WHITE,B6,CastellaBot
8114,WHITE,C7,CastellaBot
8115,WHITE,E3,CastellaBot
8116,WHITE,F4,CastellaBot
8117,BLACK,C7,Human
8118,WHITE,B5,CastellaBot
8119,WHITE,B6,CastellaBot
8120,WHITE,C6,CastellaBot
8121,BLACK,D7,Human
8122,WHITE,B4,CastellaBot
8123,WHITE,B5,CastellaBot
8124,WHITE,B6,CastellaBot
8125,WHITE,C6,CastellaBot
8126,WHITE,D8,CastellaBot
8127,WHITE,F3,CastellaBot
8128,BLACK,E3,Human
8129,WHITE,B4,CastellaBot
8130,WHITE,B5,CastellaBot
8131,WHITE,C3,CastellaBot
8132,BLACK,E7,Human
8133,WHITE,B5,CastellaBot
8134,WHITE,B6,CastellaBot
8135,WHITE,C6,CastellaBot
8136,BLACK,F7,Human
8137,WHITE,B4,CastellaBot
8138,WHITE,B5,CastellaBot
8139,WHITE,B6,CastellaBot
8140,WHITE,C6,CastellaBot
8141,WHITE,E3,CastellaBot
8142,WHITE,F3,CastellaBot
8143,WHITE,F4,CastellaBot
8144,WHITE,G4,CastellaBot
8145,WHITE,G5,CastellaBot
8146,BLACK,G7,Human
8147,WHITE,B4,CastellaBot
8148,WHITE,E3,CastellaBot
8149,BLACK,D3,Human
8150,WHITE,B4,CastellaBot
8151,WHITE,B5,CastellaBot
8152,WHITE,B6,CastellaBot
8153,WHITE,C3,CastellaBot
8154,WHITE,C4,CastellaBot
8155,WHITE,D2,CastellaBot
8156,WHITE,F4,CastellaBot
8157,WHITE,G4,CastellaBot
8158,WHITE,G5,CastellaBot
8159,BLACK,D7,Human
8160,WHITE,B5,CastellaBot
8161,WHITE,B6,CastellaBot
8162,WHITE,C6,CastellaBot
8163,BLACK,E7,Human
8164,WHITE,B5,CastellaBot
8165,BLACK,F2,Human
8166,WHITE,B4,CastellaBot
8167,WHITE,B5,CastellaBot
8168,WHITE,C3,CastellaBot
8169,BLACK,F3,Human
8170,WHITE,B4,CastellaBot
8171,WHITE,B5,CastellaBot
8172,WHITE,B6,CastellaBot
8173,WHITE,C4,CastellaBot
8174,WHITE,F4,CastellaBot
8175,BLACK,F7,Human
8176,WHITE,B4,CastellaBot
8177,WHITE,B5,CastellaBot
8178,WHITE,B6,CastellaBot
8179,WHITE,C6,CastellaBot
8180,WHITE,E7,CastellaBot
8181,WHITE,G5,CastellaBot
8182,WHITE,G6,CastellaBot
8183,WHITE,F4,CastellaBot
8184,BLACK,D3,Human
8185,WHITE,B4,CastellaBot
8186,WHITE,B5,CastellaBot
8187,WHITE,C2,CastellaBot
8188,WHITE,C3,CastellaBot
8189,WHITE,C4,CastellaBot
8190,WHITE,C6,CastellaBot
8191,WHITE,D2,CastellaBot
8192,BLACK,D7,Human
8193,WHITE,B5,CastellaBot
8194,WHITE,B6,CastellaBot
8195,WHITE,C4,CastellaBot
8196,WHITE,C6,CastellaBot
8197,BLACK,E3,Human
8198,WHITE,B4,CastellaBot
8199,WHITE,B5,CastellaBot
8200,WHITE,C3,CastellaBot
8201,WHITE,C4,CastellaBot
8202,BLACK,E7,Human
8203,WHITE,B5,CastellaBot
8204,WHITE,B6,CastellaBot
8205,WHITE,C4,CastellaBot
8206,WHITE,C6,CastellaBot
8207,BLACK,F3,Human
8208,WHITE,B4,CastellaBot
8209,WHITE,B5,CastellaBot
8210,WHITE,B6,CastellaBot
8211,WHITE,C4,CastellaBot
8212,WHITE,D3,CastellaBot
8213,WHITE,E3,CastellaBot
8214,WHITE,F2,CastellaBot
8215,BLACK,F7,Human
8216,WHITE,B4,CastellaBot
8217,WHITE,B5,CastellaBot
8218,BLACK,G5,Human
8219,WHITE,B4,CastellaBot
8220,WHITE,B6,CastellaBot
8221,WHITE,C4,CastellaBot
8222,WHITE,C6,CastellaBot
8223,WHITE,G4,CastellaBot
8224,WHITE,G6,CastellaBot
8225,WHITE,H4,CastellaBot
8226,WHITE,H6,CastellaBot
8227,WHITE,G4,CastellaBot
8228,BLACK,C3,Human
8229,WHITE,B2,CastellaBot
8230,WHITE,B4,CastellaBot
8231,WHITE,B5,CastellaBot
8232,WHITE,C4,CastellaBot
8233,WHITE,D3,CastellaBot
8234,WHITE,E3,CastellaBot
8235,WHITE,F4,CastellaBot
8236,BLACK,C4,Human
8237,WHITE,B3,CastellaBot
8238,WHITE,B4,CastellaBot
8239,WHITE,B5,CastellaBot
8240,WHITE,C3,CastellaBot
8241,WHITE,D3,CastellaBot
8242,WHITE,E3,CastellaBot
8243,WHITE,F4,CastellaBot
8244,BLACK,C7,Human
8245,WHITE,B5,CastellaBot
8246,BLACK,D3,Human
8247,WHITE,B4,CastellaBot
8248,WHITE,B5,CastellaBot
8249,BLACK,D7,Human
8250,WHITE,B5,CastellaBot
8251,BLACK,E3,Human
8252,WHITE,B4,CastellaBot
8253,WHITE,B5,CastellaBot
8254,BLACK,E7,Human
8255,WHITE,B5,CastellaBot
8256,WHITE,B6,CastellaBot
8257,WHITE,C6,CastellaBot
8258,WHITE,D3,CastellaBot
8259,WHITE,D7,CastellaBot
8260,BLACK,F7,Human
8261,WHITE,B4,CastellaBot
8262,WHITE,B5,CastellaBot
8263,BLACK,G5,Human
8264,WHITE,B4,CastellaBot
8265,WHITE,B6,CastellaBot
8266,WHITE,C4,CastellaBot
8267,WHITE,E3,CastellaBot
8268,WHITE,F4,CastellaBot
8269,BLACK,G6,Human
8270,WHITE,B4,CastellaBot
8271,WHITE,B6,CastellaBot
8272,WHITE,C4,CastellaBot
8273,WHITE,E3,CastellaBot
8274,WHITE,F4,CastellaBot
8275,BLACK,G7,Human
8276,WHITE,B4,CastellaBot
8277,WHITE,B5,CastellaBot
8278,WHITE,E3,CastellaBot
8279,BLACK,F3,Human
8280,WHITE,B4,CastellaBot
8281,BLACK,B5,Human
8282,WHITE,A5,CastellaBot
8283,WHITE,B6,CastellaBot
8284,WHITE,C4,CastellaBot
8285,WHITE,F4,CastellaBot
8286,WHITE,G3,CastellaBot
8287,WHITE,G4,CastellaBot
8288,WHITE,G5,CastellaBot
8289,BLACK,C4,Human
8290,WHITE,B3,CastellaBot
8291,WHITE,C3,CastellaBot
8292,WHITE,D3,CastellaBot
8293,WHITE,F4,CastellaBot
8294,BLACK,D3,Human
8295,WHITE,C3,CastellaBot
8296,WHITE,C4,CastellaBot
8297,WHITE,D2,CastellaBot
8298,WHITE,E2,CastellaBot
8299,WHITE,F2,CastellaBot
8300,WHITE,F4,CastellaBot
8301,WHITE,G4,CastellaBot
8302,WHITE,G5,CastellaBot
8303,BLACK,D7,Human
8304,WHITE,C6,CastellaBot
8305,BLACK,E2,Human
8306,WHITE,C4,CastellaBot
8307,WHITE,E1,CastellaBot
8308,BLACK,E7,Human
8309,WHITE,D8,CastellaBot
8310,WHITE,E8,CastellaBot
8311,BLACK,F7,Human
8312,WHITE,E7,CastellaBot
8313,WHITE,F4,CastellaBot
8314,WHITE,G3,CastellaBot
8315,WHITE,G5,CastellaBot
8316,WHITE,G6,CastellaBot
8317,WHITE,B5,CastellaBot
8318,BLACK,A5,Human
8319,WHITE,B4,CastellaBot
8320,WHITE,B6,CastellaBot
8321,WHITE,C4,CastellaBot
8322,WHITE,F4,CastellaBot
8323,WHITE,G3,CastellaBot
8324,WHITE,G4,CastellaBot
8325,BLACK,C4,Human
8326,WHITE,B3,CastellaBot
8327,WHITE,C3,CastellaBot
8328,BLACK,C6,Human
8329,WHITE,B6,CastellaBot
8330,BLACK,D3,Human
8331,WHITE,D2,CastellaBot
8332,WHITE,E2,CastellaBot
8333,BLACK,D7,Human
8334,WHITE,D8,CastellaBot
8335,WHITE,E7,CastellaBot
8336,BLACK,E2,Human
8337,WHITE,E1,CastellaBot
8338,BLACK,E7,Human
8339,WHITE,D8,CastellaBot
8340,WHITE,E8,CastellaBot
8341,BLACK,F7,Human
8342,WHITE,F4,CastellaBot
8343,WHITE,B6,CastellaBot
8344,BLACK,B5,Human
8345,WHITE,A5,CastellaBot
8346,WHITE,B4,CastellaBot
8347,WHITE,C4,CastellaBot
8348,WHITE,F4,CastellaBot
8349,WHITE,G3,CastellaBot
8350,WHITE,G4,CastellaBot
8351,WHITE,G5,CastellaBot
8352,BLACK,C4,Human
8353,WHITE,B3,CastellaBot
8354,WHITE,C3,CastellaBot
8355,WHITE,D3,CastellaBot
8356,BLACK,D3,Human
8357,WHITE,C3,CastellaBot
8358,WHITE,C4,CastellaBot
8359,WHITE,D2,CastellaBot
8360,WHITE,E2,CastellaBot
8361,WHITE,F2,CastellaBot
8362,WHITE,F4,CastellaBot
8363,WHITE,G4,CastellaBot
8364,WHITE,G5,CastellaBot
8365,BLACK,D7,Human
8366,WHITE,C6,CastellaBot
8367,BLACK,E2,Human
8368,WHITE,C4,CastellaBot
8369,WHITE,E1,CastellaBot
8370,BLACK,E7,Human
8371,WHITE,D8,CastellaBot
8372,WHITE,E8,CastellaBot
8373,BLACK,F7,Human
8374,WHITE,E7,CastellaBot
8375,WHITE,F4,CastellaBot
8376,WHITE,G3,CastellaBot
8377,WHITE,G5,CastellaBot
8378,WHITE,G6,CastellaBot
8379,WHITE,C4,CastellaBot
8380,BLACK,B4,Human
8381,WHITE,A3,CastellaBot
8382,WHITE,B3,CastellaBot
8383,WHITE,B5,CastellaBot
8384,WHITE,B6,CastellaBot
8385,WHITE,C3,CastellaBot
8386,WHITE,D3,CastellaBot
8387,WHITE,F4,CastellaBot
8388,WHITE,G2,CastellaBot
8389,WHITE,G3,CastellaBot
8390,WHITE,G4,CastellaBot
8391,WHITE,G5,CastellaBot
8392,BLACK,C3,Human
8393,WHITE,B2,CastellaBot
8394,WHITE,B3,CastellaBot
8395,WHITE,B4,CastellaBot
8396,WHITE,B5,CastellaBot
8397,WHITE,B6,CastellaBot
8398,WHITE,F4,CastellaBot
8399,WHITE,G2,CastellaBot
8400,WHITE,G3,CastellaBot
8401,WHITE,G4,CastellaBot
8402,WHITE,G5,CastellaBot
8403,BLACK,C6,Human
8404,WHITE,B4,CastellaBot
8405,WHITE,B5,CastellaBot
8406,WHITE,B6,CastellaBot
8407,BLACK,D3,Human
8408,WHITE,B4,CastellaBot
8409,WHITE,B5,CastellaBot
8410,WHITE,B6,CastellaBot
8411,WHITE,C6,CastellaBot
8412,BLACK,D7,Human
8413,WHITE,B4,CastellaBot
8414,WHITE,B5,CastellaBot
8415,WHITE,B6,CastellaBot
8416,WHITE,C6,CastellaBot
8417,BLACK,E2,Human
8418,WHITE,B4,CastellaBot
8419,WHITE,B5,CastellaBot
8420,WHITE,B6,CastellaBot
8421,WHITE,C6,CastellaBot
8422,BLACK,E7,Human
8423,WHITE,B5,CastellaBot
8424,WHITE,B6,CastellaBot
8425,WHITE,C6,CastellaBot
8426,BLACK,F2,Human
8427,WHITE,B4,CastellaBot
8428,WHITE,B5,CastellaBot
8429,WHITE,C3,CastellaBot
8430,BLACK,F7,Human
8431,WHITE,B4,CastellaBot
8432,WHITE,B5,CastellaBot
8433,WHITE,B6,CastellaBot
8434,WHITE,C6,CastellaBot
8435,WHITE,F4,CastellaBot
8436,WHITE,F4,CastellaBot
8437,BLACK,D3,Human
8438,WHITE,B4,CastellaBot
8439,WHITE,B5,CastellaBot
8440,WHITE,C2,CastellaBot
8441,WHITE,C3,CastellaBot
8442,WHITE,C4,CastellaBot
8443,WHITE,C6,CastellaBot
8444,WHITE,D2,CastellaBot
8445,WHITE,E2,CastellaBot
8446,WHITE,F2,CastellaBot
8447,WHITE,G2,CastellaBot
8448,BLACK,D7,Human
8449,WHITE,B5,CastellaBot
8450,WHITE,B6,CastellaBot
8451,WHITE,C4,CastellaBot
8452,WHITE,C6,CastellaBot
8453,BLACK,E7,Human
8454,WHITE,B5,CastellaBot
8455,WHITE,B6,CastellaBot
8456,WHITE,C4,CastellaBot
8457,WHITE,C6,CastellaBot
8458,BLACK,F2,Human
8459,WHITE,B4,CastellaBot
8460,WHITE,B5,CastellaBot
8461,WHITE,C3,CastellaBot
8462,WHITE,C4,CastellaBot
8463,WHITE,C6,CastellaBot
8464,WHITE,D2,CastellaBot
8465,WHITE,D3,CastellaBot
8466,WHITE,E2,CastellaBot
8467,WHITE,F1,CastellaBot
8468,BLACK,F7,Human
8469,WHITE,B4,CastellaBot
8470,WHITE,B5,CastellaBot
8471,WHITE,B6,CastellaBot
8472,WHITE,C6,CastellaBot
8473,WHITE,E7,CastellaBot
8474,WHITE,G2,CastellaBot
8475,WHITE,G3,CastellaBot
8476,WHITE,G4,CastellaBot
8477,WHITE,G5,CastellaBot
8478,WHITE,G6,CastellaBot
8479,WHITE,G7,CastellaBot
8480,BLACK,G5,Human
8481,WHITE,B4,CastellaBot
8482,WHITE,B6,CastellaBot
8483,WHITE,C4,CastellaBot
8484,WHITE,C6,CastellaBot
8485,WHITE,G3,CastellaBot
8486,BLACK,C4,Human
8487,WHITE,B3,CastellaBot
8488,WHITE,B4,CastellaBot
8489,WHITE,B5,CastellaBot
8490,WHITE,B6,CastellaBot
8491,WHITE,C3,CastellaBot
8492,WHITE,C6,CastellaBot
8493,WHITE,D3,CastellaBot
8494,WHITE,F4,CastellaBot
8495,WHITE,G4,CastellaBot
8496,WHITE,G5,CastellaBot
8497,BLACK,D3,Human
8498,WHITE,B4,CastellaBot
8499,WHITE,B5,CastellaBot
8500,WHITE,B6,CastellaBot
8501,WHITE,C3,CastellaBot
8502,WHITE,C4,CastellaBot
8503,WHITE,C6,CastellaBot
8504,BLACK,D7,Human
8505,WHITE,B5,CastellaBot
8506,WHITE,B6,CastellaBot
8507,WHITE,C6,CastellaBot
8508,BLACK,E2,Human
8509,WHITE,B4,CastellaBot
8510,WHITE,B5,CastellaBot
8511,WHITE,B6,CastellaBot
8512,WHITE,C4,CastellaBot
8513,WHITE,C6,CastellaBot
8514,BLACK,E7,Human
8515,WHITE,B6,CastellaBot
8516,WHITE,C6,CastellaBot
8517,BLACK,F2,Human
8518,WHITE,B4,CastellaBot
8519,WHITE,B5,CastellaBot
8520,WHITE,C3,CastellaBot
8521,WHITE,C4,CastellaBot
8522,WHITE,C6,CastellaBot
8523,WHITE,D3,CastellaBot
8524,WHITE,E1,CastellaBot
8525,WHITE,E2,CastellaBot
8526,WHITE,F1,CastellaBot
8527,WHITE,F4,CastellaBot
8528,WHITE,G4,CastellaBot
8529,WHITE,G5,CastellaBot
8530,BLACK,F7,Human
8531,WHITE,B4,CastellaBot
8532,WHITE,B5,CastellaBot
8533,WHITE,B6,CastellaBot
8534,WHITE,C6,CastellaBot
8535,WHITE,E7,CastellaBot
8536,WHITE,F4,CastellaBot
8537,WHITE,G5,CastellaBot
8538,WHITE,G6,CastellaBot
8539,WHITE,G7,CastellaBot
8540,BLACK,G2,Human
8541,WHITE,B4,CastellaBot
8542,WHITE,B5,CastellaBot
8543,WHITE,B6,CastellaBot
8544,WHITE,C4,CastellaBot
8545,WHITE,F4,CastellaBot
8546,WHITE,G4,CastellaBot
8547,BLACK,C4,Human
8548,WHITE,B3,CastellaBot
8549,WHITE,B4,CastellaBot
8550,WHITE,B5,CastellaBot
8551,WHITE,B6,CastellaBot
8552,WHITE,C3,CastellaBot
8553,WHITE,D3,CastellaBot
8554,WHITE,E2,CastellaBot
8555,WHITE,G3,CastellaBot
8556,BLACK,D3,Human
8557,WHITE,B4,CastellaBot
8558,WHITE,B5,CastellaBot
8559,WHITE,C2,CastellaBot
8560,WHITE,C3,CastellaBot
8561,WHITE,C4,CastellaBot
8562,WHITE,D2,CastellaBot
8563,WHITE,E2,CastellaBot
8564,BLACK,D7,Human
8565,WHITE,B5,CastellaBot
8566,WHITE,B6,CastellaBot
8567,WHITE,C4,CastellaBot
8568,WHITE,C6,CastellaBot
8569,WHITE,C7,CastellaBot
8570,WHITE,C8,CastellaBot
8571,WHITE,D3,CastellaBot
8572,WHITE,D8,CastellaBot
8573,BLACK,E2,Human
8574,WHITE,B4,CastellaBot
8575,WHITE,B5,CastellaBot
8576,WHITE,B6,CastellaBot
8577,WHITE,C4,CastellaBot
8578,WHITE,D1,CastellaBot
8579,BLACK,E7,Human
8580,WHITE,B5,CastellaBot
8581,WHITE,B6,CastellaBot
8582,WHITE,C6,CastellaBot
8583,WHITE,D3,CastellaBot
8584,WHITE,D7,CastellaBot
8585,WHITE,D8,CastellaBot
8586,WHITE,E2,CastellaBot
8587,WHITE,E8,CastellaBot
8588,WHITE,F4,CastellaBot
8589,WHITE,G3,CastellaBot
8590,BLACK,F2,Human
8591,WHITE,B4,CastellaBot
8592,WHITE,B5,CastellaBot
8593,WHITE,C3,CastellaBot
8594,WHITE,C4,CastellaBot
8595,WHITE,D3,CastellaBot
8596,BLACK,F7,Human
8597,WHITE,B4,CastellaBot
8598,WHITE,B5,CastellaBot
8599,BLACK,G5,Human
8600,WHITE,B4,CastellaBot
8601,WHITE,B6,CastellaBot
8602,WHITE,C4,CastellaBot
8603,WHITE,E2,CastellaBot
8604,WHITE,F4,CastellaBot
8605,BLACK,G6,Human
8606,WHITE,B4,CastellaBot
8607,WHITE,B5,CastellaBot
8608,WHITE,B6,CastellaBot
8609,WHITE,C4,CastellaBot
8610,WHITE,E2,CastellaBot
8611,WHITE,F4,CastellaBot
8612,BLACK,H5,Human
8613,WHITE,B4,CastellaBot
8614,WHITE,B5,CastellaBot
8615,WHITE,B6,CastellaBot
8616,WHITE,C4,CastellaBot
8617,WHITE,D3,CastellaBot
8618,WHITE,F4,CastellaBot
8619,WHITE,G3,CastellaBot
8620,WHITE,G5,CastellaBot
8621,BLACK,C4,Human
8622,WHITE,B3,CastellaBot
8623,WHITE,B4,CastellaBot
8624,WHITE,B5,CastellaBot
8625,WHITE,B6,CastellaBot
8626,WHITE,C3,CastellaBot
8627,WHITE,D3,CastellaBot
8628,WHITE,G3,CastellaBot
8629,BLACK,D3,Human
8630,WHITE,B4,CastellaBot
8631,WHITE,B5,CastellaBot
8632,WHITE,C2,CastellaBot
8633,WHITE,C3,CastellaBot
8634,WHITE,C4,CastellaBot
8635,WHITE,D2,CastellaBot
8636,WHITE,E2,CastellaBot
8637,BLACK,D7,Human
8638,WHITE,B5,CastellaBot
8639,BLACK,E2,Human
8640,WHITE,B4,CastellaBot
8641,WHITE,B5,CastellaBot
8642,BLACK,E7,Human
8643,WHITE,B5,CastellaBot
8644,WHITE,B6,CastellaBot
8645,WHITE,C6,CastellaBot
8646,WHITE,D3,CastellaBot
8647,WHITE,D7,CastellaBot
8648,WHITE,D8,CastellaBot
8649,WHITE,E8,CastellaBot
8650,BLACK,F2,Human
8651,WHITE,B4,CastellaBot
8652,WHITE,B5,CastellaBot
8653,WHITE,C3,CastellaBot
8654,WHITE,C4,CastellaBot
8655,WHITE,D3,CastellaBot
8656,BLACK,F7,Human
8657,WHITE,B4,CastellaBot
8658,WHITE,B5,CastellaBot
8659,BLACK,G6,Human
8660,WHITE,B4,CastellaBot
8661,WHITE,B5,CastellaBot
8662,WHITE,B6,CastellaBot
8663,WHITE,C4,CastellaBot
8664,WHITE,F4,CastellaBot
8665,BLACK,H5,Human
8666,WHITE,B4,CastellaBot
8667,WHITE,B6,CastellaBot
8668,WHITE,C4,CastellaBot
8669,WHITE,F4,CastellaBot
8670,WHITE,G3,CastellaBot
8671,BLACK,G2,Human
8672,WHITE,B4,CastellaBot
8673,BLACK,B5,Human
8674,WHITE,A5,CastellaBot
8675,WHITE,B6,CastellaBot
8676,WHITE,C4,CastellaBot
8677,WHITE,F4,CastellaBot
8678,WHITE,G1,CastellaBot
8679,WHITE,G4,CastellaBot
8680,WHITE,G5,CastellaBot
8681,BLACK,C4,Human
8682,WHITE,B3,CastellaBot
8683,WHITE,C3,CastellaBot
8684,WHITE,D3,CastellaBot
8685,WHITE,F4,CastellaBot
8686,BLACK,D3,Human
8687,WHITE,C3,CastellaBot
8688,BLACK,D7,Human
8689,WHITE,C6,CastellaBot
8690,BLACK,E2,Human
8691,WHITE,C4,CastellaBot
8692,WHITE,D3,CastellaBot
8693,BLACK,E7,Human
8694,WHITE,D8,CastellaBot
8695,WHITE,E8,CastellaBot
8696,BLACK,F7,Human
8697,WHITE,E7,CastellaBot
8698,WHITE,F4,CastellaBot
8699,WHITE,G1,CastellaBot
8700,WHITE,G5,CastellaBot
8701,WHITE,G6,CastellaBot
8702,WHITE,G7,CastellaBot
8703,BLACK,G4,Human
8704,WHITE,C4,CastellaBot
8705,BLACK,H3,Human
8706,WHITE,C4,CastellaBot
8707,WHITE,F4,CastellaBot
8708,WHITE,B5,CastellaBot
8709,BLACK,A5,Human
8710,WHITE,B4,CastellaBot
8711,WHITE,B6,CastellaBot
8712,WHITE,C4,CastellaBot
8713,WHITE,F4,CastellaBot
8714,WHITE,G1,CastellaBot
8715,WHITE,G4,CastellaBot
8716,BLACK,C4,Human
8717,WHITE,B3,CastellaBot
8718,WHITE,C3,CastellaBot
8719,BLACK,C6,Human
8720,WHITE,B6,CastellaBot
8721,BLACK,D3,Human
8722,WHITE,C3,CastellaBot
8723,BLACK,D7,Human
8724,WHITE,D8,CastellaBot
8725,WHITE,E7,CastellaBot
8726,BLACK,E2,Human
8727,WHITE,D3,CastellaBot
8728,BLACK,E7,Human
8729,WHITE,D8,CastellaBot
8730,WHITE,E8,CastellaBot
8731,BLACK,F7,Human
8732,WHITE,F4,CastellaBot
8733,BLACK,G4,Human
8734,WHITE,F4,CastellaBot
8735,BLACK,H3,Human
8736,WHITE,F4,CastellaBot
8737,WHITE,B6,CastellaBot
8738,BLACK,B5,Human
8739,WHITE,A5,CastellaBot
8740,WHITE,B4,CastellaBot
8741,WHITE,C4,CastellaBot
8742,WHITE,F4,CastellaBot
8743,WHITE,G1,CastellaBot
8744,WHITE,G4,CastellaBot
8745,WHITE,G5,CastellaBot
8746,BLACK,C4,Human
8747,WHITE,B3,CastellaBot
8748,WHITE,C3,CastellaBot
8749,WHITE,D3,CastellaBot
8750,BLACK,D3,Human
8751,WHITE,C3,CastellaBot
8752,BLACK,D7,Human
8753,WHITE,C6,CastellaBot
8754,BLACK,E2,Human
8755,WHITE,C4,CastellaBot
8756,WHITE,D3,CastellaBot
8757,BLACK,E7,Human
8758,WHITE,D8,CastellaBot
8759,WHITE,E8,CastellaBot
8760,BLACK,F7,Human
8761,WHITE,E7,CastellaBot
8762,WHITE,F4,CastellaBot
8763,WHITE,G1,CastellaBot
8764,WHITE,G5,CastellaBot
8765,WHITE,G6,CastellaBot
8766,WHITE,G7,CastellaBot
8767,BLACK,G4,Human
8768,WHITE,C4,CastellaBot
8769,BLACK,H3,Human
8770,WHITE,C4,CastellaBot
8771,WHITE,F4,CastellaBot
8772,WHITE,C4,CastellaBot
8773,BLACK,B4,Human
8774,WHITE,A3,CastellaBot
8775,WHITE,B3,CastellaBot
8776,WHITE,B5,CastellaBot
8777,WHITE,B6,CastellaBot
8778,WHITE,C3,CastellaBot
8779,WHITE,D3,CastellaBot
8780,WHITE,F4,CastellaBot
8781,WHITE,G1,CastellaBot
8782,WHITE,G4,CastellaBot
8783,WHITE,G5,CastellaBot
8784,WHITE,H1,CastellaBot
8785,BLACK,C3,Human
8786,WHITE,B2,CastellaBot
8787,WHITE,B3,CastellaBot
8788,WHITE,B4,CastellaBot
8789,WHITE,B5,CastellaBot
8790,WHITE,B6,CastellaBot
8791,WHITE,F4,CastellaBot
8792,WHITE,G1,CastellaBot
8793,WHITE,G4,CastellaBot
8794,WHITE,G5,CastellaBot
8795,WHITE,H1,CastellaBot
8796,BLACK,C6,Human
8797,WHITE,B4,CastellaBot
8798,WHITE,B5,CastellaBot
8799,WHITE,B6,CastellaBot
8800,WHITE,C7,CastellaBot
8801,WHITE,F4,CastellaBot
8802,WHITE,G1,CastellaBot
8803,WHITE,G4,CastellaBot
8804,WHITE,G5,CastellaBot
8805,BLACK,D3,Human
8806,WHITE,B4,CastellaBot
8807,WHITE,B5,CastellaBot
8808,WHITE,B6,CastellaBot
8809,WHITE,C3,CastellaBot
8810,BLACK,D7,Human
8811,WHITE,B4,CastellaBot
8812,WHITE,B5,CastellaBot
8813,WHITE,B6,CastellaBot
8814,WHITE,C6,CastellaBot
8815,WHITE,D8,CastellaBot
8816,WHITE,E7,CastellaBot
8817,WHITE,F4,CastellaBot
8818,BLACK,E2,Human
8819,WHITE,B4,CastellaBot
8820,WHITE,B5,CastellaBot
8821,WHITE,B6,CastellaBot
8822,WHITE,C6,CastellaBot
8823,BLACK,E7,Human
8824,WHITE,B5,CastellaBot
8825,WHITE,B6,CastellaBot
8826,WHITE,C6,CastellaBot
8827,WHITE,D7,CastellaBot
8828,WHITE,D8,CastellaBot
8829,WHITE,E8,CastellaBot
8830,BLACK,F2,Human
8831,WHITE,B4,CastellaBot
8832,WHITE,B5,CastellaBot
8833,WHITE,C3,CastellaBot
8834,BLACK,F7,Human
8835,WHITE,B4,CastellaBot
8836,WHITE,B5,CastellaBot
8837,WHITE,B6,CastellaBot
8838,WHITE,C6,CastellaBot
8839,WHITE,F4,CastellaBot
8840,WHITE,G1,CastellaBot
8841,WHITE,G4,CastellaBot
8842,WHITE,G5,CastellaBot
8843,WHITE,G6,CastellaBot
8844,WHITE,G7,CastellaBot
8845,WHITE,G8,CastellaBot
8846,WHITE,H1,CastellaBot
8847,BLACK,G4,Human
8848,WHITE,B4,CastellaBot
8849,WHITE,B5,CastellaBot
8850,WHITE,B6,CastellaBot
8851,WHITE,C6,CastellaBot
8852,BLACK,H3,Human
8853,WHITE,B4,CastellaBot
8854,WHITE,B5,CastellaBot
8855,WHITE,B6,CastellaBot
8856,WHITE,C6,CastellaBot
8857,WHITE,F4,CastellaBot
8858,WHITE,F4,CastellaBot
8859,BLACK,D3,Human
8860,WHITE,B4,CastellaBot
8861,WHITE,B5,CastellaBot
8862,WHITE,C2,CastellaBot
8863,WHITE,C3,CastellaBot
8864,WHITE,C4,CastellaBot
8865,WHITE,C6,CastellaBot
8866,WHITE,D2,CastellaBot
8867,WHITE,E2,CastellaBot
8868,WHITE,F2,CastellaBot
8869,WHITE,G1,CastellaBot
8870,WHITE,H1,CastellaBot
8871,BLACK,D7,Human
8872,WHITE,B5,CastellaBot
8873,WHITE,B6,CastellaBot
8874,WHITE,C4,CastellaBot
8875,WHITE,C6,CastellaBot
8876,WHITE,C7,CastellaBot
8877,WHITE,C8,CastellaBot
8878,WHITE,D8,CastellaBot
8879,WHITE,F2,CastellaBot
8880,WHITE,G1,CastellaBot
8881,WHITE,H1,CastellaBot
8882,BLACK,E7,Human
8883,WHITE,B5,CastellaBot
8884,WHITE,B6,CastellaBot
8885,WHITE,C4,CastellaBot
8886,WHITE,C6,CastellaBot
8887,WHITE,C7,CastellaBot
8888,WHITE,D7,CastellaBot
8889,WHITE,D8,CastellaBot
8890,WHITE,E8,CastellaBot
8891,WHITE,F2,CastellaBot
8892,WHITE,G1,CastellaBot
8893,WHITE,H1,CastellaBot
8894,BLACK,F2,Human
8895,WHITE,B4,CastellaBot
8896,WHITE,B5,CastellaBot
8897,WHITE,C3,CastellaBot
8898,WHITE,C4,CastellaBot
8899,WHITE,C6,CastellaBot
8900,WHITE,D2,CastellaBot
8901,WHITE,D3,CastellaBot
8902,WHITE,E1,CastellaBot
8903,WHITE,E2,CastellaBot
8904,WHITE,F1,CastellaBot
8905,WHITE,G1,CastellaBot
8906,WHITE,H1,CastellaBot
8907,BLACK,F7,Human
8908,WHITE,B4,CastellaBot
8909,WHITE,B5,CastellaBot
8910,WHITE,B6,CastellaBot
8911,WHITE,C6,CastellaBot
8912,WHITE,E7,CastellaBot
8913,WHITE,G1,CastellaBot
8914,WHITE,G4,CastellaBot
8915,WHITE,G5,CastellaBot
8916,WHITE,G6,CastellaBot
8917,WHITE,G7,CastellaBot
8918,WHITE,H1,CastellaBot
8919,BLACK,G4,Human
8920,WHITE,B4,CastellaBot
8921,BLACK,G5,Human
8922,WHITE,B4,CastellaBot
8923,WHITE,B6,CastellaBot
8924,WHITE,C4,CastellaBot
8925,WHITE,C6,CastellaBot
8926,BLACK,H3,Human
8927,WHITE,B4,CastellaBot
8928,WHITE,G1,CastellaBot
8929,BLACK,C4,Human
8930,WHITE,B3,CastellaBot
8931,WHITE,B4,CastellaBot
8932,WHITE,B5,CastellaBot
8933,WHITE,B6,CastellaBot
8934,WHITE,C3,CastellaBot
8935,WHITE,C6,CastellaBot
8936,WHITE,D3,CastellaBot
8937,WHITE,F4,CastellaBot
8938,WHITE,G4,CastellaBot
8939,WHITE,G5,CastellaBot
8940,BLACK,D3,Human
8941,WHITE,B4,CastellaBot
8942,WHITE,B5,CastellaBot
8943,WHITE,C3,CastellaBot
8944,WHITE,C4,CastellaBot
8945,WHITE,C6,CastellaBot
8946,WHITE,D2,CastellaBot
8947,WHITE,E2,CastellaBot
8948,WHITE,F4,CastellaBot
8949,WHITE,G4,CastellaBot
8950,WHITE,G5,CastellaBot
8951,BLACK,D7,Human
8952,WHITE,B5,CastellaBot
8953,WHITE,B6,CastellaBot
8954,WHITE,C6,CastellaBot
8955,BLACK,E2,Human
8956,WHITE,B4,CastellaBot
8957,WHITE,B5,CastellaBot
8958,WHITE,B6,CastellaBot
8959,WHITE,C4,CastellaBot
8960,WHITE,C6,CastellaBot
8961,BLACK,E7,Human
8962,WHITE,B6,CastellaBot
8963,WHITE,C6,CastellaBot
8964,BLACK,F2,Human
8965,WHITE,B4,CastellaBot
8966,WHITE,B5,CastellaBot
8967,WHITE,B6,CastellaBot
8968,WHITE,C3,CastellaBot
8969,WHITE,C4,CastellaBot
8970,WHITE,C6,CastellaBot
8971,WHITE,D3,CastellaBot
8972,WHITE,E1,CastellaBot
8973,WHITE,E2,CastellaBot
8974,WHITE,F4,CastellaBot
8975,WHITE,G4,CastellaBot
8976,WHITE,G5,CastellaBot
8977,BLACK,F7,Human
8978,WHITE,B4,CastellaBot
8979,WHITE,B5,CastellaBot
8980,WHITE,B6,CastellaBot
8981,WHITE,C6,CastellaBot
8982,WHITE,E7,CastellaBot
8983,WHITE,F4,CastellaBot
8984,WHITE,G5,CastellaBot
8985,WHITE,G6,CastellaBot
8986,WHITE,G7,CastellaBot
8987,BLACK,H1,Human
8988,WHITE,B4,CastellaBot
8989,WHITE,B5,CastellaBot
8990,WHITE,B6,CastellaBot
8991,WHITE,C4,CastellaBot
8992,WHITE,F4,CastellaBot
8993,WHITE,G4,CastellaBot
8994,WHITE,G5,CastellaBot
8995,BLACK,H3,Human
8996,WHITE,B4,CastellaBot
8997,WHITE,B5,CastellaBot
8998,WHITE,G4,CastellaBot
8999,BLACK,C4,Human
9000,WHITE,B3,CastellaBot
9001,WHITE,B4,CastellaBot
9002,WHITE,B5,CastellaBot
9003,WHITE,B6,CastellaBot
9004,WHITE,C3,CastellaBot
9005,WHITE,D3,CastellaBot
9006,WHITE,E2,CastellaBot
9007,WHITE,G1,CastellaBot
9008,BLACK,D3,Human
9009,WHITE,B4,CastellaBot
9010,WHITE,B5,CastellaBot
9011,WHITE,C2,CastellaBot
9012,WHITE,C3,CastellaBot
9013,BLACK,D7,Human
9014,WHITE,B5,CastellaBot
9015,WHITE,B6,CastellaBot
9016,WHITE,C4,CastellaBot
9017,WHITE,C6,CastellaBot
9018,WHITE,C7,CastellaBot
9019,WHITE,C8,CastellaBot
9020,WHITE,D3,CastellaBot
9021,WHITE,D8,CastellaBot
9022,BLACK,E2,Human
9023,WHITE,B4,CastellaBot
9024,WHITE,B5,CastellaBot
9025,WHITE,B6,CastellaBot
9026,WHITE,C4,CastellaBot
9027,WHITE,D1,CastellaBot
9028,BLACK,E7,Human
9029,WHITE,B5,CastellaBot
9030,WHITE,B6,CastellaBot
9031,WHITE,C6,CastellaBot
9032,WHITE,D3,CastellaBot
9033,WHITE,D7,CastellaBot
9034,WHITE,D8,CastellaBot
9035,WHITE,E2,CastellaBot
9036,WHITE,E8,CastellaBot
9037,WHITE,F4,CastellaBot
9038,WHITE,G1,CastellaBot
9039,BLACK,F2,Human
9040,WHITE,B4,CastellaBot
9041,WHITE,B5,CastellaBot
9042,WHITE,C3,CastellaBot
9043,WHITE,C4,CastellaBot
9044,WHITE,D3,CastellaBot
9045,BLACK,F7,Human
9046,WHITE,B4,CastellaBot
9047,WHITE,B5,CastellaBot
9048,BLACK,G5,Human
9049,WHITE,B4,CastellaBot
9050,WHITE,B6,CastellaBot
9051,WHITE,C4,CastellaBot
9052,WHITE,F4,CastellaBot
9053,BLACK,G6,Human
9054,WHITE,B4,CastellaBot
9055,WHITE,B5,CastellaBot
9056,WHITE,B6,CastellaBot
9057,WHITE,C4,CastellaBot
9058,WHITE,E2,CastellaBot
9059,BLACK,H3,Human
9060,WHITE,B4,CastellaBot
9061,WHITE,B5,CastellaBot
9062,WHITE,B6,CastellaBot
9063,WHITE,C4,CastellaBot
9064,WHITE,D3,CastellaBot
9065,WHITE,E2,CastellaBot
9066,WHITE,F4,CastellaBot
9067,WHITE,G1,CastellaBot
9068,BLACK,H5,Human
9069,WHITE,B4,CastellaBot
9070,WHITE,B5,CastellaBot
9071,WHITE,G5,CastellaBot
9072,BLACK,C4,Human
9073,WHITE,B3,CastellaBot
9074,WHITE,B4,CastellaBot
9075,WHITE,B5,CastellaBot
9076,WHITE,B6,CastellaBot
9077,WHITE,C3,CastellaBot
9078,WHITE,D3,CastellaBot
9079,WHITE,G1,CastellaBot
9080,BLACK,D3,Human
9081,WHITE,B4,CastellaBot
9082,WHITE,B5,CastellaBot
9083,WHITE,C2,CastellaBot
9084,WHITE,C3,CastellaBot
9085,BLACK,D7,Human
9086,WHITE,B5,CastellaBot
9087,WHITE,B6,CastellaBot
9088,WHITE,C4,CastellaBot
9089,WHITE,C6,CastellaBot
9090,WHITE,C7,CastellaBot
9091,WHITE,C8,CastellaBot
9092,WHITE,D3,CastellaBot
9093,WHITE,D8,CastellaBot
9094,BLACK,E2,Human
9095,WHITE,B4,CastellaBot
9096,WHITE,B5,CastellaBot
9097,WHITE,B6,CastellaBot
9098,WHITE,C4,CastellaBot
9099,WHITE,D3,CastellaBot
9100,BLACK,E7,Human
9101,WHITE,B5,CastellaBot
9102,WHITE,B6,CastellaBot
9103,WHITE,C6,CastellaBot
9104,WHITE,D3,CastellaBot
9105,WHITE,D7,CastellaBot
9106,WHITE,D8,CastellaBot
9107,WHITE,E8,CastellaBot
9108,WHITE,F4,CastellaBot
9109,WHITE,G1,CastellaBot
9110,BLACK,F2,Human
9111,WHITE,B4,CastellaBot
9112,WHITE,B5,CastellaBot
9113,WHITE,C3,CastellaBot
9114,WHITE,C4,CastellaBot
9115,WHITE,D3,CastellaBot
9116,BLACK,F7,Human
9117,WHITE,B4,CastellaBot
9118,WHITE,B5,CastellaBot
9119,BLACK,G4,Human
9120,WHITE,B4,CastellaBot
9121,WHITE,B5,CastellaBot
9122,BLACK,G6,Human
9123,WHITE,B4,CastellaBot
9124,WHITE,B5,CastellaBot
9125,WHITE,B6,CastellaBot
9126,WHITE,C4,CastellaBot
9127,WHITE,F4,CastellaBot
9128,BLACK,H3,Human
9129,WHITE,B4,CastellaBot
9130,WHITE,B5,CastellaBot
9131,WHITE,B6,CastellaBot
9132,WHITE,C4,CastellaBot
9133,WHITE,D3,CastellaBot
9134,WHITE,F4,CastellaBot
9135,BLACK,H5,Human
9136,WHITE,B4,CastellaBot
9137,WHITE,B6,CastellaBot
9138,WHITE,C4,CastellaBot
9139,WHITE,F4,CastellaBot
9140,WHITE,G4,CastellaBot
9141,BLACK,H3,Human
9142,WHITE,B4,CastellaBot
9143,BLACK,B5,Human
9144,WHITE,A5,CastellaBot
9145,WHITE,B6,CastellaBot
9146,WHITE,C4,CastellaBot
9147,WHITE,D3,CastellaBot
9148,WHITE,E2,CastellaBot
9149,WHITE,F4,CastellaBot
9150,WHITE,G1,CastellaBot
9151,BLACK,C4,Human
9152,WHITE,B3,CastellaBot
9153,WHITE,C3,CastellaBot
9154,WHITE,D3,CastellaBot
9155,BLACK,D3,Human
9156,WHITE,C2,CastellaBot
9157,WHITE,C3,CastellaBot
9158,WHITE,C4,CastellaBot
9159,WHITE,D2,CastellaBot
9160,WHITE,E2,CastellaBot
9161,BLACK,D7,Human
9162,WHITE,C6,CastellaBot
9163,WHITE,C7,CastellaBot
9164,WHITE,D8,CastellaBot
9165,WHITE,E7,CastellaBot
9166,WHITE,F4,CastellaBot
9167,WHITE,G5,CastellaBot
9168,BLACK,E2,Human
9169,WHITE,C4,CastellaBot
9170,BLACK,E7,Human
9171,WHITE,D3,CastellaBot
9172,WHITE,D7,CastellaBot
9173,WHITE,D8,CastellaBot
9174,WHITE,E2,CastellaBot
9175,BLACK,F7,Human
9176,WHITE,D3,CastellaBot
9177,BLACK,G5,Human
9178,WHITE,C4,CastellaBot
9179,WHITE,F4,CastellaBot
9180,BLACK,G6,Human
9181,WHITE,C4,CastellaBot
9182,WHITE,E2,CastellaBot
9183,BLACK,H5,Human
9184,WHITE,C4,CastellaBot
9185,WHITE,B5,CastellaBot
9186,BLACK,C4,Human
9187,WHITE,B3,CastellaBot
9188,WHITE,C3,CastellaBot
9189,WHITE,D3,CastellaBot
9190,WHITE,E2,CastellaBot
9191,WHITE,G1,CastellaBot
9192,WHITE,H1,CastellaBot
9193,BLACK,C6,Human
9194,WHITE,B6,CastellaBot
9195,WHITE,C4,CastellaBot
9196,WHITE,C7,CastellaBot
9197,WHITE,D3,CastellaBot
9198,WHITE,D7,CastellaBot
9199,WHITE,E2,CastellaBot
9200,WHITE,F4,CastellaBot
9201,WHITE,G1,CastellaBot
9202,BLACK,D3,Human
9203,WHITE,C2,CastellaBot
9204,WHITE,D2,CastellaBot
9205,WHITE,E2,CastellaBot
9206,BLACK,D7,Human
9207,WHITE,D8,CastellaBot
9208,WHITE,E7,CastellaBot
9209,WHITE,F4,CastellaBot
9210,WHITE,F7,CastellaBot
9211,WHITE,G5,CastellaBot
9212,WHITE,H1,CastellaBot
9213,BLACK,E2,Human
9214,WHITE,D1,CastellaBot
9215,BLACK,E7,Human
9216,WHITE,D3,CastellaBot
9217,WHITE,D7,CastellaBot
9218,WHITE,D8,CastellaBot
9219,WHITE,E2,CastellaBot
9220,WHITE,E8,CastellaBot
9221,BLACK,G5,Human
9222,WHITE,D3,CastellaBot
9223,BLACK,G6,Human
9224,WHITE,E2,CastellaBot
9225,WHITE,F4,CastellaBot
9226,BLACK,H5,Human
9227,WHITE,D3,CastellaBot
9228,WHITE,F4,CastellaBot
9229,WHITE,H1,CastellaBot
9230,WHITE,B6,CastellaBot
9231,BLACK,B5,Human
9232,WHITE,A5,CastellaBot
9233,WHITE,B4,CastellaBot
9234,WHITE,C4,CastellaBot
9235,WHITE,D3,CastellaBot
9236,WHITE,E2,CastellaBot
9237,WHITE,F4,CastellaBot
9238,WHITE,G1,CastellaBot
9239,BLACK,C4,Human
9240,WHITE,B3,CastellaBot
9241,WHITE,C3,CastellaBot
9242,WHITE,D3,CastellaBot
9243,BLACK,D3,Human
9244,WHITE,C2,CastellaBot
9245,WHITE,C3,CastellaBot
9246,WHITE,C4,CastellaBot
9247,WHITE,D2,CastellaBot
9248,WHITE,E2,CastellaBot
9249,BLACK,D7,Human
9250,WHITE,C6,CastellaBot
9251,WHITE,C7,CastellaBot
9252,WHITE,D8,CastellaBot
9253,WHITE,E7,CastellaBot
9254,WHITE,F4,CastellaBot
9255,WHITE,G5,CastellaBot
9256,BLACK,E2,Human
9257,WHITE,C4,CastellaBot
9258,BLACK,E7,Human
9259,WHITE,D3,CastellaBot
9260,WHITE,D7,CastellaBot
9261,WHITE,D8,CastellaBot
9262,WHITE,E2,CastellaBot
9263,BLACK,F7,Human
9264,WHITE,D3,CastellaBot
9265,BLACK,G5,Human
9266,WHITE,C4,CastellaBot
9267,WHITE,F4,CastellaBot
9268,BLACK,G6,Human
9269,WHITE,C4,CastellaBot
9270,WHITE,E2,CastellaBot
9271,BLACK,H5,Human
9272,WHITE,C4,CastellaBot
9273,WHITE,C4,CastellaBot
9274,BLACK,B4,Human
9275,WHITE,A3,CastellaBot
9276,WHITE,B3,CastellaBot
9277,WHITE,B5,CastellaBot
9278,WHITE,B6,CastellaBot
9279,WHITE,C3,CastellaBot
9280,WHITE,D3,CastellaBot
9281,WHITE,E2,CastellaBot
9282,WHITE,G1,CastellaBot
9283,WHITE,H1,CastellaBot
9284,BLACK,C3,Human
9285,WHITE,B2,CastellaBot
9286,WHITE,B3,CastellaBot
9287,WHITE,B4,CastellaBot
9288,WHITE,B5,CastellaBot
9289,WHITE,B6,CastellaBot
9290,WHITE,D3,CastellaBot
9291,WHITE,E2,CastellaBot
9292,WHITE,F4,CastellaBot
9293,WHITE,G1,CastellaBot
9294,WHITE,H1,CastellaBot
9295,BLACK,C6,Human
9296,WHITE,B4,CastellaBot
9297,WHITE,B5,CastellaBot
9298,WHITE,B6,CastellaBot
9299,WHITE,C7,CastellaBot
9300,WHITE,D3,CastellaBot
9301,WHITE,E2,CastellaBot
9302,WHITE,F4,CastellaBot
9303,WHITE,G1,CastellaBot
9304,BLACK,D3,Human
9305,WHITE,B4,CastellaBot
9306,WHITE,B5,CastellaBot
9307,WHITE,B6,CastellaBot
9308,WHITE,C2,CastellaBot
9309,BLACK,D7,Human
9310,WHITE,B4,CastellaBot
9311,WHITE,B5,CastellaBot
9312,WHITE,B6,CastellaBot
9313,WHITE,C6,CastellaBot
9314,WHITE,D8,CastellaBot
9315,WHITE,E7,CastellaBot
9316,WHITE,F4,CastellaBot
9317,WHITE,F7,CastellaBot
9318,WHITE,G5,CastellaBot
9319,WHITE,H1,CastellaBot
9320,BLACK,E2,Human
9321,WHITE,B4,CastellaBot
9322,WHITE,B5,CastellaBot
9323,WHITE,B6,CastellaBot
9324,WHITE,C6,CastellaBot
9325,BLACK,E7,Human
9326,WHITE,B5,CastellaBot
9327,WHITE,B6,CastellaBot
9328,WHITE,C6,CastellaBot
9329,BLACK,F2,Human
9330,WHITE,B4,CastellaBot
9331,WHITE,B5,CastellaBot
9332,WHITE,C3,CastellaBot
9333,WHITE,C6,CastellaBot
9334,WHITE,D3,CastellaBot
9335,BLACK,G5,Human
9336,WHITE,B4,CastellaBot
9337,WHITE,B6,CastellaBot
9338,WHITE,C6,CastellaBot
9339,WHITE,F4,CastellaBot
9340,WHITE,H4,CastellaBot
9341,BLACK,G6,Human
9342,WHITE,B4,CastellaBot
9343,WHITE,B5,CastellaBot
9344,WHITE,B6,CastellaBot
9345,WHITE,C6,CastellaBot
9346,WHITE,E2,CastellaBot
9347,BLACK,H5,Human
9348,WHITE,B4,CastellaBot
9349,WHITE,B5,CastellaBot
9350,WHITE,B6,CastellaBot
9351,WHITE,C6,CastellaBot
9352,WHITE,D3,CastellaBot
9353,BLACK,C3,Human
9354,WHITE,B2,CastellaBot
9355,WHITE,B4,CastellaBot
9356,WHITE,B5,CastellaBot
9357,WHITE,B6,CastellaBot
9358,WHITE,C2,CastellaBot
9359,WHITE,C4,CastellaBot
9360,WHITE,C6,CastellaBot
9361,WHITE,D2,CastellaBot
9362,WHITE,E2,CastellaBot
9363,WHITE,F2,CastellaBot
9364,WHITE,G1,CastellaBot
9365,WHITE,H1,CastellaBot
9366,BLACK,D2,Human
9367,WHITE,B4,CastellaBot
9368,WHITE,B5,CastellaBot
9369,WHITE,B6,CastellaBot
9370,WHITE,C1,CastellaBot
9371,WHITE,C2,CastellaBot
9372,WHITE,C3,CastellaBot
9373,WHITE,C4,CastellaBot
9374,WHITE,C6,CastellaBot
9375,WHITE,D1,CastellaBot
9376,WHITE,E2,CastellaBot
9377,WHITE,G1,CastellaBot
9378,WHITE,H1,CastellaBot
9379,BLACK,D7,Human
9380,WHITE,B5,CastellaBot
9381,WHITE,B6,CastellaBot
9382,WHITE,C6,CastellaBot
9383,WHITE,C7,CastellaBot
9384,WHITE,D8,CastellaBot
9385,WHITE,E7,CastellaBot
9386,WHITE,F4,CastellaBot
9387,WHITE,G5,CastellaBot
9388,WHITE,G6,CastellaBot
9389,WHITE,H1,CastellaBot
9390,BLACK,E7,Human
9391,WHITE,B5,CastellaBot
9392,WHITE,B6,CastellaBot
9393,WHITE,C4,CastellaBot
9394,WHITE,C6,CastellaBot
9395,BLACK,F2,Human
9396,WHITE,B4,CastellaBot
9397,WHITE,B5,CastellaBot
9398,WHITE,C3,CastellaBot
9399,WHITE,C4,CastellaBot
9400,WHITE,C6,CastellaBot
9401,WHITE,E2,CastellaBot
9402,BLACK,F7,Human
9403,WHITE,B4,CastellaBot
9404,WHITE,B5,CastellaBot
9405,WHITE,B6,CastellaBot
9406,WHITE,C6,CastellaBot
9407,WHITE,D7,CastellaBot
9408,WHITE,E2,CastellaBot
9409,WHITE,E7,CastellaBot
9410,WHITE,F8,CastellaBot
9411,WHITE,G1,CastellaBot
9412,WHITE,H1,CastellaBot
9413,BLACK,G5,Human
9414,WHITE,B4,CastellaBot
9415,WHITE,B6,CastellaBot
9416,WHITE,C4,CastellaBot
9417,WHITE,C6,CastellaBot
9418,WHITE,F4,CastellaBot
9419,WHITE,G6,CastellaBot
9420,WHITE,H1,CastellaBot
9421,BLACK,H5,Human
9422,WHITE,B4,CastellaBot
9423,WHITE,B5,CastellaBot
9424,WHITE,B6,CastellaBot
9425,WHITE,C4,CastellaBot
9426,WHITE,C6,CastellaBot
9427,WHITE,H1,CastellaBot
9428,WHITE,E2,CastellaBot
9429,BLACK,C4,Human
9430,WHITE,B3,CastellaBot
9431,WHITE,B4,CastellaBot
9432,WHITE,B5,CastellaBot
9433,WHITE,B6,CastellaBot
9434,WHITE,C3,CastellaBot
9435,WHITE,C6,CastellaBot
9436,WHITE,D3,CastellaBot
9437,WHITE,G1,CastellaBot
9438,WHITE,H1,CastellaBot
9439,BLACK,D3,Human
9440,WHITE,B4,CastellaBot
9441,WHITE,B5,CastellaBot
9442,WHITE,C2,CastellaBot
9443,WHITE,C3,CastellaBot
9444,WHITE,C4,CastellaBot
9445,WHITE,D2,CastellaBot
9446,WHITE,G1,CastellaBot
9447,BLACK,D7,Human
9448,WHITE,B5,CastellaBot
9449,BLACK,E1,Human
9450,WHITE,B4,CastellaBot
9451,BLACK,E7,Human
9452,WHITE,B5,CastellaBot
9453,BLACK,F2,Human
9454,WHITE,B4,CastellaBot
9455,BLACK,F7,Human
9456,WHITE,B4,CastellaBot
9457,BLACK,G5,Human
9458,WHITE,B4,CastellaBot
9459,BLACK,G6,Human
9460,WHITE,B4,CastellaBot
9461,WHITE,F4,CastellaBot
9462,BLACK,C7,Human
9463,WHITE,B5,CastellaBot
9464,WHITE,B6,CastellaBot
9465,WHITE,C4,CastellaBot
9466,WHITE,C6,CastellaBot
9467,WHITE,D7,CastellaBot
9468,WHITE,E2,CastellaBot
9469,WHITE,F2,CastellaBot
9470,WHITE,G1,CastellaBot
9471,WHITE,G5,CastellaBot
9472,WHITE,H1,CastellaBot
9473,BLACK,D3,Human
9474,WHITE,B4,CastellaBot
9475,WHITE,B5,CastellaBot
9476,WHITE,C2,CastellaBot
9477,WHITE,C3,CastellaBot
9478,BLACK,D7,Human
9479,WHITE,B5,CastellaBot
9480,WHITE,B6,CastellaBot
9481,WHITE,C6,CastellaBot
9482,BLACK,E7,Human
9483,WHITE,B5,CastellaBot
9484,BLACK,F2,Human
9485,WHITE,B4,CastellaBot
9486,WHITE,B5,CastellaBot
9487,WHITE,C3,CastellaBot
9488,BLACK,F7,Human
9489,WHITE,B4,CastellaBot
9490,WHITE,B5,CastellaBot
9491,WHITE,B6,CastellaBot
9492,WHITE,C6,CastellaBot
9493,WHITE,D7,CastellaBot
9494,WHITE,E2,CastellaBot
9495,WHITE,E7,CastellaBot
9496,WHITE,G1,CastellaBot
9497,WHITE,G5,CastellaBot
9498,WHITE,G6,CastellaBot
9499,WHITE,G7,CastellaBot
9500,WHITE,H1,CastellaBot
9501,WHITE,H2,CastellaBot
9502,BLACK,G5,Human
9503,WHITE,B4,CastellaBot
9504,WHITE,B6,CastellaBot
9505,WHITE,C4,CastellaBot
9506,WHITE,C6,CastellaBot
9507,WHITE,F2,CastellaBot
9508,WHITE,G6,CastellaBot
9509,WHITE,H1,CastellaBot
9510,BLACK,H5,Human
9511,WHITE,B4,CastellaBot
9512,WHITE,G1,CastellaBot
9513,BLACK,C4,Human
9514,WHITE,B3,CastellaBot
9515,WHITE,B4,CastellaBot
9516,WHITE,B5,CastellaBot
9517,WHITE,B6,CastellaBot
9518,WHITE,C3,CastellaBot
9519,WHITE,C6,CastellaBot
9520,WHITE,D3,CastellaBot
9521,WHITE,E2,CastellaBot
9522,BLACK,D3,Human
9523,WHITE,B4,CastellaBot
9524,WHITE,B5,CastellaBot
9525,WHITE,C2,CastellaBot
9526,WHITE,C3,CastellaBot
9527,WHITE,C4,CastellaBot
9528,WHITE,C6,CastellaBot
9529,WHITE,D2,CastellaBot
9530,WHITE,E2,CastellaBot
9531,BLACK,D7,Human
9532,WHITE,B5,CastellaBot
9533,WHITE,B6,CastellaBot
9534,WHITE,C6,CastellaBot
9535,BLACK,E2,Human
9536,WHITE,B4,CastellaBot
9537,WHITE,B5,CastellaBot
9538,WHITE,B6,CastellaBot
9539,WHITE,C4,CastellaBot
9540,WHITE,C6,CastellaBot
9541,BLACK,E7,Human
9542,WHITE,B5,CastellaBot
9543,WHITE,B6,CastellaBot
9544,WHITE,C6,CastellaBot
9545,BLACK,F1,Human
9546,WHITE,B4,CastellaBot
9547,WHITE,B5,CastellaBot
9548,BLACK,F2,Human
9549,WHITE,B4,CastellaBot
9550,WHITE,B5,CastellaBot
9551,WHITE,B6,CastellaBot
9552,WHITE,C3,CastellaBot
9553,WHITE,C4,CastellaBot
9554,WHITE,C6,CastellaBot
9555,BLACK,F7,Human
9556,WHITE,B4,CastellaBot
9557,WHITE,B5,CastellaBot
9558,WHITE,B6,CastellaBot
9559,WHITE,C6,CastellaBot
9560,BLACK,G5,Human
9561,WHITE,B4,CastellaBot
9562,WHITE,B6,CastellaBot
9563,WHITE,C4,CastellaBot
9564,WHITE,C6,CastellaBot
9565,BLACK,G6,Human
9566,WHITE,B4,CastellaBot
9567,WHITE,B5,CastellaBot
9568,WHITE,B6,CastellaBot
9569,WHITE,C4,CastellaBot
9570,WHITE,C6,CastellaBot
9571,BLACK,H1,Human
9572,WHITE,B4,CastellaBot
9573,WHITE,B5,CastellaBot
9574,WHITE,B6,CastellaBot
9575,WHITE,C4,CastellaBot
9576,WHITE,D3,CastellaBot
9577,WHITE,E2,CastellaBot
9578,WHITE,F4,CastellaBot
9579,BLACK,H5,Human
9580,WHITE,B4,CastellaBot
9581,WHITE,D3,CastellaBot
9582,BLACK,F2,Human
9583,WHITE,B4,CastellaBot
9584,BLACK,B5,Human
9585,WHITE,A5,CastellaBot
9586,WHITE,B6,CastellaBot
9587,WHITE,C3,CastellaBot
9588,WHITE,C4,CastellaBot
9589,WHITE,C6,CastellaBot
9590,WHITE,E2,CastellaBot
9591,WHITE,G1,CastellaBot
9592,WHITE,H1,CastellaBot
9593,BLACK,B6,Human
9594,WHITE,B5,CastellaBot
9595,WHITE,C3,CastellaBot
9596,WHITE,C4,CastellaBot
9597,WHITE,C6,CastellaBot
9598,WHITE,E2,CastellaBot
9599,WHITE,G1,CastellaBot
9600,WHITE,H1,CastellaBot
9601,BLACK,C3,Human
9602,WHITE,B2,CastellaBot
9603,WHITE,C2,CastellaBot
9604,WHITE,C4,CastellaBot
9605,WHITE,C6,CastellaBot
9606,WHITE,D2,CastellaBot
9607,WHITE,E2,CastellaBot
9608,WHITE,G1,CastellaBot
9609,WHITE,H1,CastellaBot
9610,BLACK,D2,Human
9611,WHITE,C2,CastellaBot
9612,WHITE,C3,CastellaBot
9613,WHITE,C4,CastellaBot
9614,WHITE,C6,CastellaBot
9615,WHITE,D1,CastellaBot
9616,WHITE,E2,CastellaBot
9617,BLACK,D7,Human
9618,WHITE,C3,CastellaBot
9619,WHITE,C4,CastellaBot
9620,WHITE,C6,CastellaBot
9621,WHITE,C7,CastellaBot
9622,WHITE,D8,CastellaBot
9623,WHITE,E2,CastellaBot
9624,WHITE,E7,CastellaBot
9625,WHITE,F4,CastellaBot
9626,WHITE,G1,CastellaBot
9627,WHITE,G5,CastellaBot
9628,WHITE,G6,CastellaBot
9629,WHITE,H1,CastellaBot
9630,BLACK,E7,Human
9631,WHITE,C3,CastellaBot
9632,WHITE,D7,CastellaBot
9633,WHITE,D8,CastellaBot
9634,WHITE,E2,CastellaBot
9635,WHITE,F4,CastellaBot
9636,WHITE,F8,CastellaBot
9637,WHITE,G1,CastellaBot
9638,BLACK,F4,Human
9639,WHITE,C3,CastellaBot
9640,WHITE,C4,CastellaBot
9641,BLACK,F7,Human
9642,WHITE,C3,CastellaBot
9643,BLACK,G5,Human
9644,WHITE,C3,CastellaBot
9645,BLACK,G7,Human
9646,WHITE,C4,CastellaBot
9647,BLACK,H5,Human
9648,WHITE,C3,CastellaBot
9649,WHITE,B5,CastellaBot
9650,BLACK,B6,Human
9651,WHITE,B4,CastellaBot
9652,WHITE,B7,CastellaBot
9653,WHITE,C3,CastellaBot
9654,WHITE,C4,CastellaBot
9655,WHITE,E2,CastellaBot
9656,WHITE,G1,CastellaBot
9657,WHITE,H1,CastellaBot
9658,BLACK,C3,Human
9659,WHITE,B2,CastellaBot
9660,WHITE,C2,CastellaBot
9661,WHITE,C4,CastellaBot
9662,WHITE,D2,CastellaBot
9663,WHITE,E2,CastellaBot
9664,WHITE,G1,CastellaBot
9665,WHITE,H1,CastellaBot
9666,BLACK,C6,Human
9667,WHITE,B6,CastellaBot
9668,WHITE,C3,CastellaBot
9669,WHITE,C4,CastellaBot
9670,WHITE,C7,CastellaBot
9671,WHITE,D7,CastellaBot
9672,WHITE,E2,CastellaBot
9673,WHITE,G1,CastellaBot
9674,BLACK,D2,Human
9675,WHITE,C2,CastellaBot
9676,WHITE,C3,CastellaBot
9677,WHITE,C4,CastellaBot
9678,WHITE,D1,CastellaBot
9679,WHITE,E2,CastellaBot
9680,BLACK,D7,Human
9681,WHITE,C3,CastellaBot
9682,WHITE,C4,CastellaBot
9683,WHITE,C6,CastellaBot
9684,WHITE,C7,CastellaBot
9685,WHITE,D8,CastellaBot
9686,WHITE,E2,CastellaBot
9687,WHITE,E7,CastellaBot
9688,WHITE,F4,CastellaBot
9689,WHITE,G1,CastellaBot
9690,WHITE,G5,CastellaBot
9691,WHITE,G6,CastellaBot
9692,WHITE,H1,CastellaBot
9693,BLACK,E7,Human
9694,WHITE,C3,CastellaBot
9695,WHITE,D7,CastellaBot
9696,WHITE,D8,CastellaBot
9697,WHITE,E2,CastellaBot
9698,WHITE,F4,CastellaBot
9699,WHITE,F7,CastellaBot
9700,WHITE,F8,CastellaBot
9701,WHITE,G1,CastellaBot
9702,WHITE,H1,CastellaBot
9703,BLACK,F4,Human
9704,WHITE,C3,CastellaBot
9705,WHITE,C4,CastellaBot
9706,BLACK,G5,Human
9707,WHITE,C3,CastellaBot
9708,BLACK,G7,Human
9709,WHITE,C4,CastellaBot
9710,WHITE,E2,CastellaBot
9711,BLACK,H5,Human
9712,WHITE,C3,CastellaBot
9713,WHITE,C3,CastellaBot
9714,BLACK,B3,Human
9715,WHITE,B2,CastellaBot
9716,WHITE,B4,CastellaBot
9717,WHITE,B5,CastellaBot
9718,WHITE,B6,CastellaBot
9719,WHITE,C2,CastellaBot
9720,WHITE,C4,CastellaBot
9721,WHITE,C6,CastellaBot
9722,WHITE,D2,CastellaBot
9723,WHITE,E2,CastellaBot
9724,WHITE,G1,CastellaBot
9725,WHITE,H1,CastellaBot
9726,BLACK,D2,Human
9727,WHITE,B4,CastellaBot
9728,WHITE,B5,CastellaBot
9729,WHITE,C2,CastellaBot
9730,WHITE,C4,CastellaBot
9731,WHITE,C6,CastellaBot
9732,WHITE,D1,CastellaBot
9733,WHITE,E1,CastellaBot
9734,WHITE,E2,CastellaBot
9735,WHITE,G1,CastellaBot
9736,WHITE,H1,CastellaBot
9737,BLACK,D7,Human
9738,WHITE,B5,CastellaBot
9739,WHITE,B6,CastellaBot
9740,WHITE,C6,CastellaBot
9741,WHITE,C7,CastellaBot
9742,WHITE,D8,CastellaBot
9743,WHITE,E2,CastellaBot
9744,WHITE,E7,CastellaBot
9745,WHITE,F4,CastellaBot
9746,WHITE,G1,CastellaBot
9747,WHITE,G5,CastellaBot
9748,WHITE,G6,CastellaBot
9749,WHITE,H1,CastellaBot
9750,BLACK,E7,Human
9751,WHITE,B5,CastellaBot
9752,WHITE,B6,CastellaBot
9753,WHITE,C6,CastellaBot
9754,WHITE,D7,CastellaBot
9755,WHITE,D8,CastellaBot
9756,WHITE,E2,CastellaBot
9757,WHITE,F4,CastellaBot
9758,WHITE,G1,CastellaBot
9759,BLACK,F7,Human
9760,WHITE,B4,CastellaBot
9761,BLACK,G5,Human
9762,WHITE,B4,CastellaBot
9763,WHITE,B6,CastellaBot
9764,WHITE,C4,CastellaBot
9765,BLACK,H5,Human
9766,WHITE,B4,CastellaBot
9767,WHITE,C4,CastellaBot
9768,BLACK,C3,Human
9769,WHITE,B2,CastellaBot
9770,WHITE,B3,CastellaBot
9771,WHITE,B4,CastellaBot
9772,WHITE,B5,CastellaBot
9773,WHITE,B6,CastellaBot
9774,WHITE,C2,CastellaBot
9775,WHITE,D2,CastellaBot
9776,WHITE,E2,CastellaBot
9777,WHITE,G1,CastellaBot
9778,WHITE,H1,CastellaBot
9779,BLACK,C6,Human
9780,WHITE,B4,CastellaBot
9781,WHITE,B5,CastellaBot
9782,WHITE,B6,CastellaBot
9783,WHITE,C7,CastellaBot
9784,WHITE,E2,CastellaBot
9785,WHITE,F4,CastellaBot
9786,WHITE,G1,CastellaBot
9787,BLACK,D7,Human
9788,WHITE,B4,CastellaBot
9789,WHITE,B5,CastellaBot
9790,WHITE,B6,CastellaBot
9791,WHITE,C6,CastellaBot
9792,WHITE,D8,CastellaBot
9793,WHITE,E2,CastellaBot
9794,WHITE,E7,CastellaBot
9795,WHITE,F4,CastellaBot
9796,WHITE,F7,CastellaBot
9797,WHITE,G1,CastellaBot
9798,WHITE,G5,CastellaBot
9799,WHITE,G6,CastellaBot
9800,WHITE,H1,CastellaBot
9801,BLACK,E7,Human
9802,WHITE,B5,CastellaBot
9803,WHITE,B6,CastellaBot
9804,WHITE,C6,CastellaBot
9805,WHITE,D7,CastellaBot
9806,WHITE,D8,CastellaBot
9807,WHITE,E2,CastellaBot
9808,WHITE,F4,CastellaBot
9809,WHITE,F7,CastellaBot
9810,WHITE,G1,CastellaBot
9811,WHITE,H1,CastellaBot
9812,BLACK,G5,Human
9813,WHITE,B4,CastellaBot
9814,WHITE,B6,CastellaBot
9815,WHITE,C6,CastellaBot
9816,WHITE,E2,CastellaBot
9817,WHITE,F4,CastellaBot
9818,WHITE,G1,CastellaBot
9819,WHITE,G6,CastellaBot
9820,WHITE,H1,CastellaBot
9821,WHITE,H4,CastellaBot
9822,BLACK,H5,Human
9823,WHITE,B4,CastellaBot
9824,WHITE,B5,CastellaBot
9825,WHITE,B6,CastellaBot
9826,WHITE,C6,CastellaBot
9827,WHITE,E2,CastellaBot
9828,WHITE,G1,CastellaBot
9829,WHITE,H1,CastellaBot
9830,WHITE,C6,CastellaBot
9831,BLACK,B7,Human
9832,WHITE,B4,CastellaBot
9833,WHITE,B5,CastellaBot
9834,WHITE,B6,CastellaBot
9835,WHITE,C3,CastellaBot
9836,WHITE,C4,CastellaBot
9837,WHITE,E2,CastellaBot
9838,WHITE,G1,CastellaBot
9839,BLACK,C3,Human
9840,WHITE,B2,CastellaBot
9841,WHITE,B4,CastellaBot
9842,WHITE,B5,CastellaBot
9843,WHITE,C2,CastellaBot
9844,WHITE,C4,CastellaBot
9845,WHITE,D2,CastellaBot
9846,WHITE,E2,CastellaBot
9847,WHITE,G1,CastellaBot
9848,WHITE,H1,CastellaBot
9849,BLACK,C7,Human
9850,WHITE,B4,CastellaBot
9851,WHITE,B5,CastellaBot
9852,WHITE,B6,CastellaBot
9853,WHITE,B7,CastellaBot
9854,WHITE,B8,CastellaBot
9855,WHITE,C3,CastellaBot
9856,WHITE,C4,CastellaBot
9857,WHITE,E2,CastellaBot
9858,WHITE,G1,CastellaBot
9859,WHITE,H1,CastellaBot
9860,BLACK,D2,Human
9861,WHITE,B4,CastellaBot
9862,WHITE,B5,CastellaBot
9863,WHITE,C2,CastellaBot
9864,WHITE,C3,CastellaBot
9865,WHITE,C4,CastellaBot
9866,WHITE,D1,CastellaBot
9867,WHITE,E2,CastellaBot
9868,BLACK,D7,Human
9869,WHITE,B5,CastellaBot
9870,WHITE,C3,CastellaBot
9871,WHITE,C4,CastellaBot
9872,WHITE,C7,CastellaBot
9873,WHITE,D8,CastellaBot
9874,WHITE,E2,CastellaBot
9875,WHITE,E7,CastellaBot
9876,WHITE,E8,CastellaBot
9877,WHITE,F4,CastellaBot
9878,WHITE,G5,CastellaBot
9879,WHITE,G6,CastellaBot
9880,WHITE,H1,CastellaBot
9881,BLACK,E7,Human
9882,WHITE,B5,CastellaBot
9883,WHITE,C3,CastellaBot
9884,WHITE,C4,CastellaBot
9885,WHITE,D7,CastellaBot
9886,WHITE,D8,CastellaBot
9887,WHITE,E2,CastellaBot
9888,WHITE,F7,CastellaBot
9889,WHITE,G1,CastellaBot
9890,WHITE,H1,CastellaBot
9891,BLACK,F4,Human
9892,WHITE,B4,CastellaBot
9893,WHITE,B5,CastellaBot
9894,WHITE,C3,CastellaBot
9895,BLACK,G5,Human
9896,WHITE,B4,CastellaBot
9897,WHITE,C3,CastellaBot
9898,BLACK,G7,Human
9899,WHITE,B4,CastellaBot
9900,WHITE,B5,CastellaBot
9901,WHITE,C4,CastellaBot
9902,BLACK,H5,Human
9903,WHITE,B4,CastellaBot
9904,WHITE,B5,CastellaBot
9905,WHITE,C3,CastellaBot
9906,WHITE,E2,CastellaBot
9907,BLACK,C3,Human
9908,WHITE,B2,CastellaBot
9909,WHITE,B4,CastellaBot
9910,WHITE,B5,CastellaBot
9911,WHITE,C2,CastellaBot
9912,WHITE,C4,CastellaBot
9913,WHITE,C6,CastellaBot
9914,WHITE,D2,CastellaBot
9915,WHITE,G1,CastellaBot
9916,WHITE,H1,CastellaBot
9917,WHITE,H2,CastellaBot
9918,BLACK,D2,Human
9919,WHITE,B4,CastellaBot
9920,BLACK,D7,Human
9921,WHITE,B5,CastellaBot
9922,WHITE,B6,CastellaBot
9923,WHITE,C3,CastellaBot
9924,BLACK,E7,Human
9925,WHITE,B5,CastellaBot
9926,BLACK,F4,Human
9927,WHITE,B4,CastellaBot
9928,WHITE,B5,CastellaBot
9929,WHITE,B6,CastellaBot
9930,WHITE,C3,CastellaBot
9931,WHITE,C4,CastellaBot
9932,BLACK,F7,Human
9933,WHITE,B4,CastellaBot
9934,BLACK,G5,Human
9935,WHITE,B4,CastellaBot
9936,WHITE,B6,CastellaBot
9937,WHITE,C3,CastellaBot
9938,BLACK,G7,Human
9939,WHITE,B4,CastellaBot
9940,WHITE,B5,CastellaBot
9941,WHITE,G1,CastellaBot
9942,BLACK,C3,Human
9943,WHITE,B2,CastellaBot
9944,WHITE,B3,CastellaBot
9945,WHITE,B4,CastellaBot
9946,WHITE,B5,CastellaBot
9947,WHITE,B6,CastellaBot
9948,WHITE,C2,CastellaBot
9949,WHITE,C4,CastellaBot
9950,WHITE,C6,CastellaBot
9951,WHITE,D2,CastellaBot
9952,WHITE,E1,CastellaBot
9953,WHITE,E2,CastellaBot
9954,BLACK,D2,Human
9955,WHITE,B4,CastellaBot
9956,WHITE,B5,CastellaBot
9957,WHITE,B6,CastellaBot
9958,WHITE,C2,CastellaBot
9959,WHITE,C3,CastellaBot
9960,BLACK,D7,Human
9961,WHITE,B5,CastellaBot
9962,WHITE,B6,CastellaBot
9963,WHITE,C3,CastellaBot
9964,WHITE,C4,CastellaBot
9965,WHITE,C6,CastellaBot
9966,WHITE,C7,CastellaBot
9967,WHITE,D8,CastellaBot
9968,WHITE,E1,CastellaBot
9969,WHITE,E2,CastellaBot
9970,WHITE,E7,CastellaBot
9971,WHITE,F4,CastellaBot
9972,WHITE,G5,CastellaBot
9973,WHITE,G6,CastellaBot
9974,BLACK,E7,Human
9975,WHITE,B5,CastellaBot
9976,WHITE,B6,CastellaBot
9977,WHITE,C3,CastellaBot
9978,WHITE,C6,CastellaBot
9979,BLACK,F1,Human
9980,WHITE,B4,CastellaBot
9981,BLACK,F4,Human
9982,WHITE,B4,CastellaBot
9983,WHITE,B5,CastellaBot
9984,WHITE,B6,CastellaBot
9985,WHITE,C3,CastellaBot
9986,WHITE,C4,CastellaBot
9987,BLACK,F7,Human
9988,WHITE,B4,CastellaBot
9989,WHITE,B5,CastellaBot
9990,WHITE,B6,CastellaBot
9991,BLACK,G5,Human
9992,WHITE,B4,CastellaBot
9993,WHITE,B6,CastellaBot
9994,BLACK,G7,Human
9995,WHITE,B4,CastellaBot
9996,WHITE,B5,CastellaBot
9997,BLACK,H1,Human
9998,WHITE,B4,CastellaBot
9999,WHITE,B5,CastellaBot
10000,WHITE,B6,CastellaBot
10001,WHITE,C3,CastellaBot
10002,WHITE,C4,CastellaBot
10003,WHITE,C6,CastellaBot
10004,WHITE,E1,CastellaBot
10005,WHITE,E2,CastellaBot
10006,BLACK,H2,Human
10007,WHITE,B4,CastellaBot
10008,BLACK,H4,Human
10009,WHITE,B4,CastellaBot
10010,WHITE,B5,CastellaBot
10011,WHITE,B6,CastellaBot
10012,BLACK,H5,Human
10013,WHITE,B4,CastellaBot
10014,WHITE,B5,CastellaBot
10015,WHITE,B6,CastellaBot
10016,WHITE,H1,CastellaBot
10017,BLACK,C3,Human
10018,WHITE,B2,CastellaBot
10019,WHITE,B3,CastellaBot
10020,WHITE,B4,CastellaBot
10021,WHITE,B5,CastellaBot
10022,WHITE,C2,CastellaBot
10023,WHITE,C4,CastellaBot
10024,WHITE,C6,CastellaBot
10025,WHITE,D2,CastellaBot
10026,WHITE,E2,CastellaBot
10027,WHITE,F1,CastellaBot
10028,BLACK,D2,Human
10029,WHITE,B4,CastellaBot
10030,WHITE,B5,CastellaBot
10031,WHITE,C2,CastellaBot
10032,WHITE,C3,CastellaBot
10033,BLACK,D7,Human
10034,WHITE,B5,CastellaBot
10035,WHITE,C3,CastellaBot
10036,WHITE,C4,CastellaBot
10037,WHITE,C6,CastellaBot
10038,WHITE,C7,CastellaBot
10039,WHITE,D8,CastellaBot
10040,WHITE,E2,CastellaBot
10041,WHITE,E7,CastellaBot
10042,WHITE,F1,CastellaBot
10043,WHITE,F4,CastellaBot
10044,WHITE,G5,CastellaBot
10045,WHITE,G6,CastellaBot
10046,WHITE,H5,CastellaBot
10047,BLACK,E7,Human
10048,WHITE,B5,CastellaBot
10049,WHITE,C3,CastellaBot
10050,WHITE,C6,CastellaBot
10051,BLACK,F1,Human
10052,WHITE,B4,CastellaBot
10053,BLACK,F4,Human
10054,WHITE,B4,CastellaBot
10055,WHITE,B5,CastellaBot
10056,WHITE,C3,CastellaBot
10057,WHITE,C4,CastellaBot
10058,BLACK,F7,Human
10059,WHITE,B4,CastellaBot
10060,WHITE,B5,CastellaBot
10061,WHITE,C3,CastellaBot
10062,BLACK,G1,Human
10063,WHITE,B4,CastellaBot
10064,BLACK,G5,Human
10065,WHITE,B4,CastellaBot
10066,WHITE,C3,CastellaBot
10067,BLACK,G7,Human
10068,WHITE,B4,CastellaBot
10069,WHITE,B5,CastellaBot
10070,BLACK,H2,Human
10071,WHITE,B4,CastellaBot
10072,WHITE,H1,CastellaBot
10073,BLACK,H2,Human
10074,WHITE,B4,CastellaBot
10075,BLACK,B5,Human
10076,WHITE,A5,CastellaBot
10077,WHITE,B6,CastellaBot
10078,WHITE,C3,CastellaBot
10079,WHITE,C4,CastellaBot
10080,WHITE,C6,CastellaBot
10081,WHITE,E2,CastellaBot
10082,WHITE,F1,CastellaBot
10083,WHITE,G1,CastellaBot
10084,WHITE,H4,CastellaBot
10085,BLACK,B6,Human
10086,WHITE,B5,CastellaBot
10087,WHITE,C3,CastellaBot
10088,WHITE,C4,CastellaBot
10089,WHITE,C6,CastellaBot
10090,WHITE,E2,CastellaBot
10091,WHITE,F1,CastellaBot
10092,WHITE,G1,CastellaBot
10093,WHITE,H4,CastellaBot
10094,BLACK,C3,Human
10095,WHITE,B2,CastellaBot
10096,WHITE,B3,CastellaBot
10097,BLACK,D2,Human
10098,WHITE,C2,CastellaBot
10099,WHITE,C3,CastellaBot
10100,BLACK,D7,Human
10101,WHITE,C3,CastellaBot
10102,WHITE,C4,CastellaBot
10103,WHITE,C6,CastellaBot
10104,WHITE,C7,CastellaBot
10105,WHITE,D8,CastellaBot
10106,WHITE,E2,CastellaBot
10107,WHITE,E7,CastellaBot
10108,WHITE,F1,CastellaBot
10109,WHITE,F4,CastellaBot
10110,WHITE,G1,CastellaBot
10111,WHITE,G5,CastellaBot
10112,WHITE,G6,CastellaBot
10113,WHITE,H4,CastellaBot
10114,WHITE,H5,CastellaBot
10115,BLACK,E7,Human
10116,WHITE,C3,CastellaBot
10117,WHITE,C6,CastellaBot
10118,WHITE,D7,CastellaBot
10119,WHITE,D8,CastellaBot
10120,WHITE,F1,CastellaBot
10121,WHITE,F4,CastellaBot
10122,WHITE,F8,CastellaBot
10123,WHITE,G1,CastellaBot
10124,WHITE,H4,CastellaBot
10125,BLACK,F4,Human
10126,WHITE,C3,CastellaBot
10127,WHITE,C4,CastellaBot
10128,BLACK,F7,Human
10129,WHITE,C3,CastellaBot
10130,BLACK,G5,Human
10131,WHITE,C3,CastellaBot
10132,BLACK,G7,Human
10133,WHITE,C4,CastellaBot
10134,WHITE,B5,CastellaBot
10135,BLACK,B6,Human
10136,WHITE,B4,CastellaBot
10137,WHITE,B7,CastellaBot
10138,WHITE,C3,CastellaBot
10139,WHITE,C4,CastellaBot
10140,WHITE,E2,CastellaBot
10141,WHITE,F1,CastellaBot
10142,WHITE,G1,CastellaBot
10143,WHITE,H4,CastellaBot
10144,BLACK,C3,Human
10145,WHITE,B2,CastellaBot
10146,WHITE,B3,CastellaBot
10147,BLACK,C6,Human
10148,WHITE,B6,CastellaBot
10149,WHITE,B7,CastellaBot
10150,WHITE,C3,CastellaBot
10151,WHITE,C4,CastellaBot
10152,WHITE,C7,CastellaBot
10153,WHITE,D7,CastellaBot
10154,WHITE,E2,CastellaBot
10155,WHITE,G1,CastellaBot
10156,WHITE,H4,CastellaBot
10157,BLACK,D2,Human
10158,WHITE,C2,CastellaBot
10159,BLACK,D7,Human
10160,WHITE,C3,CastellaBot
10161,WHITE,C4,CastellaBot
10162,WHITE,C6,CastellaBot
10163,BLACK,E7,Human
10164,WHITE,C3,CastellaBot
10165,BLACK,F4,Human
10166,WHITE,C3,CastellaBot
10167,WHITE,C4,CastellaBot
10168,BLACK,G5,Human
10169,WHITE,C3,CastellaBot
10170,BLACK,G7,Human
10171,WHITE,C4,CastellaBot
10172,WHITE,C3,CastellaBot
10173,BLACK,B3,Human
10174,WHITE,A3,CastellaBot
10175,WHITE,B2,CastellaBot
10176,WHITE,B4,CastellaBot
10177,WHITE,B5,CastellaBot
10178,WHITE,B6,CastellaBot
10179,WHITE,C2,CastellaBot
10180,WHITE,C4,CastellaBot
10181,WHITE,C6,CastellaBot
10182,WHITE,D2,CastellaBot
10183,WHITE,E2,CastellaBot
10184,WHITE,F1,CastellaBot
10185,WHITE,G1,CastellaBot
10186,WHITE,H4,CastellaBot
10187,BLACK,D2,Human
10188,WHITE,B4,CastellaBot
10189,WHITE,B5,CastellaBot
10190,WHITE,C2,CastellaBot
10191,WHITE,C4,CastellaBot
10192,WHITE,C6,CastellaBot
10193,WHITE,D1,CastellaBot
10194,WHITE,E1,CastellaBot
10195,WHITE,E2,CastellaBot
10196,WHITE,F1,CastellaBot
10197,WHITE,G1,CastellaBot
10198,WHITE,H4,CastellaBot
10199,BLACK,D7,Human
10200,WHITE,B5,CastellaBot
10201,WHITE,B6,CastellaBot
10202,WHITE,C6,CastellaBot
10203,WHITE,C7,CastellaBot
10204,WHITE,D8,CastellaBot
10205,WHITE,E2,CastellaBot
10206,WHITE,E7,CastellaBot
10207,WHITE,F1,CastellaBot
10208,WHITE,F4,CastellaBot
10209,WHITE,G1,CastellaBot
10210,WHITE,G5,CastellaBot
10211,WHITE,G6,CastellaBot
10212,WHITE,H4,CastellaBot
10213,WHITE,H5,CastellaBot
10214,BLACK,E7,Human
10215,WHITE,B5,CastellaBot
10216,WHITE,B6,CastellaBot
10217,WHITE,C6,CastellaBot
10218,BLACK,F4,Human
10219,WHITE,B4,CastellaBot
10220,WHITE,B5,CastellaBot
10221,WHITE,B6,CastellaBot
10222,WHITE,C4,CastellaBot
10223,WHITE,C6,CastellaBot
10224,WHITE,E2,CastellaBot
10225,WHITE,F1,CastellaBot
10226,BLACK,F7,Human
10227,WHITE,B4,CastellaBot
10228,WHITE,B5,CastellaBot
10229,WHITE,B6,CastellaBot
10230,WHITE,C6,CastellaBot
10231,BLACK,G5,Human
10232,WHITE,B4,CastellaBot
10233,WHITE,B6,CastellaBot
10234,WHITE,C4,CastellaBot
10235,WHITE,C6,CastellaBot
10236,WHITE,E2,CastellaBot
10237,WHITE,F1,CastellaBot
10238,WHITE,F4,CastellaBot
10239,WHITE,G1,CastellaBot
10240,WHITE,G6,CastellaBot
10241,WHITE,H4,CastellaBot
10242,WHITE,H5,CastellaBot
10243,WHITE,C4,CastellaBot
10244,BLACK,C3,Human
10245,WHITE,B2,CastellaBot
10246,WHITE,B3,CastellaBot
10247,WHITE,B4,CastellaBot
10248,WHITE,B5,CastellaBot
10249,WHITE,B6,CastellaBot
10250,WHITE,C2,CastellaBot
10251,WHITE,D2,CastellaBot
10252,WHITE,E2,CastellaBot
10253,WHITE,F1,CastellaBot
10254,WHITE,G1,CastellaBot
10255,WHITE,H4,CastellaBot
10256,BLACK,C6,Human
10257,WHITE,B4,CastellaBot
10258,WHITE,B5,CastellaBot
10259,WHITE,B6,CastellaBot
10260,WHITE,B7,CastellaBot
10261,WHITE,C7,CastellaBot
10262,WHITE,E2,CastellaBot
10263,WHITE,F4,CastellaBot
10264,WHITE,G1,CastellaBot
10265,WHITE,H4,CastellaBot
10266,BLACK,D7,Human
10267,WHITE,B4,CastellaBot
10268,WHITE,B5,CastellaBot
10269,WHITE,B6,CastellaBot
10270,WHITE,C6,CastellaBot
10271,BLACK,E7,Human
10272,WHITE,B5,CastellaBot
10273,WHITE,B6,CastellaBot
10274,WHITE,C6,CastellaBot
10275,BLACK,F4,Human
10276,WHITE,B4,CastellaBot
10277,WHITE,B5,CastellaBot
10278,WHITE,B6,CastellaBot
10279,WHITE,C6,CastellaBot
10280,WHITE,E2,CastellaBot
10281,BLACK,G5,Human
10282,WHITE,B4,CastellaBot
10283,WHITE,B6,CastellaBot
10284,WHITE,C6,CastellaBot
10285,WHITE,E2,CastellaBot
10286,WHITE,F1,CastellaBot
10287,WHITE,F4,CastellaBot
10288,WHITE,C6,CastellaBot
10289,BLACK,B7,Human
10290,WHITE,A8,CastellaBot
10291,WHITE,B4,CastellaBot
10292,WHITE,B5,CastellaBot
10293,WHITE,B6,CastellaBot
10294,WHITE,C3,CastellaBot
10295,WHITE,C4,CastellaBot
10296,WHITE,E2,CastellaBot
10297,WHITE,G1,CastellaBot
10298,WHITE,H4,CastellaBot
10299,BLACK,C3,Human
10300,WHITE,B2,CastellaBot
10301,WHITE,B3,CastellaBot
10302,BLACK,C7,Human
10303,WHITE,B4,CastellaBot
10304,WHITE,B5,CastellaBot
10305,WHITE,B6,CastellaBot
10306,WHITE,B7,CastellaBot
10307,WHITE,B8,CastellaBot
10308,WHITE,C3,CastellaBot
10309,WHITE,C4,CastellaBot
10310,WHITE,E2,CastellaBot
10311,WHITE,F1,CastellaBot
10312,WHITE,G1,CastellaBot
10313,WHITE,H4,CastellaBot
10314,BLACK,D2,Human
10315,WHITE,B4,CastellaBot
10316,WHITE,B5,CastellaBot
10317,WHITE,C2,CastellaBot
10318,WHITE,C3,CastellaBot
10319,BLACK,D7,Human
10320,WHITE,B5,CastellaBot
10321,WHITE,C3,CastellaBot
10322,WHITE,C4,CastellaBot
10323,WHITE,C7,CastellaBot
10324,WHITE,D8,CastellaBot
10325,WHITE,E2,CastellaBot
10326,WHITE,E7,CastellaBot
10327,WHITE,E8,CastellaBot
10328,WHITE,F1,CastellaBot
10329,WHITE,F4,CastellaBot
10330,WHITE,G5,CastellaBot
10331,WHITE,G6,CastellaBot
10332,WHITE,H4,CastellaBot
10333,WHITE,H5,CastellaBot
10334,BLACK,E7,Human
10335,WHITE,B5,CastellaBot
10336,WHITE,C3,CastellaBot
10337,WHITE,C4,CastellaBot
10338,WHITE,D7,CastellaBot
10339,WHITE,D8,CastellaBot
10340,WHITE,F1,CastellaBot
10341,WHITE,F7,CastellaBot
10342,WHITE,G1,CastellaBot
10343,WHITE,H4,CastellaBot
10344,BLACK,F4,Human
10345,WHITE,B4,CastellaBot
10346,WHITE,B5,CastellaBot
10347,WHITE,C3,CastellaBot
10348,WHITE,C4,CastellaBot
10349,BLACK,G5,Human
10350,WHITE,B4,CastellaBot
10351,WHITE,C3,CastellaBot
10352,BLACK,G7,Human
10353,WHITE,B4,CastellaBot
10354,WHITE,B5,CastellaBot
10355,WHITE,C4,CastellaBot
10356,WHITE,E2,CastellaBot
10357,BLACK,C3,Human
10358,WHITE,B2,CastellaBot
10359,WHITE,B4,CastellaBot
10360,WHITE,B5,CastellaBot
10361,WHITE,C2,CastellaBot
10362,WHITE,C4,CastellaBot
10363,WHITE,C6,CastellaBot
10364,WHITE,D2,CastellaBot
10365,WHITE,G1,CastellaBot
10366,WHITE,H4,CastellaBot
10367,BLACK,D2,Human
10368,WHITE,B4,CastellaBot
10369,BLACK,D7,Human
10370,WHITE,B5,CastellaBot
10371,BLACK,E7,Human
10372,WHITE,B5,CastellaBot
10373,BLACK,F4,Human
10374,WHITE,B4,CastellaBot
10375,WHITE,B5,CastellaBot
10376,WHITE,B6,CastellaBot
10377,WHITE,C3,CastellaBot
10378,WHITE,C4,CastellaBot
10379,BLACK,F7,Human
10380,WHITE,B4,CastellaBot
10381,BLACK,G5,Human
10382,WHITE,B4,CastellaBot
10383,WHITE,B6,CastellaBot
10384,BLACK,G7,Human
10385,WHITE,B4,CastellaBot
10386,WHITE,F1,CastellaBot
10387,BLACK,C3,Human
10388,WHITE,B2,CastellaBot
10389,WHITE,B3,CastellaBot
10390,WHITE,B4,CastellaBot
10391,WHITE,B5,CastellaBot
10392,WHITE,B6,CastellaBot
10393,WHITE,C2,CastellaBot
10394,WHITE,C4,CastellaBot
10395,WHITE,C6,CastellaBot
10396,WHITE,D2,CastellaBot
10397,WHITE,E2,CastellaBot
10398,WHITE,G1,CastellaBot
10399,WHITE,H4,CastellaBot
10400,BLACK,D2,Human
10401,WHITE,B4,CastellaBot
10402,WHITE,B5,CastellaBot
10403,WHITE,B6,CastellaBot
10404,BLACK,D7,Human
10405,WHITE,B5,CastellaBot
10406,WHITE,B6,CastellaBot
10407,WHITE,C3,CastellaBot
10408,WHITE,C4,CastellaBot
10409,WHITE,C6,CastellaBot
10410,WHITE,C7,CastellaBot
10411,WHITE,D8,CastellaBot
10412,WHITE,E2,CastellaBot
10413,WHITE,E7,CastellaBot
10414,WHITE,F4,CastellaBot
10415,WHITE,G5,CastellaBot
10416,WHITE,G6,CastellaBot
10417,WHITE,H4,CastellaBot
10418,WHITE,H5,CastellaBot
10419,BLACK,E1,Human
10420,WHITE,B4,CastellaBot
10421,WHITE,B5,CastellaBot
10422,WHITE,C3,CastellaBot
10423,BLACK,E2,Human
10424,WHITE,B4,CastellaBot
10425,WHITE,B5,CastellaBot
10426,BLACK,E7,Human
10427,WHITE,B5,CastellaBot
10428,WHITE,B6,CastellaBot
10429,WHITE,C3,CastellaBot
10430,WHITE,C6,CastellaBot
10431,BLACK,F4,Human
10432,WHITE,B4,CastellaBot
10433,WHITE,B5,CastellaBot
10434,WHITE,B6,CastellaBot
10435,WHITE,C3,CastellaBot
10436,WHITE,C4,CastellaBot
10437,BLACK,F7,Human
10438,WHITE,B4,CastellaBot
10439,WHITE,B5,CastellaBot
10440,WHITE,B6,CastellaBot
10441,BLACK,G1,Human
10442,WHITE,B4,CastellaBot
10443,WHITE,B5,CastellaBot
10444,BLACK,G5,Human
10445,WHITE,B4,CastellaBot
10446,WHITE,B6,CastellaBot
10447,WHITE,C3,CastellaBot
10448,BLACK,G7,Human
10449,WHITE,B4,CastellaBot
10450,WHITE,B5,CastellaBot
10451,WHITE,G1,CastellaBot
10452,BLACK,C3,Human
10453,WHITE,B2,CastellaBot
10454,WHITE,B3,CastellaBot
10455,WHITE,B4,CastellaBot
10456,WHITE,B5,CastellaBot
10457,WHITE,B6,CastellaBot
10458,WHITE,C2,CastellaBot
10459,WHITE,C4,CastellaBot
10460,WHITE,C6,CastellaBot
10461,WHITE,D2,CastellaBot
10462,WHITE,E1,CastellaBot
10463,WHITE,E2,CastellaBot
10464,WHITE,F1,CastellaBot
10465,WHITE,H4,CastellaBot
10466,BLACK,D2,Human
10467,WHITE,B4,CastellaBot
10468,WHITE,B5,CastellaBot
10469,WHITE,B6,CastellaBot
10470,BLACK,D7,Human
10471,WHITE,B5,CastellaBot
10472,WHITE,B6,CastellaBot
10473,WHITE,C3,CastellaBot
10474,WHITE,C4,CastellaBot
10475,WHITE,C6,CastellaBot
10476,WHITE,C7,CastellaBot
10477,WHITE,D8,CastellaBot
10478,WHITE,E1,CastellaBot
10479,WHITE,E2,CastellaBot
10480,WHITE,E7,CastellaBot
10481,WHITE,F1,CastellaBot
10482,WHITE,F4,CastellaBot
10483,WHITE,G5,CastellaBot
10484,WHITE,G6,CastellaBot
10485,WHITE,H4,CastellaBot
10486,WHITE,H5,CastellaBot
10487,BLACK,E7,Human
10488,WHITE,B5,CastellaBot
10489,WHITE,B6,CastellaBot
10490,WHITE,C3,CastellaBot
10491,WHITE,C6,CastellaBot
10492,BLACK,F1,Human
10493,WHITE,B4,CastellaBot
10494,BLACK,F4,Human
10495,WHITE,B4,CastellaBot
10496,WHITE,B5,CastellaBot
10497,WHITE,B6,CastellaBot
10498,WHITE,C3,CastellaBot
10499,WHITE,C4,CastellaBot
10500,WHITE,C6,CastellaBot
10501,WHITE,E2,CastellaBot
10502,WHITE,F1,CastellaBot
10503,WHITE,H4,CastellaBot
10504,BLACK,F7,Human
10505,WHITE,B4,CastellaBot
10506,WHITE,B5,CastellaBot
10507,BLACK,G5,Human
10508,WHITE,B4,CastellaBot
10509,WHITE,B6,CastellaBot
10510,WHITE,C3,CastellaBot
10511,BLACK,G7,Human
10512,WHITE,B4,CastellaBot
10513,WHITE,B5,CastellaBot
10514,BLACK,H4,Human
10515,WHITE,B4,CastellaBot
10516,WHITE,B5,CastellaBot
10517,WHITE,B6,CastellaBot
10518,WHITE,H4,CastellaBot
10519,BLACK,C3,Human
10520,WHITE,B2,CastellaBot
10521,WHITE,B3,CastellaBot
10522,WHITE,B4,CastellaBot
10523,WHITE,B5,CastellaBot
10524,WHITE,C2,CastellaBot
10525,WHITE,C4,CastellaBot
10526,WHITE,C6,CastellaBot
10527,WHITE,D2,CastellaBot
10528,WHITE,E1,CastellaBot
10529,WHITE,E2,CastellaBot
10530,WHITE,F1,CastellaBot
10531,WHITE,F4,CastellaBot
10532,WHITE,G1,CastellaBot
10533,BLACK,D2,Human
10534,WHITE,B4,CastellaBot
10535,WHITE,B5,CastellaBot
10536,WHITE,C2,CastellaBot
10537,WHITE,C3,CastellaBot
10538,BLACK,D7,Human
10539,WHITE,B5,CastellaBot
10540,WHITE,C3,CastellaBot
10541,WHITE,C4,CastellaBot
10542,WHITE,C6,CastellaBot
10543,WHITE,C7,CastellaBot
10544,WHITE,C8,CastellaBot
10545,WHITE,D8,CastellaBot
10546,BLACK,E7,Human
10547,WHITE,B5,CastellaBot
10548,WHITE,C3,CastellaBot
10549,WHITE,C6,CastellaBot
10550,WHITE,D7,CastellaBot
10551,WHITE,D8,CastellaBot
10552,WHITE,E1,CastellaBot
10553,WHITE,E2,CastellaBot
10554,WHITE,F1,CastellaBot
10555,WHITE,F4,CastellaBot
10556,WHITE,G1,CastellaBot
10557,BLACK,F4,Human
10558,WHITE,B4,CastellaBot
10559,WHITE,B5,CastellaBot
10560,WHITE,C3,CastellaBot
10561,WHITE,C4,CastellaBot
10562,WHITE,C6,CastellaBot
10563,WHITE,E1,CastellaBot
10564,WHITE,E2,CastellaBot
10565,WHITE,F1,CastellaBot
10566,WHITE,G1,CastellaBot
10567,BLACK,F7,Human
10568,WHITE,B4,CastellaBot
10569,WHITE,B5,CastellaBot
10570,WHITE,C3,CastellaBot
10571,BLACK,G5,Human
10572,WHITE,B4,CastellaBot
10573,WHITE,C3,CastellaBot
10574,WHITE,C4,CastellaBot
10575,WHITE,C6,CastellaBot
10576,WHITE,E1,CastellaBot
10577,WHITE,E2,CastellaBot
10578,WHITE,F1,CastellaBot
10579,WHITE,F4,CastellaBot
10580,BLACK,G7,Human
10581,WHITE,B4,CastellaBot
10582,WHITE,B5,CastellaBot
10583,WHITE,H4,CastellaBot
10584,BLACK,F4,Human
10585,WHITE,B4,CastellaBot
10586,BLACK,B5,Human
10587,WHITE,A5,CastellaBot
10588,WHITE,B6,CastellaBot
10589,WHITE,C3,CastellaBot
10590,WHITE,C4,CastellaBot
10591,WHITE,C6,CastellaBot
10592,WHITE,E1,CastellaBot
10593,WHITE,E2,CastellaBot
10594,WHITE,F1,CastellaBot
10595,WHITE,G1,CastellaBot
10596,BLACK,B6,Human
10597,WHITE,B5,CastellaBot
10598,WHITE,C3,CastellaBot
10599,WHITE,C4,CastellaBot
10600,BLACK,C2,Human
10601,WHITE,B1,CastellaBot
10602,WHITE,C3,CastellaBot
10603,BLACK,C3,Human
10604,WHITE,B2,CastellaBot
10605,WHITE,B3,CastellaBot
10606,BLACK,C7,Human
10607,WHITE,B8,CastellaBot
10608,WHITE,C3,CastellaBot
10609,WHITE,C4,CastellaBot
10610,WHITE,C6,CastellaBot
10611,WHITE,D7,CastellaBot
10612,WHITE,E1,CastellaBot
10613,WHITE,E2,CastellaBot
10614,WHITE,E7,CastellaBot
10615,WHITE,F1,CastellaBot
10616,WHITE,G1,CastellaBot
10617,BLACK,D2,Human
10618,WHITE,C2,CastellaBot
10619,WHITE,C3,CastellaBot
10620,BLACK,D7,Human
10621,WHITE,C3,CastellaBot
10622,WHITE,C4,CastellaBot
10623,BLACK,E7,Human
10624,WHITE,C3,CastellaBot
10625,WHITE,C4,CastellaBot
10626,WHITE,C6,CastellaBot
10627,WHITE,D7,CastellaBot
10628,WHITE,D8,CastellaBot
10629,WHITE,E1,CastellaBot
10630,WHITE,E2,CastellaBot
10631,WHITE,F1,CastellaBot
10632,WHITE,F8,CastellaBot
10633,WHITE,G1,CastellaBot
10634,BLACK,F7,Human
10635,WHITE,C3,CastellaBot
10636,WHITE,C4,CastellaBot
10637,WHITE,C6,CastellaBot
10638,WHITE,D7,CastellaBot
10639,WHITE,E1,CastellaBot
10640,WHITE,E2,CastellaBot
10641,WHITE,E7,CastellaBot
10642,WHITE,F1,CastellaBot
10643,WHITE,G1,CastellaBot
10644,WHITE,G5,CastellaBot
10645,WHITE,G6,CastellaBot
10646,BLACK,G5,Human
10647,WHITE,C3,CastellaBot
10648,WHITE,C4,CastellaBot
10649,BLACK,G6,Human
10650,WHITE,C3,CastellaBot
10651,WHITE,C4,CastellaBot
10652,BLACK,G7,Human
10653,WHITE,C4,CastellaBot
10654,BLACK,H5,Human
10655,WHITE,C3,CastellaBot
10656,WHITE,C4,CastellaBot
10657,WHITE,B5,CastellaBot
10658,BLACK,B6,Human
10659,WHITE,B4,CastellaBot
10660,WHITE,B7,CastellaBot
10661,WHITE,C3,CastellaBot
10662,WHITE,C4,CastellaBot
10663,WHITE,E1,CastellaBot
10664,WHITE,E2,CastellaBot
10665,WHITE,F1,CastellaBot
10666,WHITE,G1,CastellaBot
10667,BLACK,C2,Human
10668,WHITE,B1,CastellaBot
10669,WHITE,C3,CastellaBot
10670,BLACK,C3,Human
10671,WHITE,B2,CastellaBot
10672,WHITE,B3,CastellaBot
10673,BLACK,C6,Human
10674,WHITE,B6,CastellaBot
10675,WHITE,B7,CastellaBot
10676,WHITE,C3,CastellaBot
10677,WHITE,C4,CastellaBot
10678,BLACK,C7,Human
10679,WHITE,B8,CastellaBot
10680,WHITE,C3,CastellaBot
10681,WHITE,C4,CastellaBot
10682,WHITE,C6,CastellaBot
10683,WHITE,D7,CastellaBot
10684,WHITE,E1,CastellaBot
10685,WHITE,E2,CastellaBot
10686,WHITE,E7,CastellaBot
10687,WHITE,F1,CastellaBot
10688,WHITE,G1,CastellaBot
10689,BLACK,D2,Human
10690,WHITE,C2,CastellaBot
10691,WHITE,C3,CastellaBot
10692,BLACK,D7,Human
10693,WHITE,C3,CastellaBot
10694,WHITE,C4,CastellaBot
10695,BLACK,E7,Human
10696,WHITE,C3,CastellaBot
10697,WHITE,C4,CastellaBot
10698,BLACK,F7,Human
10699,WHITE,C3,CastellaBot
10700,WHITE,C4,CastellaBot
10701,WHITE,E1,CastellaBot
10702,WHITE,E2,CastellaBot
10703,WHITE,F1,CastellaBot
10704,WHITE,G1,CastellaBot
10705,WHITE,G5,CastellaBot
10706,WHITE,G6,CastellaBot
10707,WHITE,G7,CastellaBot
10708,WHITE,G8,CastellaBot
10709,BLACK,G5,Human
10710,WHITE,C3,CastellaBot
10711,WHITE,C4,CastellaBot
10712,BLACK,G6,Human
10713,WHITE,C3,CastellaBot
10714,WHITE,C4,CastellaBot
10715,BLACK,G7,Human
10716,WHITE,C4,CastellaBot
10717,BLACK,H5,Human
10718,WHITE,C3,CastellaBot
10719,WHITE,C4,CastellaBot
10720,WHITE,C3,CastellaBot
10721,BLACK,B3,Human
10722,WHITE,A3,CastellaBot
10723,WHITE,B2,CastellaBot
10724,WHITE,B4,CastellaBot
10725,WHITE,B5,CastellaBot
10726,WHITE,B6,CastellaBot
10727,WHITE,C2,CastellaBot
10728,WHITE,C4,CastellaBot
10729,WHITE,C6,CastellaBot
10730,WHITE,D2,CastellaBot
10731,WHITE,E1,CastellaBot
10732,WHITE,E2,CastellaBot
10733,WHITE,F1,CastellaBot
10734,WHITE,G1,CastellaBot
10735,BLACK,C2,Human
10736,WHITE,B1,CastellaBot
10737,WHITE,B4,CastellaBot
10738,WHITE,B5,CastellaBot
10739,WHITE,B6,CastellaBot
10740,WHITE,C1,CastellaBot
10741,WHITE,C4,CastellaBot
10742,WHITE,C6,CastellaBot
10743,WHITE,D2,CastellaBot
10744,WHITE,E1,CastellaBot
10745,WHITE,E2,CastellaBot
10746,WHITE,F1,CastellaBot
10747,WHITE,G1,CastellaBot
10748,BLACK,C4,Human
10749,WHITE,B3,CastellaBot
10750,WHITE,B4,CastellaBot
10751,BLACK,C7,Human
10752,WHITE,B5,CastellaBot
10753,WHITE,B6,CastellaBot
10754,WHITE,B8,CastellaBot
10755,WHITE,C4,CastellaBot
10756,WHITE,C6,CastellaBot
10757,BLACK,D2,Human
10758,WHITE,B4,CastellaBot
10759,WHITE,B5,CastellaBot
10760,WHITE,C2,CastellaBot
10761,WHITE,C4,CastellaBot
10762,BLACK,D7,Human
10763,WHITE,B5,CastellaBot
10764,WHITE,B6,CastellaBot
10765,WHITE,C4,CastellaBot
10766,WHITE,C6,CastellaBot
10767,BLACK,E7,Human
10768,WHITE,B5,CastellaBot
10769,WHITE,B6,CastellaBot
10770,WHITE,C6,CastellaBot
10771,BLACK,F7,Human
10772,WHITE,B4,CastellaBot
10773,WHITE,B5,CastellaBot
10774,WHITE,B6,CastellaBot
10775,WHITE,C6,CastellaBot
10776,WHITE,D7,CastellaBot
10777,WHITE,E1,CastellaBot
10778,WHITE,E2,CastellaBot
10779,WHITE,E7,CastellaBot
10780,WHITE,F1,CastellaBot
10781,WHITE,G1,CastellaBot
10782,WHITE,G5,CastellaBot
10783,WHITE,G6,CastellaBot
10784,BLACK,G5,Human
10785,WHITE,B4,CastellaBot
10786,WHITE,B6,CastellaBot
10787,WHITE,C4,CastellaBot
10788,WHITE,C6,CastellaBot
10789,WHITE,E1,CastellaBot
10790,WHITE,E2,CastellaBot
10791,WHITE,F1,CastellaBot
10792,WHITE,G1,CastellaBot
10793,WHITE,G6,CastellaBot
10794,BLACK,G6,Human
10795,WHITE,B4,CastellaBot
10796,WHITE,B5,CastellaBot
10797,WHITE,B6,CastellaBot
10798,WHITE,C4,CastellaBot
10799,BLACK,H5,Human
10800,WHITE,B4,CastellaBot
10801,WHITE,B5,CastellaBot
10802,WHITE,C4,CastellaBot
10803,BLACK,C3,Human
10804,WHITE,B2,CastellaBot
10805,WHITE,B3,CastellaBot
10806,WHITE,B4,CastellaBot
10807,WHITE,B5,CastellaBot
10808,WHITE,B6,CastellaBot
10809,WHITE,C2,CastellaBot
10810,WHITE,D2,CastellaBot
10811,WHITE,E1,CastellaBot
10812,WHITE,E2,CastellaBot
10813,WHITE,F1,CastellaBot
10814,WHITE,G1,CastellaBot
10815,BLACK,C6,Human
10816,WHITE,B4,CastellaBot
10817,WHITE,B5,CastellaBot
10818,WHITE,B6,CastellaBot
10819,WHITE,B7,CastellaBot
10820,WHITE,C7,CastellaBot
10821,WHITE,D2,CastellaBot
10822,WHITE,E1,CastellaBot
10823,WHITE,E2,CastellaBot
10824,WHITE,F1,CastellaBot
10825,WHITE,G1,CastellaBot
10826,BLACK,C7,Human
10827,WHITE,B5,CastellaBot
10828,WHITE,B6,CastellaBot
10829,WHITE,B8,CastellaBot
10830,BLACK,E7,Human
10831,WHITE,B5,CastellaBot
10832,WHITE,B6,CastellaBot
10833,WHITE,C6,CastellaBot
10834,WHITE,C7,CastellaBot
10835,WHITE,D2,CastellaBot
10836,WHITE,D7,CastellaBot
10837,WHITE,D8,CastellaBot
10838,WHITE,E1,CastellaBot
10839,WHITE,E2,CastellaBot
10840,WHITE,F1,CastellaBot
10841,WHITE,F7,CastellaBot
10842,WHITE,G1,CastellaBot
10843,BLACK,F7,Human
10844,WHITE,B4,CastellaBot
10845,WHITE,B5,CastellaBot
10846,WHITE,B6,CastellaBot
10847,WHITE,C6,CastellaBot
10848,WHITE,E1,CastellaBot
10849,WHITE,E2,CastellaBot
10850,WHITE,F1,CastellaBot
10851,WHITE,G1,CastellaBot
10852,WHITE,G5,CastellaBot
10853,WHITE,G6,CastellaBot
10854,BLACK,G5,Human
10855,WHITE,B4,CastellaBot
10856,WHITE,B6,CastellaBot
10857,WHITE,C6,CastellaBot
10858,WHITE,E1,CastellaBot
10859,WHITE,E2,CastellaBot
10860,WHITE,F1,CastellaBot
10861,WHITE,G1,CastellaBot
10862,WHITE,G6,CastellaBot
10863,BLACK,H5,Human
10864,WHITE,B4,CastellaBot
10865,WHITE,C6,CastellaBot
10866,BLACK,C3,Human
10867,WHITE,B2,CastellaBot
10868,WHITE,B3,CastellaBot
10869,WHITE,B4,CastellaBot
10870,WHITE,B5,CastellaBot
10871,WHITE,C2,CastellaBot
10872,WHITE,C4,CastellaBot
10873,WHITE,D2,CastellaBot
10874,WHITE,E1,CastellaBot
10875,WHITE,E2,CastellaBot
10876,WHITE,F1,CastellaBot
10877,BLACK,C7,Human
10878,WHITE,B5,CastellaBot
10879,WHITE,B6,CastellaBot
10880,WHITE,B7,CastellaBot
10881,WHITE,B8,CastellaBot
10882,WHITE,C3,CastellaBot
10883,WHITE,C4,CastellaBot
10884,WHITE,D7,CastellaBot
10885,WHITE,E1,CastellaBot
10886,WHITE,E2,CastellaBot
10887,WHITE,F1,CastellaBot
10888,BLACK,D2,Human
10889,WHITE,B4,CastellaBot
10890,BLACK,D7,Human
10891,WHITE,B5,CastellaBot
10892,BLACK,E7,Human
10893,WHITE,B5,CastellaBot
10894,WHITE,C3,CastellaBot
10895,WHITE,C4,CastellaBot
10896,BLACK,F7,Human
10897,WHITE,B4,CastellaBot
10898,WHITE,B5,CastellaBot
10899,WHITE,C3,CastellaBot
10900,WHITE,C4,CastellaBot
10901,WHITE,E1,CastellaBot
10902,WHITE,E2,CastellaBot
10903,WHITE,F1,CastellaBot
10904,WHITE,F8,CastellaBot
10905,BLACK,G1,Human
10906,WHITE,B4,CastellaBot
10907,BLACK,G5,Human
10908,WHITE,B4,CastellaBot
10909,WHITE,C3,CastellaBot
10910,WHITE,C4,CastellaBot
10911,WHITE,E1,CastellaBot
10912,WHITE,E2,CastellaBot
10913,WHITE,F1,CastellaBot
10914,WHITE,G6,CastellaBot
10915,WHITE,H5,CastellaBot
10916,BLACK,G7,Human
10917,WHITE,B4,CastellaBot
10918,WHITE,E1,CastellaBot
10919,BLACK,C2,Human
10920,WHITE,B1,CastellaBot
10921,WHITE,B4,CastellaBot
10922,WHITE,B5,CastellaBot
10923,WHITE,B6,CastellaBot
10924,WHITE,C3,CastellaBot
10925,WHITE,C4,CastellaBot
10926,WHITE,C6,CastellaBot
10927,WHITE,D2,CastellaBot
10928,WHITE,E2,CastellaBot
10929,WHITE,F1,CastellaBot
10930,WHITE,G1,CastellaBot
10931,BLACK,C3,Human
10932,WHITE,B2,CastellaBot
10933,WHITE,B3,CastellaBot
10934,WHITE,B4,CastellaBot
10935,WHITE,B5,CastellaBot
10936,WHITE,B6,CastellaBot
10937,WHITE,C2,CastellaBot
10938,WHITE,C4,CastellaBot
10939,WHITE,C6,CastellaBot
10940,WHITE,D2,CastellaBot
10941,WHITE,E2,CastellaBot
10942,WHITE,F1,CastellaBot
10943,WHITE,G1,CastellaBot
10944,BLACK,C7,Human
10945,WHITE,B5,CastellaBot
10946,WHITE,B6,CastellaBot
10947,WHITE,B8,CastellaBot
10948,WHITE,C3,CastellaBot
10949,WHITE,C4,CastellaBot
10950,WHITE,C6,CastellaBot
10951,WHITE,D7,CastellaBot
10952,WHITE,E2,CastellaBot
10953,BLACK,D2,Human
10954,WHITE,B4,CastellaBot
10955,WHITE,B5,CastellaBot
10956,WHITE,B6,CastellaBot
10957,WHITE,C2,CastellaBot
10958,WHITE,C3,CastellaBot
10959,BLACK,D7,Human
10960,WHITE,B5,CastellaBot
10961,WHITE,B6,CastellaBot
10962,WHITE,C3,CastellaBot
10963,WHITE,C4,CastellaBot
10964,WHITE,C6,CastellaBot
10965,WHITE,C7,CastellaBot
10966,WHITE,C8,CastellaBot
10967,WHITE,D8,CastellaBot
10968,WHITE,E2,CastellaBot
10969,BLACK,E2,Human
10970,WHITE,B4,CastellaBot
10971,WHITE,B5,CastellaBot
10972,WHITE,C3,CastellaBot
10973,WHITE,C4,CastellaBot
10974,BLACK,E7,Human
10975,WHITE,B5,CastellaBot
10976,WHITE,B6,CastellaBot
10977,WHITE,C3,CastellaBot
10978,WHITE,C4,CastellaBot
10979,WHITE,C6,CastellaBot
10980,WHITE,C7,CastellaBot
10981,WHITE,D7,CastellaBot
10982,WHITE,D8,CastellaBot
10983,WHITE,E2,CastellaBot
10984,WHITE,F1,CastellaBot
10985,WHITE,G1,CastellaBot
10986,BLACK,F1,Human
10987,WHITE,B4,CastellaBot
10988,WHITE,B5,CastellaBot
10989,WHITE,C3,CastellaBot
10990,WHITE,C4,CastellaBot
10991,BLACK,F7,Human
10992,WHITE,B4,CastellaBot
10993,WHITE,B5,CastellaBot
10994,WHITE,B6,CastellaBot
10995,WHITE,C3,CastellaBot
10996,WHITE,C4,CastellaBot
10997,WHITE,C6,CastellaBot
10998,WHITE,D7,CastellaBot
10999,WHITE,E2,CastellaBot
11000,WHITE,E7,CastellaBot
11001,WHITE,F1,CastellaBot
11002,WHITE,F8,CastellaBot
11003,BLACK,G1,Human
11004,WHITE,B4,CastellaBot
11005,WHITE,B5,CastellaBot
11006,WHITE,C3,CastellaBot
11007,WHITE,C4,CastellaBot
11008,BLACK,G5,Human
11009,WHITE,B4,CastellaBot
11010,WHITE,B6,CastellaBot
11011,WHITE,C3,CastellaBot
11012,WHITE,C4,CastellaBot
11013,BLACK,G6,Human
11014,WHITE,B4,CastellaBot
11015,WHITE,B5,CastellaBot
11016,WHITE,B6,CastellaBot
11017,WHITE,C3,CastellaBot
11018,WHITE,C4,CastellaBot
11019,BLACK,G7,Human
11020,WHITE,B4,CastellaBot
11021,WHITE,B5,CastellaBot
11022,WHITE,B6,CastellaBot
11023,WHITE,C4,CastellaBot
11024,BLACK,H5,Human
11025,WHITE,B4,CastellaBot
11026,WHITE,B5,CastellaBot
11027,WHITE,B6,CastellaBot
11028,WHITE,C3,CastellaBot
11029,WHITE,C4,CastellaBot
11030,WHITE,E2,CastellaBot
11031,BLACK,C3,Human
11032,WHITE,B2,CastellaBot
11033,WHITE,B3,CastellaBot
11034,WHITE,B4,CastellaBot
11035,WHITE,B5,CastellaBot
11036,WHITE,B6,CastellaBot
11037,WHITE,C2,CastellaBot
11038,WHITE,C4,CastellaBot
11039,WHITE,C6,CastellaBot
11040,WHITE,D2,CastellaBot
11041,BLACK,C7,Human
11042,WHITE,B5,CastellaBot
11043,WHITE,B6,CastellaBot
11044,WHITE,B8,CastellaBot
11045,BLACK,D2,Human
11046,WHITE,B4,CastellaBot
11047,WHITE,B5,CastellaBot
11048,WHITE,B6,CastellaBot
11049,WHITE,C2,CastellaBot
11050,WHITE,C3,CastellaBot
11051,BLACK,D7,Human
11052,WHITE,B5,CastellaBot
11053,WHITE,B6,CastellaBot
11054,WHITE,C3,CastellaBot
11055,WHITE,C4,CastellaBot
11056,WHITE,C6,CastellaBot
11057,BLACK,E1,Human
11058,WHITE,B4,CastellaBot
11059,WHITE,B5,CastellaBot
11060,WHITE,B6,CastellaBot
11061,WHITE,C3,CastellaBot
11062,WHITE,C4,CastellaBot
11063,BLACK,E7,Human
11064,WHITE,B5,CastellaBot
11065,WHITE,B6,CastellaBot
11066,WHITE,C3,CastellaBot
11067,WHITE,C4,CastellaBot
11068,WHITE,C6,CastellaBot
11069,BLACK,F1,Human
11070,WHITE,B4,CastellaBot
11071,WHITE,B5,CastellaBot
11072,WHITE,B6,CastellaBot
11073,WHITE,C3,CastellaBot
11074,WHITE,C4,CastellaBot
11075,WHITE,C6,CastellaBot
11076,WHITE,E1,CastellaBot
11077,WHITE,G1,CastellaBot
11078,WHITE,G5,CastellaBot
11079,BLACK,F7,Human
11080,WHITE,B4,CastellaBot
11081,WHITE,B5,CastellaBot
11082,WHITE,B6,CastellaBot
11083,WHITE,C3,CastellaBot
11084,WHITE,C4,CastellaBot
11085,WHITE,C6,CastellaBot
11086,WHITE,D7,CastellaBot
11087,BLACK,G1,Human
11088,WHITE,B4,CastellaBot
11089,BLACK,G5,Human
11090,WHITE,B4,CastellaBot
11091,WHITE,B6,CastellaBot
11092,BLACK,G7,Human
11093,WHITE,B4,CastellaBot
11094,WHITE,F1,CastellaBot
11095,BLACK,C2,Human
11096,WHITE,B1,CastellaBot
11097,WHITE,B4,CastellaBot
11098,WHITE,B5,CastellaBot
11099,WHITE,B6,CastellaBot
11100,WHITE,C3,CastellaBot
11101,WHITE,C4,CastellaBot
11102,WHITE,C6,CastellaBot
11103,WHITE,D2,CastellaBot
11104,WHITE,E2,CastellaBot
11105,BLACK,C3,Human
11106,WHITE,B2,CastellaBot
11107,WHITE,B3,CastellaBot
11108,WHITE,B4,CastellaBot
11109,WHITE,B5,CastellaBot
11110,WHITE,B6,CastellaBot
11111,WHITE,C2,CastellaBot
11112,WHITE,C4,CastellaBot
11113,WHITE,C6,CastellaBot
11114,WHITE,D2,CastellaBot
11115,WHITE,E2,CastellaBot
11116,BLACK,C7,Human
11117,WHITE,B5,CastellaBot
11118,WHITE,B6,CastellaBot
11119,WHITE,B8,CastellaBot
11120,WHITE,C3,CastellaBot
11121,WHITE,C4,CastellaBot
11122,WHITE,C6,CastellaBot
11123,WHITE,D7,CastellaBot
11124,WHITE,E2,CastellaBot
11125,BLACK,D2,Human
11126,WHITE,B4,CastellaBot
11127,WHITE,B5,CastellaBot
11128,WHITE,B6,CastellaBot
11129,BLACK,D7,Human
11130,WHITE,B5,CastellaBot
11131,WHITE,B6,CastellaBot
11132,WHITE,C3,CastellaBot
11133,WHITE,C4,CastellaBot
11134,BLACK,E1,Human
11135,WHITE,B4,CastellaBot
11136,WHITE,B5,CastellaBot
11137,WHITE,C3,CastellaBot
11138,WHITE,C4,CastellaBot
11139,BLACK,E7,Human
11140,WHITE,B5,CastellaBot
11141,WHITE,B6,CastellaBot
11142,WHITE,C3,CastellaBot
11143,WHITE,C4,CastellaBot
11144,WHITE,C6,CastellaBot
11145,BLACK,F7,Human
11146,WHITE,B4,CastellaBot
11147,WHITE,B5,CastellaBot
11148,WHITE,B6,CastellaBot
11149,WHITE,C3,CastellaBot
11150,WHITE,C4,CastellaBot
11151,BLACK,G1,Human
11152,WHITE,B4,CastellaBot
11153,BLACK,G5,Human
11154,WHITE,B4,CastellaBot
11155,WHITE,B6,CastellaBot
11156,WHITE,C3,CastellaBot
11157,WHITE,C4,CastellaBot
11158,BLACK,G6,Human
11159,WHITE,B4,CastellaBot
11160,WHITE,B5,CastellaBot
11161,WHITE,B6,CastellaBot
11162,WHITE,C3,CastellaBot
11163,WHITE,C4,CastellaBot
11164,BLACK,G7,Human
11165,WHITE,B4,CastellaBot
11166,WHITE,B5,CastellaBot
11167,WHITE,B6,CastellaBot
11168,WHITE,C4,CastellaBot
11169,WHITE,G1,CastellaBot
11170,BLACK,C2,Human
11171,WHITE,B1,CastellaBot
11172,WHITE,B4,CastellaBot
11173,WHITE,B5,CastellaBot
11174,WHITE,B6,CastellaBot
11175,WHITE,C3,CastellaBot
11176,WHITE,C4,CastellaBot
11177,WHITE,C6,CastellaBot
11178,WHITE,D2,CastellaBot
11179,WHITE,E1,CastellaBot
11180,WHITE,E2,CastellaBot
11181,WHITE,F1,CastellaBot
11182,BLACK,C3,Human
11183,WHITE,B2,CastellaBot
11184,WHITE,B3,CastellaBot
11185,WHITE,B4,CastellaBot
11186,WHITE,B5,CastellaBot
11187,WHITE,B6,CastellaBot
11188,WHITE,C2,CastellaBot
11189,WHITE,C4,CastellaBot
11190,WHITE,C6,CastellaBot
11191,WHITE,D2,CastellaBot
11192,WHITE,E1,CastellaBot
11193,WHITE,E2,CastellaBot
11194,WHITE,F1,CastellaBot
11195,BLACK,C7,Human
11196,WHITE,B5,CastellaBot
11197,WHITE,B6,CastellaBot
11198,WHITE,B8,CastellaBot
11199,WHITE,C3,CastellaBot
11200,WHITE,C4,CastellaBot
11201,WHITE,C6,CastellaBot
11202,BLACK,D2,Human
11203,WHITE,B4,CastellaBot
11204,WHITE,B5,CastellaBot
11205,WHITE,B6,CastellaBot
11206,WHITE,C2,CastellaBot
11207,WHITE,C3,CastellaBot
11208,BLACK,D7,Human
11209,WHITE,B5,CastellaBot
11210,WHITE,B6,CastellaBot
11211,WHITE,C3,CastellaBot
11212,WHITE,C4,CastellaBot
11213,WHITE,C6,CastellaBot
11214,BLACK,E7,Human
11215,WHITE,B5,CastellaBot
11216,WHITE,B6,CastellaBot
11217,WHITE,C3,CastellaBot
11218,WHITE,C4,CastellaBot
11219,WHITE,C6,CastellaBot
11220,BLACK,F7,Human
11221,WHITE,B4,CastellaBot
11222,WHITE,B5,CastellaBot
11223,WHITE,B6,CastellaBot
11224,WHITE,C3,CastellaBot
11225,WHITE,C4,CastellaBot
11226,WHITE,C6,CastellaBot
11227,WHITE,D7,CastellaBot
11228,WHITE,E1,CastellaBot
11229,WHITE,E2,CastellaBot
11230,WHITE,E7,CastellaBot
11231,WHITE,G5,CastellaBot
11232,WHITE,G6,CastellaBot
11233,WHITE,G7,CastellaBot
11234,BLACK,G5,Human
11235,WHITE,B4,CastellaBot
11236,WHITE,B6,CastellaBot
11237,WHITE,C3,CastellaBot
11238,WHITE,C4,CastellaBot
11239,BLACK,G6,Human
11240,WHITE,B4,CastellaBot
11241,WHITE,B5,CastellaBot
11242,WHITE,B6,CastellaBot
11243,WHITE,C3,CastellaBot
11244,WHITE,C4,CastellaBot
11245,BLACK,G7,Human
11246,WHITE,B4,CastellaBot
11247,WHITE,B5,CastellaBot
11248,WHITE,B6,CastellaBot
11249,WHITE,C4,CastellaBot
11250,BLACK,H5,Human
11251,WHITE,B4,CastellaBot
11252,WHITE,B5,CastellaBot
11253,WHITE,B6,CastellaBot
11254,WHITE,C3,CastellaBot
11255,WHITE,C4,CastellaBot
11256,WHITE,F1,CastellaBot
11257,BLACK,G1,Human
11258,WHITE,B4,CastellaBot
11259,BLACK,B5,Human
11260,WHITE,A5,CastellaBot
11261,WHITE,B6,CastellaBot
11262,WHITE,C3,CastellaBot
11263,WHITE,C4,CastellaBot
11264,WHITE,C6,CastellaBot
11265,WHITE,D2,CastellaBot
11266,WHITE,E1,CastellaBot
11267,WHITE,E2,CastellaBot
11268,BLACK,B6,Human
11269,WHITE,B5,CastellaBot
11270,WHITE,C3,CastellaBot
11271,WHITE,C4,CastellaBot
11272,BLACK,C2,Human
11273,WHITE,B1,CastellaBot
11274,WHITE,C3,CastellaBot
11275,BLACK,C3,Human
11276,WHITE,B2,CastellaBot
11277,WHITE,B3,CastellaBot
11278,WHITE,C2,CastellaBot
11279,WHITE,C4,CastellaBot
11280,WHITE,C6,CastellaBot
11281,WHITE,D2,CastellaBot
11282,BLACK,C7,Human
11283,WHITE,B8,CastellaBot
11284,WHITE,C3,CastellaBot
11285,WHITE,C4,CastellaBot
11286,WHITE,C6,CastellaBot
11287,WHITE,D7,CastellaBot
11288,WHITE,E1,CastellaBot
11289,WHITE,E2,CastellaBot
11290,WHITE,E7,CastellaBot
11291,BLACK,D2,Human
11292,WHITE,C1,CastellaBot
11293,BLACK,D7,Human
11294,WHITE,C3,CastellaBot
11295,BLACK,E1,Human
11296,WHITE,C3,CastellaBot
11297,WHITE,C4,CastellaBot
11298,WHITE,C6,CastellaBot
11299,WHITE,D1,CastellaBot
11300,WHITE,D2,CastellaBot
11301,WHITE,E2,CastellaBot
11302,BLACK,E7,Human
11303,WHITE,C3,CastellaBot
11304,BLACK,F7,Human
11305,WHITE,C3,CastellaBot
11306,WHITE,C4,CastellaBot
11307,WHITE,C6,CastellaBot
11308,WHITE,D7,CastellaBot
11309,WHITE,E1,CastellaBot
11310,WHITE,E2,CastellaBot
11311,WHITE,E7,CastellaBot
11312,WHITE,F8,CastellaBot
11313,BLACK,G5,Human
11314,WHITE,C3,CastellaBot
11315,WHITE,C4,CastellaBot
11316,BLACK,G6,Human
11317,WHITE,C3,CastellaBot
11318,BLACK,G7,Human
11319,WHITE,C4,CastellaBot
11320,WHITE,B5,CastellaBot
11321,BLACK,B6,Human
11322,WHITE,B4,CastellaBot
11323,WHITE,B7,CastellaBot
11324,WHITE,C3,CastellaBot
11325,WHITE,C4,CastellaBot
11326,WHITE,D2,CastellaBot
11327,WHITE,E1,CastellaBot
11328,WHITE,E2,CastellaBot
11329,BLACK,C2,Human
11330,WHITE,B1,CastellaBot
11331,WHITE,C3,CastellaBot
11332,BLACK,C3,Human
11333,WHITE,B2,CastellaBot
11334,WHITE,B3,CastellaBot
11335,WHITE,C2,CastellaBot
11336,WHITE,C4,CastellaBot
11337,WHITE,D2,CastellaBot
11338,WHITE,E1,CastellaBot
11339,WHITE,E2,CastellaBot
11340,BLACK,C6,Human
11341,WHITE,B6,CastellaBot
11342,WHITE,B7,CastellaBot
11343,WHITE,C3,CastellaBot
11344,WHITE,C4,CastellaBot
11345,BLACK,C7,Human
11346,WHITE,B8,CastellaBot
11347,WHITE,C3,CastellaBot
11348,WHITE,C4,CastellaBot
11349,WHITE,C6,CastellaBot
11350,WHITE,D7,CastellaBot
11351,WHITE,E1,CastellaBot
11352,WHITE,E2,CastellaBot
11353,WHITE,E7,CastellaBot
11354,BLACK,D2,Human
11355,WHITE,C1,CastellaBot
11356,BLACK,D7,Human
11357,WHITE,C3,CastellaBot
11358,BLACK,E1,Human
11359,WHITE,C3,CastellaBot
11360,WHITE,C4,CastellaBot
11361,WHITE,D1,CastellaBot
11362,WHITE,D2,CastellaBot
11363,WHITE,E2,CastellaBot
11364,BLACK,E7,Human
11365,WHITE,C3,CastellaBot
11366,BLACK,F7,Human
11367,WHITE,C3,CastellaBot
11368,WHITE,C4,CastellaBot
11369,WHITE,E1,CastellaBot
11370,WHITE,E2,CastellaBot
11371,WHITE,F8,CastellaBot
11372,BLACK,G5,Human
11373,WHITE,C3,CastellaBot
11374,WHITE,C4,CastellaBot
11375,BLACK,G6,Human
11376,WHITE,C3,CastellaBot
11377,BLACK,G7,Human
11378,WHITE,C4,CastellaBot
11379,WHITE,C3,CastellaBot
11380,BLACK,B3,Human
11381,WHITE,A3,CastellaBot
11382,WHITE,B2,CastellaBot
11383,WHITE,B4,CastellaBot
11384,WHITE,B5,CastellaBot
11385,WHITE,B6,CastellaBot
11386,WHITE,C2,CastellaBot
11387,WHITE,C4,CastellaBot
11388,WHITE,C6,CastellaBot
11389,WHITE,D2,CastellaBot
11390,WHITE,E1,CastellaBot
11391,WHITE,E2,CastellaBot
11392,BLACK,C2,Human
11393,WHITE,B1,CastellaBot
11394,WHITE,B4,CastellaBot
11395,WHITE,B5,CastellaBot
11396,WHITE,B6,CastellaBot
11397,WHITE,C1,CastellaBot
11398,WHITE,C4,CastellaBot
11399,WHITE,C6,CastellaBot
11400,WHITE,D2,CastellaBot
11401,WHITE,E1,CastellaBot
11402,WHITE,E2,CastellaBot
11403,BLACK,C4,Human
11404,WHITE,B3,CastellaBot
11405,WHITE,B4,CastellaBot
11406,BLACK,C7,Human
11407,WHITE,B5,CastellaBot
11408,WHITE,B6,CastellaBot
11409,WHITE,B8,CastellaBot
11410,WHITE,C4,CastellaBot
11411,WHITE,C6,CastellaBot
11412,WHITE,D7,CastellaBot
11413,WHITE,E1,CastellaBot
11414,WHITE,E2,CastellaBot
11415,BLACK,D2,Human
11416,WHITE,B4,CastellaBot
11417,WHITE,B5,CastellaBot
11418,WHITE,C1,CastellaBot
11419,WHITE,C2,CastellaBot
11420,WHITE,C4,CastellaBot
11421,WHITE,C6,CastellaBot
11422,WHITE,D1,CastellaBot
11423,BLACK,D7,Human
11424,WHITE,B5,CastellaBot
11425,WHITE,B6,CastellaBot
11426,WHITE,C4,CastellaBot
11427,WHITE,C6,CastellaBot
11428,BLACK,E1,Human
11429,WHITE,B4,CastellaBot
11430,WHITE,B5,CastellaBot
11431,WHITE,B6,CastellaBot
11432,WHITE,C4,CastellaBot
11433,WHITE,C6,CastellaBot
11434,WHITE,D1,CastellaBot
11435,WHITE,D2,CastellaBot
11436,WHITE,E2,CastellaBot
11437,BLACK,E7,Human
11438,WHITE,B5,CastellaBot
11439,WHITE,B6,CastellaBot
11440,WHITE,C6,CastellaBot
11441,BLACK,F7,Human
11442,WHITE,B4,CastellaBot
11443,WHITE,B5,CastellaBot
11444,WHITE,B6,CastellaBot
11445,WHITE,C6,CastellaBot
11446,WHITE,D7,CastellaBot
11447,WHITE,E1,CastellaBot
11448,WHITE,E2,CastellaBot
11449,WHITE,E7,CastellaBot
11450,WHITE,F8,CastellaBot
11451,BLACK,G5,Human
11452,WHITE,B4,CastellaBot
11453,WHITE,B6,CastellaBot
11454,WHITE,C4,CastellaBot
11455,WHITE,C6,CastellaBot
11456,WHITE,E1,CastellaBot
11457,WHITE,E2,CastellaBot
11458,WHITE,G6,CastellaBot
11459,WHITE,H5,CastellaBot
11460,BLACK,G6,Human
11461,WHITE,B4,CastellaBot
11462,WHITE,C4,CastellaBot
11463,BLACK,C3,Human
11464,WHITE,B2,CastellaBot
11465,WHITE,B3,CastellaBot
11466,WHITE,B4,CastellaBot
11467,WHITE,B5,CastellaBot
11468,WHITE,B6,CastellaBot
11469,WHITE,C2,CastellaBot
11470,WHITE,D2,CastellaBot
11471,WHITE,E1,CastellaBot
11472,WHITE,E2,CastellaBot
11473,BLACK,C6,Human
11474,WHITE,B4,CastellaBot
11475,WHITE,B5,CastellaBot
11476,WHITE,B6,CastellaBot
11477,WHITE,B7,CastellaBot
11478,WHITE,C7,CastellaBot
11479,WHITE,D2,CastellaBot
11480,WHITE,E1,CastellaBot
11481,WHITE,E2,CastellaBot
11482,BLACK,C7,Human
11483,WHITE,B5,CastellaBot
11484,WHITE,B6,CastellaBot
11485,WHITE,B8,CastellaBot
11486,BLACK,E1,Human
11487,WHITE,B4,CastellaBot
11488,BLACK,E7,Human
11489,WHITE,B5,CastellaBot
11490,WHITE,B6,CastellaBot
11491,WHITE,C6,CastellaBot
11492,BLACK,F7,Human
11493,WHITE,B4,CastellaBot
11494,WHITE,B5,CastellaBot
11495,WHITE,B6,CastellaBot
11496,WHITE,C6,CastellaBot
11497,WHITE,E1,CastellaBot
11498,WHITE,E2,CastellaBot
11499,WHITE,F8,CastellaBot
11500,BLACK,G5,Human
11501,WHITE,B4,CastellaBot
11502,WHITE,B6,CastellaBot
11503,WHITE,C6,CastellaBot
11504,WHITE,E1,CastellaBot
11505,WHITE,E2,CastellaBot
11506,WHITE,G6,CastellaBot
11507,WHITE,H5,CastellaBot
11508,WHITE,C6,CastellaBot
11509,BLACK,B7,Human
11510,WHITE,A8,CastellaBot
11511,WHITE,B4,CastellaBot
11512,WHITE,B5,CastellaBot
11513,WHITE,B6,CastellaBot
11514,WHITE,C3,CastellaBot
11515,WHITE,C4,CastellaBot
11516,WHITE,D2,CastellaBot
11517,WHITE,E1,CastellaBot
11518,WHITE,E2,CastellaBot
11519,BLACK,C3,Human
11520,WHITE,B2,CastellaBot
11521,WHITE,B3,CastellaBot
11522,BLACK,C7,Human
11523,WHITE,B5,CastellaBot
11524,WHITE,B6,CastellaBot
11525,WHITE,B7,CastellaBot
11526,WHITE,B8,CastellaBot
11527,WHITE,C3,CastellaBot
11528,WHITE,C4,CastellaBot
11529,WHITE,D7,CastellaBot
11530,WHITE,E1,CastellaBot
11531,WHITE,E2,CastellaBot
11532,BLACK,D2,Human
11533,WHITE,B4,CastellaBot
11534,BLACK,D7,Human
11535,WHITE,B5,CastellaBot
11536,BLACK,E1,Human
11537,WHITE,B4,CastellaBot
11538,WHITE,B5,CastellaBot
11539,WHITE,C3,CastellaBot
11540,BLACK,E7,Human
11541,WHITE,B5,CastellaBot
11542,WHITE,C3,CastellaBot
11543,BLACK,F7,Human
11544,WHITE,B4,CastellaBot
11545,WHITE,B5,CastellaBot
11546,WHITE,C3,CastellaBot
11547,WHITE,C4,CastellaBot
11548,WHITE,E1,CastellaBot
11549,WHITE,E2,CastellaBot
11550,WHITE,F8,CastellaBot
11551,BLACK,G5,Human
11552,WHITE,B4,CastellaBot
11553,WHITE,C3,CastellaBot
11554,WHITE,C4,CastellaBot
11555,WHITE,E1,CastellaBot
11556,WHITE,E2,CastellaBot
11557,WHITE,G6,CastellaBot
11558,WHITE,H5,CastellaBot
11559,BLACK,G7,Human
11560,WHITE,B4,CastellaBot
11561,WHITE,D2,CastellaBot
11562,BLACK,C2,Human
11563,WHITE,B1,CastellaBot
11564,WHITE,B2,CastellaBot
11565,WHITE,B4,CastellaBot
11566,WHITE,B5,CastellaBot
11567,WHITE,B6,CastellaBot
11568,WHITE,C3,CastellaBot
11569,WHITE,C4,CastellaBot
11570,WHITE,C6,CastellaBot
11571,WHITE,E1,CastellaBot
11572,WHITE,E2,CastellaBot
11573,BLACK,C3,Human
11574,WHITE,B2,CastellaBot
11575,WHITE,B3,CastellaBot
11576,WHITE,B4,CastellaBot
11577,WHITE,B5,CastellaBot
11578,WHITE,C2,CastellaBot
11579,WHITE,C4,CastellaBot
11580,WHITE,C6,CastellaBot
11581,WHITE,E1,CastellaBot
11582,WHITE,E2,CastellaBot
11583,BLACK,C7,Human
11584,WHITE,B5,CastellaBot
11585,WHITE,B6,CastellaBot
11586,WHITE,B8,CastellaBot
11587,WHITE,C3,CastellaBot
11588,WHITE,C4,CastellaBot
11589,WHITE,C6,CastellaBot
11590,WHITE,D7,CastellaBot
11591,WHITE,E1,CastellaBot
11592,WHITE,E2,CastellaBot
11593,WHITE,G5,CastellaBot
11594,BLACK,D1,Human
11595,WHITE,B4,CastellaBot
11596,WHITE,B5,CastellaBot
11597,WHITE,B6,CastellaBot
11598,WHITE,C1,CastellaBot
11599,WHITE,C2,CastellaBot
11600,WHITE,C3,CastellaBot
11601,WHITE,C4,CastellaBot
11602,BLACK,D7,Human
11603,WHITE,B5,CastellaBot
11604,WHITE,B6,CastellaBot
11605,WHITE,C3,CastellaBot
11606,BLACK,E1,Human
11607,WHITE,B4,CastellaBot
11608,WHITE,B5,CastellaBot
11609,WHITE,B6,CastellaBot
11610,WHITE,C3,CastellaBot
11611,WHITE,C4,CastellaBot
11612,WHITE,C6,CastellaBot
11613,WHITE,D1,CastellaBot
11614,WHITE,E2,CastellaBot
11615,BLACK,E2,Human
11616,WHITE,B4,CastellaBot
11617,WHITE,B5,CastellaBot
11618,WHITE,C3,CastellaBot
11619,WHITE,C4,CastellaBot
11620,BLACK,E7,Human
11621,WHITE,B5,CastellaBot
11622,WHITE,B6,CastellaBot
11623,WHITE,C3,CastellaBot
11624,WHITE,C4,CastellaBot
11625,WHITE,C6,CastellaBot
11626,BLACK,F7,Human
11627,WHITE,B4,CastellaBot
11628,WHITE,B5,CastellaBot
11629,WHITE,B6,CastellaBot
11630,WHITE,C3,CastellaBot
11631,WHITE,C4,CastellaBot
11632,WHITE,C6,CastellaBot
11633,WHITE,D7,CastellaBot
11634,WHITE,E1,CastellaBot
11635,WHITE,E2,CastellaBot
11636,WHITE,E7,CastellaBot
11637,WHITE,F8,CastellaBot
11638,WHITE,G5,CastellaBot
11639,WHITE,G6,CastellaBot
11640,WHITE,G7,CastellaBot
11641,BLACK,G5,Human
11642,WHITE,B4,CastellaBot
11643,WHITE,B6,CastellaBot
11644,WHITE,C3,CastellaBot
11645,BLACK,G6,Human
11646,WHITE,B4,CastellaBot
11647,WHITE,B5,CastellaBot
11648,WHITE,B6,CastellaBot
11649,WHITE,C3,CastellaBot
11650,BLACK,G7,Human
11651,WHITE,B4,CastellaBot
11652,WHITE,B5,CastellaBot
11653,WHITE,E1,CastellaBot
11654,BLACK,C2,Human
11655,WHITE,B1,CastellaBot
11656,WHITE,B4,CastellaBot
11657,WHITE,B5,CastellaBot
11658,WHITE,B6,CastellaBot
11659,WHITE,C3,CastellaBot
11660,WHITE,C4,CastellaBot
11661,WHITE,C6,CastellaBot
11662,WHITE,D2,CastellaBot
11663,WHITE,E2,CastellaBot
11664,BLACK,C3,Human
11665,WHITE,B2,CastellaBot
11666,WHITE,B3,CastellaBot
11667,WHITE,B4,CastellaBot
11668,WHITE,B5,CastellaBot
11669,WHITE,B6,CastellaBot
11670,WHITE,C2,CastellaBot
11671,WHITE,C4,CastellaBot
11672,WHITE,C6,CastellaBot
11673,WHITE,D2,CastellaBot
11674,WHITE,E2,CastellaBot
11675,BLACK,D1,Human
11676,WHITE,B4,CastellaBot
11677,WHITE,B5,CastellaBot
11678,WHITE,B6,CastellaBot
11679,WHITE,C1,CastellaBot
11680,WHITE,C3,CastellaBot
11681,WHITE,C4,CastellaBot
11682,WHITE,C6,CastellaBot
11683,WHITE,D2,CastellaBot
11684,WHITE,E2,CastellaBot
11685,BLACK,D2,Human
11686,WHITE,B4,CastellaBot
11687,WHITE,B5,CastellaBot
11688,WHITE,B6,CastellaBot
11689,BLACK,D7,Human
11690,WHITE,B5,CastellaBot
11691,WHITE,B6,CastellaBot
11692,BLACK,E2,Human
11693,WHITE,B4,CastellaBot
11694,WHITE,B5,CastellaBot
11695,WHITE,C3,CastellaBot
11696,WHITE,C4,CastellaBot
11697,BLACK,E7,Human
11698,WHITE,B5,CastellaBot
11699,WHITE,B6,CastellaBot
11700,WHITE,C3,CastellaBot
11701,WHITE,C4,CastellaBot
11702,WHITE,C6,CastellaBot
11703,BLACK,F7,Human
11704,WHITE,B4,CastellaBot
11705,WHITE,B5,CastellaBot
11706,WHITE,B6,CastellaBot
11707,WHITE,C3,CastellaBot
11708,WHITE,C4,CastellaBot
11709,BLACK,G5,Human
11710,WHITE,B4,CastellaBot
11711,WHITE,B6,CastellaBot
11712,WHITE,C3,CastellaBot
11713,WHITE,C4,CastellaBot
11714,WHITE,C6,CastellaBot
11715,WHITE,E2,CastellaBot
11716,WHITE,G6,CastellaBot
11717,WHITE,H5,CastellaBot
11718,BLACK,G6,Human
11719,WHITE,B4,CastellaBot
11720,WHITE,B5,CastellaBot
11721,WHITE,B6,CastellaBot
11722,BLACK,G7,Human
11723,WHITE,B4,CastellaBot
11724,WHITE,B5,CastellaBot
11725,WHITE,E2,CastellaBot
11726,BLACK,C3,Human
11727,WHITE,B2,CastellaBot
11728,WHITE,B3,CastellaBot
11729,WHITE,B4,CastellaBot
11730,WHITE,B5,CastellaBot
11731,WHITE,B6,CastellaBot
11732,WHITE,C2,CastellaBot
11733,WHITE,C4,CastellaBot
11734,WHITE,C6,CastellaBot
11735,WHITE,D2,CastellaBot
11736,BLACK,C7,Human
11737,WHITE,B5,CastellaBot
11738,WHITE,B6,CastellaBot
11739,WHITE,B8,CastellaBot
11740,WHITE,C3,CastellaBot
11741,WHITE,C4,CastellaBot
11742,WHITE,C6,CastellaBot
11743,WHITE,D7,CastellaBot
11744,WHITE,G5,CastellaBot
11745,BLACK,D2,Human
11746,WHITE,B4,CastellaBot
11747,WHITE,B5,CastellaBot
11748,BLACK,D7,Human
11749,WHITE,B5,CastellaBot
11750,BLACK,E1,Human
11751,WHITE,B4,CastellaBot
11752,WHITE,B5,CastellaBot
11753,WHITE,B6,CastellaBot
11754,WHITE,C3,CastellaBot
11755,WHITE,C4,CastellaBot
11756,WHITE,C6,CastellaBot
11757,WHITE,D1,CastellaBot
11758,BLACK,E7,Human
11759,WHITE,B5,CastellaBot
11760,BLACK,F7,Human
11761,WHITE,B4,CastellaBot
11762,WHITE,B5,CastellaBot
11763,BLACK,G5,Human
11764,WHITE,B4,CastellaBot
11765,WHITE,B6,CastellaBot
11766,WHITE,C3,CastellaBot
11767,BLACK,G7,Human
11768,WHITE,B4,CastellaBot
11769,WHITE,B5,CastellaBot
11770,WHITE,E1,CastellaBot
11771,BLACK,E2,Human
11772,WHITE,B4,CastellaBot
11773,BLACK,B5,Human
11774,WHITE,A5,CastellaBot
11775,WHITE,B6,CastellaBot
11776,WHITE,C3,CastellaBot
11777,WHITE,C4,CastellaBot
11778,WHITE,C6,CastellaBot
11779,WHITE,D1,CastellaBot
11780,WHITE,D2,CastellaBot
11781,BLACK,B6,Human
11782,WHITE,B5,CastellaBot
11783,WHITE,C3,CastellaBot
11784,WHITE,C4,CastellaBot
11785,WHITE,C6,CastellaBot
11786,WHITE,D1,CastellaBot
11787,WHITE,D2,CastellaBot
11788,BLACK,C2,Human
11789,WHITE,B1,CastellaBot
11790,WHITE,C3,CastellaBot
11791,BLACK,C3,Human
11792,WHITE,B2,CastellaBot
11793,WHITE,B3,CastellaBot
11794,WHITE,C2,CastellaBot
11795,WHITE,C4,CastellaBot
11796,BLACK,C4,Human
11797,WHITE,B3,CastellaBot
11798,WHITE,B5,CastellaBot
11799,WHITE,C2,CastellaBot
11800,WHITE,C3,CastellaBot
11801,BLACK,D1,Human
11802,WHITE,C1,CastellaBot
11803,WHITE,C3,CastellaBot
11804,WHITE,C4,CastellaBot
11805,WHITE,C6,CastellaBot
11806,WHITE,D2,CastellaBot
11807,BLACK,D2,Human
11808,WHITE,C1,CastellaBot
11809,BLACK,D7,Human
11810,WHITE,C3,CastellaBot
11811,BLACK,E7,Human
11812,WHITE,C3,CastellaBot
11813,WHITE,C4,CastellaBot
11814,WHITE,C6,CastellaBot
11815,BLACK,F7,Human
11816,WHITE,C3,CastellaBot
11817,WHITE,C4,CastellaBot
11818,WHITE,C6,CastellaBot
11819,WHITE,D1,CastellaBot
11820,WHITE,D2,CastellaBot
11821,WHITE,D7,CastellaBot
11822,WHITE,E7,CastellaBot
11823,WHITE,F8,CastellaBot
11824,BLACK,G5,Human
11825,WHITE,C3,CastellaBot
11826,WHITE,C4,CastellaBot
11827,WHITE,C6,CastellaBot
11828,WHITE,D1,CastellaBot
11829,WHITE,D2,CastellaBot
11830,WHITE,G6,CastellaBot
11831,WHITE,H5,CastellaBot
11832,BLACK,G6,Human
11833,WHITE,C3,CastellaBot
11834,BLACK,G7,Human
11835,WHITE,C4,CastellaBot
11836,BLACK,H5,Human
11837,WHITE,C3,CastellaBot
11838,WHITE,C4,CastellaBot
11839,WHITE,C6,CastellaBot
11840,WHITE,D2,CastellaBot
11841,WHITE,G5,CastellaBot
11842,WHITE,H6,CastellaBot
11843,WHITE,B5,CastellaBot
11844,BLACK,B6,Human
11845,WHITE,B4,CastellaBot
11846,WHITE,B7,CastellaBot
11847,WHITE,C3,CastellaBot
11848,WHITE,C4,CastellaBot
11849,WHITE,D1,CastellaBot
11850,WHITE,D2,CastellaBot
11851,BLACK,C2,Human
11852,WHITE,B1,CastellaBot
11853,WHITE,C3,CastellaBot
11854,BLACK,C3,Human
11855,WHITE,B2,CastellaBot
11856,WHITE,B3,CastellaBot
11857,WHITE,C2,CastellaBot
11858,WHITE,C4,CastellaBot
11859,BLACK,C4,Human
11860,WHITE,B3,CastellaBot
11861,WHITE,B4,CastellaBot
11862,BLACK,C6,Human
11863,WHITE,B6,CastellaBot
11864,WHITE,B7,CastellaBot
11865,WHITE,C3,CastellaBot
11866,WHITE,C4,CastellaBot
11867,BLACK,D1,Human
11868,WHITE,C1,CastellaBot
11869,WHITE,C3,CastellaBot
11870,WHITE,C4,CastellaBot
11871,WHITE,D2,CastellaBot
11872,BLACK,D2,Human
11873,WHITE,C1,CastellaBot
11874,BLACK,D7,Human
11875,WHITE,C3,CastellaBot
11876,WHITE,C4,CastellaBot
11877,BLACK,E7,Human
11878,WHITE,C3,CastellaBot
11879,BLACK,F7,Human
11880,WHITE,C3,CastellaBot
11881,WHITE,C4,CastellaBot
11882,WHITE,D1,CastellaBot
11883,WHITE,D2,CastellaBot
11884,WHITE,F8,CastellaBot
11885,BLACK,G5,Human
11886,WHITE,C3,CastellaBot
11887,WHITE,C4,CastellaBot
11888,BLACK,G6,Human
11889,WHITE,C3,CastellaBot
11890,BLACK,G7,Human
11891,WHITE,C4,CastellaBot
11892,BLACK,H5,Human
11893,WHITE,C3,CastellaBot
11894,WHITE,C4,CastellaBot
11895,WHITE,D2,CastellaBot
11896,WHITE,G5,CastellaBot
11897,WHITE,H6,CastellaBot
11898,WHITE,C3,CastellaBot
11899,BLACK,B3,Human
11900,WHITE,A3,CastellaBot
11901,WHITE,B2,CastellaBot
11902,WHITE,B4,CastellaBot
11903,WHITE,B5,CastellaBot
11904,WHITE,B6,CastellaBot
11905,WHITE,C2,CastellaBot
11906,WHITE,C4,CastellaBot
11907,WHITE,C6,CastellaBot
11908,WHITE,D1,CastellaBot
11909,WHITE,D2,CastellaBot
11910,BLACK,C2,Human
11911,WHITE,B1,CastellaBot
11912,WHITE,B4,CastellaBot
11913,WHITE,B5,CastellaBot
11914,WHITE,B6,CastellaBot
11915,WHITE,C1,CastellaBot
11916,WHITE,C4,CastellaBot
11917,WHITE,C6,CastellaBot
11918,WHITE,D1,CastellaBot
11919,WHITE,D2,CastellaBot
11920,BLACK,C4,Human
11921,WHITE,B3,CastellaBot
11922,WHITE,B4,CastellaBot
11923,WHITE,B5,CastellaBot
11924,WHITE,C2,CastellaBot
11925,WHITE,C6,CastellaBot
11926,WHITE,D1,CastellaBot
11927,WHITE,D2,CastellaBot
11928,BLACK,D1,Human
11929,WHITE,B4,CastellaBot
11930,WHITE,B5,CastellaBot
11931,WHITE,B6,CastellaBot
11932,WHITE,C1,CastellaBot
11933,WHITE,C4,CastellaBot
11934,WHITE,C6,CastellaBot
11935,WHITE,D2,CastellaBot
11936,BLACK,D2,Human
11937,WHITE,B4,CastellaBot
11938,WHITE,B5,CastellaBot
11939,WHITE,C1,CastellaBot
11940,WHITE,C2,CastellaBot
11941,WHITE,C4,CastellaBot
11942,BLACK,D7,Human
11943,WHITE,B5,CastellaBot
11944,WHITE,B6,CastellaBot
11945,WHITE,C4,CastellaBot
11946,WHITE,C6,CastellaBot
11947,BLACK,E7,Human
11948,WHITE,B5,CastellaBot
11949,WHITE,B6,CastellaBot
11950,WHITE,C6,CastellaBot
11951,BLACK,F7,Human
11952,WHITE,B4,CastellaBot
11953,WHITE,B5,CastellaBot
11954,WHITE,B6,CastellaBot
11955,WHITE,C6,CastellaBot
11956,WHITE,D1,CastellaBot
11957,WHITE,D2,CastellaBot
11958,WHITE,D7,CastellaBot
11959,WHITE,E7,CastellaBot
11960,WHITE,F8,CastellaBot
11961,WHITE,G5,CastellaBot
11962,WHITE,G6,CastellaBot
11963,WHITE,G7,CastellaBot
11964,BLACK,G5,Human
11965,WHITE,B4,CastellaBot
11966,WHITE,B6,CastellaBot
11967,WHITE,C4,CastellaBot
11968,WHITE,C6,CastellaBot
11969,WHITE,D1,CastellaBot
11970,WHITE,D2,CastellaBot
11971,WHITE,G6,CastellaBot
11972,WHITE,H5,CastellaBot
11973,BLACK,G6,Human
11974,WHITE,B4,CastellaBot
11975,BLACK,H5,Human
11976,WHITE,B4,CastellaBot
11977,WHITE,B5,CastellaBot
11978,WHITE,B6,CastellaBot
11979,WHITE,C4,CastellaBot
11980,WHITE,C6,CastellaBot
11981,WHITE,C4,CastellaBot
11982,BLACK,B5,Human
11983,WHITE,A5,CastellaBot
11984,WHITE,A6,CastellaBot
11985,WHITE,B3,CastellaBot
11986,WHITE,B4,CastellaBot
11987,WHITE,B6,CastellaBot
11988,WHITE,C2,CastellaBot
11989,WHITE,C3,CastellaBot
11990,WHITE,D1,CastellaBot
11991,WHITE,D2,CastellaBot
11992,BLACK,C3,Human
11993,WHITE,B2,CastellaBot
11994,WHITE,B3,CastellaBot
11995,BLACK,C6,Human
11996,WHITE,B4,CastellaBot
11997,WHITE,B5,CastellaBot
11998,WHITE,B6,CastellaBot
11999,WHITE,B7,CastellaBot
12000,WHITE,C7,CastellaBot
12001,WHITE,D1,CastellaBot
12002,WHITE,D2,CastellaBot
12003,BLACK,D1,Human
12004,WHITE,B4,CastellaBot
12005,WHITE,B5,CastellaBot
12006,WHITE,B6,CastellaBot
12007,WHITE,C1,CastellaBot
12008,BLACK,E7,Human
12009,WHITE,B5,CastellaBot
12010,WHITE,B6,CastellaBot
12011,WHITE,C6,CastellaBot
12012,BLACK,F7,Human
12013,WHITE,B4,CastellaBot
12014,WHITE,B5,CastellaBot
12015,WHITE,B6,CastellaBot
12016,WHITE,C6,CastellaBot
12017,WHITE,D1,CastellaBot
12018,WHITE,D2,CastellaBot
12019,WHITE,F8,CastellaBot
12020,BLACK,G5,Human
12021,WHITE,B4,CastellaBot
12022,WHITE,B6,CastellaBot
12023,WHITE,C6,CastellaBot
12024,WHITE,D1,CastellaBot
12025,WHITE,D2,CastellaBot
12026,WHITE,G6,CastellaBot
12027,WHITE,H5,CastellaBot
12028,BLACK,H5,Human
12029,WHITE,B4,CastellaBot
12030,WHITE,C6,CastellaBot
12031,BLACK,B7,Human
12032,WHITE,A8,CastellaBot
12033,WHITE,B4,CastellaBot
12034,WHITE,B5,CastellaBot
12035,WHITE,B6,CastellaBot
12036,WHITE,C3,CastellaBot
12037,WHITE,C4,CastellaBot
12038,WHITE,D1,CastellaBot
12039,WHITE,D2,CastellaBot
12040,BLACK,C3,Human
12041,WHITE,B2,CastellaBot
12042,WHITE,B3,CastellaBot
12043,BLACK,C4,Human
12044,WHITE,B3,CastellaBot
12045,WHITE,B4,CastellaBot
12046,WHITE,B5,CastellaBot
12047,WHITE,C2,CastellaBot
12048,WHITE,C3,CastellaBot
12049,BLACK,C7,Human
12050,WHITE,B4,CastellaBot
12051,WHITE,B5,CastellaBot
12052,WHITE,B6,CastellaBot
12053,WHITE,B7,CastellaBot
12054,WHITE,B8,CastellaBot
12055,WHITE,C3,CastellaBot
12056,WHITE,C4,CastellaBot
12057,WHITE,D1,CastellaBot
12058,WHITE,D2,CastellaBot
12059,BLACK,D1,Human
12060,WHITE,B4,CastellaBot
12061,WHITE,B5,CastellaBot
12062,WHITE,C1,CastellaBot
12063,BLACK,D2,Human
12064,WHITE,B4,CastellaBot
12065,WHITE,B5,CastellaBot
12066,WHITE,C1,CastellaBot
12067,BLACK,D7,Human
12068,WHITE,B5,CastellaBot
12069,WHITE,C3,CastellaBot
12070,WHITE,C4,CastellaBot
12071,BLACK,E7,Human
12072,WHITE,B5,CastellaBot
12073,WHITE,C3,CastellaBot
12074,WHITE,C4,CastellaBot
12075,WHITE,C7,CastellaBot
12076,WHITE,D1,CastellaBot
12077,WHITE,D2,CastellaBot
12078,WHITE,D7,CastellaBot
12079,WHITE,D8,CastellaBot
12080,WHITE,E8,CastellaBot
12081,BLACK,F7,Human
12082,WHITE,B4,CastellaBot
12083,WHITE,B5,CastellaBot
12084,WHITE,C3,CastellaBot
12085,WHITE,C4,CastellaBot
12086,WHITE,D1,CastellaBot
12087,WHITE,D2,CastellaBot
12088,WHITE,F8,CastellaBot
12089,BLACK,G5,Human
12090,WHITE,B4,CastellaBot
12091,WHITE,C3,CastellaBot
12092,WHITE,C4,CastellaBot
12093,WHITE,D1,CastellaBot
12094,WHITE,D2,CastellaBot
12095,WHITE,G6,CastellaBot
12096,WHITE,H5,CastellaBot
12097,BLACK,G7,Human
12098,WHITE,B4,CastellaBot
12099,BLACK,H5,Human
12100,WHITE,B4,CastellaBot
12101,WHITE,B5,CastellaBot
12102,WHITE,C3,CastellaBot
12103,WHITE,D1,CastellaBot
12104,BLACK,C1,Human
12105,WHITE,B1,CastellaBot
12106,WHITE,B4,CastellaBot
12107,WHITE,B5,CastellaBot
12108,WHITE,C3,CastellaBot
12109,WHITE,C4,CastellaBot
12110,WHITE,C6,CastellaBot
12111,WHITE,D2,CastellaBot
12112,BLACK,C2,Human
12113,WHITE,B1,CastellaBot
12114,BLACK,C3,Human
12115,WHITE,B2,CastellaBot
12116,WHITE,B3,CastellaBot
12117,BLACK,D2,Human
12118,WHITE,B4,CastellaBot
12119,WHITE,B5,CastellaBot
12120,WHITE,C1,CastellaBot
12121,BLACK,D7,Human
12122,WHITE,B5,CastellaBot
12123,BLACK,E7,Human
12124,WHITE,B5,CastellaBot
12125,WHITE,C3,CastellaBot
12126,WHITE,C4,CastellaBot
12127,WHITE,C6,CastellaBot
12128,BLACK,F7,Human
12129,WHITE,B4,CastellaBot
12130,WHITE,B5,CastellaBot
12131,WHITE,C3,CastellaBot
12132,WHITE,C4,CastellaBot
12133,WHITE,C6,CastellaBot
12134,WHITE,D7,CastellaBot
12135,WHITE,E7,CastellaBot
12136,WHITE,F8,CastellaBot
12137,BLACK,G5,Human
12138,WHITE,B4,CastellaBot
12139,WHITE,C3,CastellaBot
12140,WHITE,C4,CastellaBot
12141,BLACK,G6,Human
12142,WHITE,B4,CastellaBot
12143,WHITE,B5,CastellaBot
12144,BLACK,G7,Human
12145,WHITE,B4,CastellaBot
12146,WHITE,B5,CastellaBot
12147,WHITE,D2,CastellaBot
12148,BLACK,C2,Human
12149,WHITE,B1,CastellaBot
12150,WHITE,B2,CastellaBot
12151,WHITE,B4,CastellaBot
12152,WHITE,B5,CastellaBot
12153,WHITE,B6,CastellaBot
12154,WHITE,C3,CastellaBot
12155,WHITE,C4,CastellaBot
12156,WHITE,C6,CastellaBot
12157,BLACK,D1,Human
12158,WHITE,B4,CastellaBot
12159,WHITE,B5,CastellaBot
12160,WHITE,B6,CastellaBot
12161,WHITE,C1,CastellaBot
12162,WHITE,C2,CastellaBot
12163,WHITE,C3,CastellaBot
12164,WHITE,C4,CastellaBot
12165,WHITE,C6,CastellaBot
12166,BLACK,D7,Human
12167,WHITE,B5,CastellaBot
12168,BLACK,E7,Human
12169,WHITE,B5,CastellaBot
12170,WHITE,B6,CastellaBot
12171,WHITE,C3,CastellaBot
12172,WHITE,C4,CastellaBot
12173,WHITE,C6,CastellaBot
12174,BLACK,F7,Human
12175,WHITE,B4,CastellaBot
12176,WHITE,B5,CastellaBot
12177,BLACK,G5,Human
12178,WHITE,B4,CastellaBot
12179,WHITE,B6,CastellaBot
12180,BLACK,G6,Human
12181,WHITE,B4,CastellaBot
12182,WHITE,B5,CastellaBot
12183,WHITE,B6,CastellaBot
12184,WHITE,C3,CastellaBot
12185,BLACK,G7,Human
12186,WHITE,B4,CastellaBot
12187,WHITE,B5,CastellaBot
12188,WHITE,D1,CastellaBot
12189,BLACK,D2,Human
12190,WHITE,B4,CastellaBot
12191,BLACK,B5,Human
12192,WHITE,A5,CastellaBot
12193,WHITE,B6,CastellaBot
12194,WHITE,C1,CastellaBot
12195,WHITE,C2,CastellaBot
12196,WHITE,C3,CastellaBot
12197,WHITE,C4,CastellaBot
12198,WHITE,C6,CastellaBot
12199,BLACK,B6,Human
12200,WHITE,B5,CastellaBot
12201,WHITE,C1,CastellaBot
12202,WHITE,C2,CastellaBot
12203,WHITE,C3,CastellaBot
12204,WHITE,C4,CastellaBot
12205,BLACK,C1,Human
12206,WHITE,B1,CastellaBot
12207,WHITE,C2,CastellaBot
12208,WHITE,C3,CastellaBot
12209,WHITE,C4,CastellaBot
12210,WHITE,C6,CastellaBot
12211,BLACK,D7,Human
12212,WHITE,C1,CastellaBot
12213,BLACK,E7,Human
12214,WHITE,C1,CastellaBot
12215,BLACK,F7,Human
12216,WHITE,C2,CastellaBot
12217,WHITE,C3,CastellaBot
12218,WHITE,C4,CastellaBot
12219,WHITE,C6,CastellaBot
12220,WHITE,D7,CastellaBot
12221,WHITE,E7,CastellaBot
12222,WHITE,F8,CastellaBot
12223,BLACK,G5,Human
12224,WHITE,C2,CastellaBot
12225,WHITE,C3,CastellaBot
12226,BLACK,G6,Human
12227,WHITE,C1,CastellaBot
12228,BLACK,G7,Human
12229,WHITE,C1,CastellaBot
12230,BLACK,H5,Human
12231,WHITE,C1,CastellaBot
12232,WHITE,C2,CastellaBot
12233,WHITE,C3,CastellaBot
12234,WHITE,B5,CastellaBot
12235,BLACK,B6,Human
12236,WHITE,B4,CastellaBot
12237,WHITE,B7,CastellaBot
12238,WHITE,C1,CastellaBot
12239,WHITE,C2,CastellaBot
12240,WHITE,C3,CastellaBot
12241,WHITE,C4,CastellaBot
12242,BLACK,C1,Human
12243,WHITE,B1,CastellaBot
12244,WHITE,C2,CastellaBot
12245,WHITE,C3,CastellaBot
12246,WHITE,C4,CastellaBot
12247,BLACK,C6,Human
12248,WHITE,B6,CastellaBot
12249,BLACK,D7,Human
12250,WHITE,C1,CastellaBot
12251,BLACK,E7,Human
12252,WHITE,C1,CastellaBot
12253,BLACK,F7,Human
12254,WHITE,C2,CastellaBot
12255,WHITE,C3,CastellaBot
12256,WHITE,C4,CastellaBot
12257,WHITE,F8,CastellaBot
12258,BLACK,G5,Human
12259,WHITE,C2,CastellaBot
12260,WHITE,C3,CastellaBot
12261,BLACK,G6,Human
12262,WHITE,C1,CastellaBot
12263,BLACK,G7,Human
12264,WHITE,C1,CastellaBot
12265,BLACK,H5,Human
12266,WHITE,C1,CastellaBot
12267,WHITE,C1,CastellaBot
12268,BLACK,B1,Human
12269,WHITE,A1,CastellaBot
12270,WHITE,B4,CastellaBot
12271,WHITE,B5,CastellaBot
12272,WHITE,B6,CastellaBot
12273,WHITE,C2,CastellaBot
12274,WHITE,C3,CastellaBot
12275,WHITE,C4,CastellaBot
12276,WHITE,C6,CastellaBot
12277,BLACK,C2,Human
12278,WHITE,B1,CastellaBot
12279,WHITE,B2,CastellaBot
12280,WHITE,B3,CastellaBot
12281,WHITE,B4,CastellaBot
12282,WHITE,B5,CastellaBot
12283,WHITE,B6,CastellaBot
12284,WHITE,C3,CastellaBot
12285,WHITE,C4,CastellaBot
12286,WHITE,C6,CastellaBot
12287,BLACK,D7,Human
12288,WHITE,B5,CastellaBot
12289,WHITE,B6,CastellaBot
12290,WHITE,C2,CastellaBot
12291,WHITE,C3,CastellaBot
12292,WHITE,C4,CastellaBot
12293,WHITE,C6,CastellaBot
12294,WHITE,C7,CastellaBot
12295,WHITE,C8,CastellaBot
12296,WHITE,D8,CastellaBot
12297,BLACK,E7,Human
12298,WHITE,B5,CastellaBot
12299,WHITE,B6,CastellaBot
12300,WHITE,C2,CastellaBot
12301,WHITE,C3,CastellaBot
12302,WHITE,C4,CastellaBot
12303,WHITE,C6,CastellaBot
12304,WHITE,C7,CastellaBot
12305,WHITE,D7,CastellaBot
12306,WHITE,D8,CastellaBot
12307,WHITE,E8,CastellaBot
12308,BLACK,F7,Human
12309,WHITE,B4,CastellaBot
12310,WHITE,B5,CastellaBot
12311,WHITE,B6,CastellaBot
12312,WHITE,C3,CastellaBot
12313,WHITE,C4,CastellaBot
12314,WHITE,C6,CastellaBot
12315,WHITE,D7,CastellaBot
12316,WHITE,E7,CastellaBot
12317,WHITE,F8,CastellaBot
12318,WHITE,G5,CastellaBot
12319,WHITE,G6,CastellaBot
12320,WHITE,G7,CastellaBot
12321,BLACK,G5,Human
12322,WHITE,B4,CastellaBot
12323,WHITE,B6,CastellaBot
12324,WHITE,C3,CastellaBot
12325,BLACK,G6,Human
12326,WHITE,B4,CastellaBot
12327,WHITE,B5,CastellaBot
12328,WHITE,B6,CastellaBot
12329,WHITE,C3,CastellaBot
12330,BLACK,G7,Human
12331,WHITE,B4,CastellaBot
12332,WHITE,B5,CastellaBot
12333,BLACK,H5,Human
12334,WHITE,B4,CastellaBot
12335,WHITE,B5,CastellaBot
12336,WHITE,B6,CastellaBot
12337,WHITE,C2,CastellaBot
12338,WHITE,C3,CastellaBot
12339,WHITE,C4,CastellaBot
12340,WHITE,C2,CastellaBot
12341,BLACK,C1,Human
12342,WHITE,B1,CastellaBot
12343,WHITE,B4,CastellaBot
12344,WHITE,B5,CastellaBot
12345,WHITE,B6,CastellaBot
12346,WHITE,C3,CastellaBot
12347,WHITE,C4,CastellaBot
12348,WHITE,C6,CastellaBot
12349,BLACK,C3,Human
12350,WHITE,B2,CastellaBot
12351,WHITE,B3,CastellaBot
12352,BLACK,D7,Human
12353,WHITE,B5,CastellaBot
12354,BLACK,E7,Human
12355,WHITE,B5,CastellaBot
12356,WHITE,B6,CastellaBot
12357,WHITE,C3,CastellaBot
12358,WHITE,C4,CastellaBot
12359,WHITE,C6,CastellaBot
12360,BLACK,F7,Human
12361,WHITE,B4,CastellaBot
12362,BLACK,G5,Human
12363,WHITE,B4,CastellaBot
12364,WHITE,B6,CastellaBot
12365,BLACK,G7,Human
12366,WHITE,B4,CastellaBot
12367,WHITE,B5,CastellaBot
12368,WHITE,C3,CastellaBot
12369,BLACK,C1,Human
12370,WHITE,B1,CastellaBot
12371,WHITE,B4,CastellaBot
12372,WHITE,B5,CastellaBot
12373,WHITE,B6,CastellaBot
12374,WHITE,C4,CastellaBot
12375,WHITE,C6,CastellaBot
12376,BLACK,C2,Human
12377,WHITE,B1,CastellaBot
12378,BLACK,C4,Human
12379,WHITE,B3,CastellaBot
12380,WHITE,B4,CastellaBot
12381,BLACK,D7,Human
12382,WHITE,B5,CastellaBot
12383,BLACK,E7,Human
12384,WHITE,B5,CastellaBot
12385,WHITE,B6,CastellaBot
12386,WHITE,C6,CastellaBot
12387,BLACK,F7,Human
12388,WHITE,B4,CastellaBot
12389,WHITE,B5,CastellaBot
12390,WHITE,B6,CastellaBot
12391,WHITE,C6,CastellaBot
12392,WHITE,D7,CastellaBot
12393,WHITE,E7,CastellaBot
12394,WHITE,F8,CastellaBot
12395,BLACK,G5,Human
12396,WHITE,B4,CastellaBot
12397,WHITE,B6,CastellaBot
12398,WHITE,C4,CastellaBot
12399,WHITE,C6,CastellaBot
12400,WHITE,G6,CastellaBot
12401,WHITE,H5,CastellaBot
12402,WHITE,H6,CastellaBot
12403,BLACK,G6,Human
12404,WHITE,B4,CastellaBot
12405,WHITE,B5,CastellaBot
12406,BLACK,H5,Human
12407,WHITE,B4,CastellaBot
12408,WHITE,B5,CastellaBot
12409,WHITE,B6,CastellaBot
12410,WHITE,C4,CastellaBot
12411,WHITE,C6,CastellaBot
12412,WHITE,G5,CastellaBot
12413,WHITE,H6,CastellaBot
12414,WHITE,C4,CastellaBot
12415,BLACK,C1,Human
12416,WHITE,B1,CastellaBot
12417,WHITE,B4,CastellaBot
12418,WHITE,B5,CastellaBot
12419,WHITE,B6,CastellaBot
12420,WHITE,C2,CastellaBot
12421,WHITE,C6,CastellaBot
12422,BLACK,C3,Human
12423,WHITE,B2,CastellaBot
12424,WHITE,B3,CastellaBot
12425,BLACK,C6,Human
12426,WHITE,B4,CastellaBot
12427,WHITE,B5,CastellaBot
12428,WHITE,B6,CastellaBot
12429,WHITE,B7,CastellaBot
12430,WHITE,C1,CastellaBot
12431,WHITE,C2,CastellaBot
12432,WHITE,C3,CastellaBot
12433,WHITE,C7,CastellaBot
12434,BLACK,D7,Human
12435,WHITE,B5,CastellaBot
12436,BLACK,E7,Human
12437,WHITE,B5,CastellaBot
12438,WHITE,B6,CastellaBot
12439,WHITE,C1,CastellaBot
12440,BLACK,F7,Human
12441,WHITE,B4,CastellaBot
12442,WHITE,B5,CastellaBot
12443,WHITE,B6,CastellaBot
12444,WHITE,C2,CastellaBot
12445,WHITE,C3,CastellaBot
12446,WHITE,C6,CastellaBot
12447,WHITE,F8,CastellaBot
12448,BLACK,G5,Human
12449,WHITE,B4,CastellaBot
12450,WHITE,B6,CastellaBot
12451,WHITE,C2,CastellaBot
12452,WHITE,C3,CastellaBot
12453,WHITE,C6,CastellaBot
12454,WHITE,G6,CastellaBot
12455,WHITE,H5,CastellaBot
12456,WHITE,C6,CastellaBot
12457,BLACK,B7,Human
12458,WHITE,A8,CastellaBot
12459,WHITE,B4,CastellaBot
12460,WHITE,B5,CastellaBot
12461,WHITE,B6,CastellaBot
12462,WHITE,C1,CastellaBot
12463,WHITE,C2,CastellaBot
12464,WHITE,C3,CastellaBot
12465,WHITE,C4,CastellaBot
12466,BLACK,C1,Human
12467,WHITE,B1,CastellaBot
12468,WHITE,B4,CastellaBot
12469,WHITE,B5,CastellaBot
12470,WHITE,C2,CastellaBot
12471,WHITE,C3,CastellaBot
12472,WHITE,C4,CastellaBot
12473,BLACK,C7,Human
12474,WHITE,B4,CastellaBot
12475,WHITE,B5,CastellaBot
12476,WHITE,B6,CastellaBot
12477,BLACK,D7,Human
12478,WHITE,B5,CastellaBot
12479,BLACK,E7,Human
12480,WHITE,B5,CastellaBot
12481,WHITE,C1,CastellaBot
12482,WHITE,C2,CastellaBot
12483,WHITE,C3,CastellaBot
12484,BLACK,F7,Human
12485,WHITE,B4,CastellaBot
12486,WHITE,B5,CastellaBot
12487,WHITE,C2,CastellaBot
12488,WHITE,C3,CastellaBot
12489,BLACK,G5,Human
12490,WHITE,B4,CastellaBot
12491,WHITE,C2,CastellaBot
12492,WHITE,C3,CastellaBot
12493,BLACK,G6,Human
12494,WHITE,B4,CastellaBot
12495,WHITE,B5,CastellaBot
12496,WHITE,C1,CastellaBot
12497,BLACK,G7,Human
12498,WHITE,B4,CastellaBot
12499,WHITE,B5,CastellaBot
12500,WHITE,C1,CastellaBot
12501,BLACK,H5,Human
12502,WHITE,B4,CastellaBot
12503,WHITE,B5,CastellaBot
12504,WHITE,C1,CastellaBot
12505,WHITE,C2,CastellaBot
12506,WHITE,C3,CastellaBot
12507,WHITE,C1,CastellaBot
12508,BLACK,G5,Human
12509,WHITE,B4,CastellaBot
12510,BLACK,B1,Human
12511,WHITE,A1,CastellaBot
12512,WHITE,C3,CastellaBot
12513,WHITE,C4,CastellaBot
12514,WHITE,C6,CastellaBot
12515,WHITE,H5,CastellaBot
12516,WHITE,H6,CastellaBot
12517,BLACK,B5,Human
12518,WHITE,B6,CastellaBot
12519,WHITE,C3,CastellaBot
12520,WHITE,C4,CastellaBot
12521,WHITE,C6,CastellaBot
12522,WHITE,H5,CastellaBot
12523,WHITE,H6,CastellaBot
12524,BLACK,B6,Human
12525,WHITE,A7,CastellaBot
12526,WHITE,C3,CastellaBot
12527,WHITE,C4,CastellaBot
12528,BLACK,C2,Human
12529,WHITE,B2,CastellaBot
12530,WHITE,B3,CastellaBot
12531,WHITE,C3,CastellaBot
12532,BLACK,C7,Human
12533,WHITE,B8,CastellaBot
12534,WHITE,C3,CastellaBot
12535,WHITE,C4,CastellaBot
12536,WHITE,C6,CastellaBot
12537,WHITE,D7,CastellaBot
12538,WHITE,E7,CastellaBot
12539,WHITE,H5,CastellaBot
12540,BLACK,D7,Human
12541,WHITE,C3,CastellaBot
12542,WHITE,C4,CastellaBot
12543,WHITE,C6,CastellaBot
12544,BLACK,E7,Human
12545,WHITE,C3,CastellaBot
12546,WHITE,C4,CastellaBot
12547,WHITE,C6,CastellaBot
12548,WHITE,D7,CastellaBot
12549,WHITE,D8,CastellaBot
12550,WHITE,E8,CastellaBot
12551,WHITE,F7,CastellaBot
12552,WHITE,F8,CastellaBot
12553,WHITE,G6,CastellaBot
12554,WHITE,H5,CastellaBot
12555,WHITE,H6,CastellaBot
12556,BLACK,F7,Human
12557,WHITE,C3,CastellaBot
12558,WHITE,C4,CastellaBot
12559,WHITE,C6,CastellaBot
12560,WHITE,D7,CastellaBot
12561,WHITE,E7,CastellaBot
12562,BLACK,G7,Human
12563,WHITE,C3,CastellaBot
12564,WHITE,C4,CastellaBot
12565,WHITE,B6,CastellaBot
12566,BLACK,A7,Human
12567,WHITE,B4,CastellaBot
12568,WHITE,C3,CastellaBot
12569,WHITE,C4,CastellaBot
12570,WHITE,C6,CastellaBot
12571,WHITE,H5,CastellaBot
12572,WHITE,H6,CastellaBot
12573,BLACK,B1,Human
12574,WHITE,A1,CastellaBot
12575,BLACK,B5,Human
12576,WHITE,B4,CastellaBot
12577,WHITE,C3,CastellaBot
12578,WHITE,C4,CastellaBot
12579,WHITE,C6,CastellaBot
12580,WHITE,H5,CastellaBot
12581,WHITE,H6,CastellaBot
12582,BLACK,C2,Human
12583,WHITE,B2,CastellaBot
12584,WHITE,B3,CastellaBot
12585,WHITE,C3,CastellaBot
12586,BLACK,C3,Human
12587,WHITE,B2,CastellaBot
12588,WHITE,B3,CastellaBot
12589,WHITE,B4,CastellaBot
12590,WHITE,C4,CastellaBot
12591,BLACK,C4,Human
12592,WHITE,B3,CastellaBot
12593,WHITE,B4,CastellaBot
12594,WHITE,B5,CastellaBot
12595,WHITE,C3,CastellaBot
12596,BLACK,C7,Human
12597,WHITE,B8,CastellaBot
12598,WHITE,C3,CastellaBot
12599,WHITE,C4,CastellaBot
12600,WHITE,C6,CastellaBot
12601,BLACK,D7,Human
12602,WHITE,C3,CastellaBot
12603,WHITE,C4,CastellaBot
12604,WHITE,C6,CastellaBot
12605,BLACK,E7,Human
12606,WHITE,C3,CastellaBot
12607,WHITE,C4,CastellaBot
12608,WHITE,C6,CastellaBot
12609,WHITE,D7,CastellaBot
12610,WHITE,D8,CastellaBot
12611,WHITE,E8,CastellaBot
12612,WHITE,F7,CastellaBot
12613,WHITE,F8,CastellaBot
12614,WHITE,G6,CastellaBot
12615,WHITE,G7,CastellaBot
12616,WHITE,H5,CastellaBot
12617,WHITE,H6,CastellaBot
12618,BLACK,F7,Human
12619,WHITE,C3,CastellaBot
12620,WHITE,C4,CastellaBot
12621,WHITE,C6,CastellaBot
12622,WHITE,D7,CastellaBot
12623,WHITE,E7,CastellaBot
12624,BLACK,G7,Human
12625,WHITE,C3,CastellaBot
12626,WHITE,C4,CastellaBot
12627,WHITE,C3,CastellaBot
12628,BLACK,B1,Human
12629,WHITE,A1,CastellaBot
12630,WHITE,B4,CastellaBot
12631,WHITE,B5,CastellaBot
12632,WHITE,B6,CastellaBot
12633,WHITE,C4,CastellaBot
12634,WHITE,C6,CastellaBot
12635,WHITE,G6,CastellaBot
12636,WHITE,H5,CastellaBot
12637,WHITE,H6,CastellaBot
12638,BLACK,B3,Human
12639,WHITE,A3,CastellaBot
12640,WHITE,B2,CastellaBot
12641,WHITE,B4,CastellaBot
12642,WHITE,B5,CastellaBot
12643,WHITE,B6,CastellaBot
12644,WHITE,C4,CastellaBot
12645,WHITE,C6,CastellaBot
12646,WHITE,H5,CastellaBot
12647,WHITE,H6,CastellaBot
12648,BLACK,C2,Human
12649,WHITE,B2,CastellaBot
12650,WHITE,B3,CastellaBot
12651,WHITE,B4,CastellaBot
12652,WHITE,B5,CastellaBot
12653,WHITE,B6,CastellaBot
12654,WHITE,C4,CastellaBot
12655,WHITE,C6,CastellaBot
12656,WHITE,H5,CastellaBot
12657,WHITE,H6,CastellaBot
12658,BLACK,C4,Human
12659,WHITE,B3,CastellaBot
12660,WHITE,B4,CastellaBot
12661,WHITE,B5,CastellaBot
12662,WHITE,B6,CastellaBot
12663,WHITE,C6,CastellaBot
12664,WHITE,H5,CastellaBot
12665,WHITE,H6,CastellaBot
12666,BLACK,C7,Human
12667,WHITE,B6,CastellaBot
12668,WHITE,B8,CastellaBot
12669,BLACK,D7,Human
12670,WHITE,B5,CastellaBot
12671,WHITE,B6,CastellaBot
12672,WHITE,C6,CastellaBot
12673,BLACK,E7,Human
12674,WHITE,B6,CastellaBot
12675,WHITE,C6,CastellaBot
12676,WHITE,C7,CastellaBot
12677,WHITE,D7,CastellaBot
12678,WHITE,D8,CastellaBot
12679,WHITE,E8,CastellaBot
12680,WHITE,F7,CastellaBot
12681,WHITE,G6,CastellaBot
12682,WHITE,G7,CastellaBot
12683,WHITE,H5,CastellaBot
12684,WHITE,H6,CastellaBot
12685,BLACK,F7,Human
12686,WHITE,B4,CastellaBot
12687,WHITE,B5,CastellaBot
12688,WHITE,B6,CastellaBot
12689,WHITE,C6,CastellaBot
12690,WHITE,C4,CastellaBot
12691,BLACK,B1,Human
12692,WHITE,A1,CastellaBot
12693,WHITE,B4,CastellaBot
12694,WHITE,B5,CastellaBot
12695,WHITE,B6,CastellaBot
12696,WHITE,C6,CastellaBot
12697,WHITE,G6,CastellaBot
12698,WHITE,H5,CastellaBot
12699,WHITE,H6,CastellaBot
12700,BLACK,B4,Human
12701,WHITE,A3,CastellaBot
12702,WHITE,A4,CastellaBot
12703,WHITE,B3,CastellaBot
12704,WHITE,B5,CastellaBot
12705,WHITE,B6,CastellaBot
12706,WHITE,C3,CastellaBot
12707,WHITE,G6,CastellaBot
12708,WHITE,H5,CastellaBot
12709,WHITE,H6,CastellaBot
12710,BLACK,C2,Human
12711,WHITE,B2,CastellaBot
12712,WHITE,B3,CastellaBot
12713,WHITE,B4,CastellaBot
12714,WHITE,B5,CastellaBot
12715,WHITE,B6,CastellaBot
12716,WHITE,C3,CastellaBot
12717,WHITE,C6,CastellaBot
12718,WHITE,H5,CastellaBot
12719,WHITE,H6,CastellaBot
12720,BLACK,C3,Human
12721,WHITE,B2,CastellaBot
12722,WHITE,B3,CastellaBot
12723,BLACK,C6,Human
12724,WHITE,B4,CastellaBot
12725,WHITE,B6,CastellaBot
12726,WHITE,B7,CastellaBot
12727,WHITE,C7,CastellaBot
12728,WHITE,G6,CastellaBot
12729,WHITE,H5,CastellaBot
12730,WHITE,H6,CastellaBot
12731,BLACK,C7,Human
12732,WHITE,B5,CastellaBot
12733,BLACK,D7,Human
12734,WHITE,B4,CastellaBot
12735,BLACK,E7,Human
12736,WHITE,B5,CastellaBot
12737,WHITE,B6,CastellaBot
12738,WHITE,C6,CastellaBot
12739,BLACK,F7,Human
12740,WHITE,B4,CastellaBot
12741,BLACK,G7,Human
12742,WHITE,B4,CastellaBot
12743,WHITE,C6,CastellaBot
12744,BLACK,B1,Human
12745,WHITE,A1,CastellaBot
12746,WHITE,B4,CastellaBot
12747,WHITE,B5,CastellaBot
12748,WHITE,B6,CastellaBot
12749,WHITE,C2,CastellaBot
12750,WHITE,C3,CastellaBot
12751,WHITE,C4,CastellaBot
12752,WHITE,G6,CastellaBot
12753,WHITE,H5,CastellaBot
12754,WHITE,H6,CastellaBot
12755,BLACK,B7,Human
12756,WHITE,A8,CastellaBot
12757,WHITE,B4,CastellaBot
12758,WHITE,B6,CastellaBot
12759,WHITE,C3,CastellaBot
12760,WHITE,C4,CastellaBot
12761,WHITE,H5,CastellaBot
12762,WHITE,H6,CastellaBot
12763,BLACK,C2,Human
12764,WHITE,B1,CastellaBot
12765,WHITE,B2,CastellaBot
12766,WHITE,B3,CastellaBot
12767,WHITE,B4,CastellaBot
12768,WHITE,B5,CastellaBot
12769,WHITE,B6,CastellaBot
12770,WHITE,C3,CastellaBot
12771,BLACK,C7,Human
12772,WHITE,B5,CastellaBot
12773,WHITE,B6,CastellaBot
12774,WHITE,B7,CastellaBot
12775,WHITE,B8,CastellaBot
12776,WHITE,C2,CastellaBot
12777,WHITE,C3,CastellaBot
12778,WHITE,C4,CastellaBot
12779,WHITE,D7,CastellaBot
12780,WHITE,G6,CastellaBot
12781,WHITE,H5,CastellaBot
12782,WHITE,H6,CastellaBot
12783,BLACK,D7,Human
12784,WHITE,B6,CastellaBot
12785,WHITE,C2,CastellaBot
12786,WHITE,C3,CastellaBot
12787,WHITE,C4,CastellaBot
12788,WHITE,C7,CastellaBot
12789,WHITE,C8,CastellaBot
12790,WHITE,D8,CastellaBot
12791,WHITE,E7,CastellaBot
12792,WHITE,E8,CastellaBot
12793,WHITE,G6,CastellaBot
12794,WHITE,H5,CastellaBot
12795,WHITE,H6,CastellaBot
12796,BLACK,E7,Human
12797,WHITE,B5,CastellaBot
12798,WHITE,B6,CastellaBot
12799,WHITE,C2,CastellaBot
12800,WHITE,C3,CastellaBot
12801,WHITE,C4,CastellaBot
12802,WHITE,C7,CastellaBot
12803,WHITE,D7,CastellaBot
12804,WHITE,D8,CastellaBot
12805,WHITE,E8,CastellaBot
12806,WHITE,F7,CastellaBot
12807,WHITE,G6,CastellaBot
12808,BLACK,F7,Human
12809,WHITE,B4,CastellaBot
12810,WHITE,B5,CastellaBot
12811,WHITE,B6,CastellaBot
12812,WHITE,C2,CastellaBot
12813,WHITE,C3,CastellaBot
12814,WHITE,C4,CastellaBot
12815,WHITE,E7,CastellaBot
12816,WHITE,F8,CastellaBot
12817,BLACK,G7,Human
12818,WHITE,B4,CastellaBot
12819,WHITE,B5,CastellaBot
12820,WHITE,B6,CastellaBot
12821,WHITE,C2,CastellaBot
12822,WHITE,C3,CastellaBot
12823,WHITE,H5,CastellaBot
12824,BLACK,B1,Human
12825,WHITE,A1,CastellaBot
12826,WHITE,B4,CastellaBot
12827,WHITE,B5,CastellaBot
12828,WHITE,B6,CastellaBot
12829,WHITE,C3,CastellaBot
12830,WHITE,C4,CastellaBot
12831,WHITE,C6,CastellaBot
12832,WHITE,G6,CastellaBot
12833,WHITE,H6,CastellaBot
12834,BLACK,C2,Human
12835,WHITE,B2,CastellaBot
12836,WHITE,B3,CastellaBot
12837,WHITE,B4,CastellaBot
12838,WHITE,B5,CastellaBot
12839,WHITE,B6,CastellaBot
12840,WHITE,C3,CastellaBot
12841,WHITE,C4,CastellaBot
12842,WHITE,C6,CastellaBot
12843,WHITE,G6,CastellaBot
12844,WHITE,H6,CastellaBot
12845,BLACK,C7,Human
12846,WHITE,B5,CastellaBot
12847,WHITE,B6,CastellaBot
12848,WHITE,B8,CastellaBot
12849,WHITE,C3,CastellaBot
12850,WHITE,C4,CastellaBot
12851,WHITE,C6,CastellaBot
12852,WHITE,D7,CastellaBot
12853,WHITE,G6,CastellaBot
12854,WHITE,H6,CastellaBot
12855,BLACK,D7,Human
12856,WHITE,B5,CastellaBot
12857,WHITE,B6,CastellaBot
12858,WHITE,C3,CastellaBot
12859,WHITE,C4,CastellaBot
12860,WHITE,C6,CastellaBot
12861,BLACK,E7,Human
12862,WHITE,B5,CastellaBot
12863,WHITE,B6,CastellaBot
12864,WHITE,C3,CastellaBot
12865,WHITE,C4,CastellaBot
12866,WHITE,C6,CastellaBot
12867,WHITE,C7,CastellaBot
12868,WHITE,D7,CastellaBot
12869,WHITE,D8,CastellaBot
12870,WHITE,E8,CastellaBot
12871,WHITE,F7,CastellaBot
12872,WHITE,G6,CastellaBot
12873,WHITE,H6,CastellaBot
12874,BLACK,F7,Human
12875,WHITE,B4,CastellaBot
12876,WHITE,B5,CastellaBot
12877,WHITE,B6,CastellaBot
12878,WHITE,C3,CastellaBot
12879,WHITE,C4,CastellaBot
12880,WHITE,C6,CastellaBot
12881,WHITE,D7,CastellaBot
12882,WHITE,E7,CastellaBot
12883,BLACK,G7,Human
12884,WHITE,B4,CastellaBot
12885,WHITE,B5,CastellaBot
12886,WHITE,H6,CastellaBot
12887,BLACK,B1,Human
12888,WHITE,A1,CastellaBot
12889,WHITE,B4,CastellaBot
12890,WHITE,B5,CastellaBot
12891,WHITE,B6,CastellaBot
12892,WHITE,C3,CastellaBot
12893,WHITE,C4,CastellaBot
12894,WHITE,C6,CastellaBot
12895,WHITE,H5,CastellaBot
12896,BLACK,C2,Human
12897,WHITE,B2,CastellaBot
12898,WHITE,B3,CastellaBot
12899,WHITE,B4,CastellaBot
12900,WHITE,B5,CastellaBot
12901,WHITE,B6,CastellaBot
12902,WHITE,C3,CastellaBot
12903,WHITE,C4,CastellaBot
12904,WHITE,C6,CastellaBot
12905,WHITE,H5,CastellaBot
12906,BLACK,C7,Human
12907,WHITE,B5,CastellaBot
12908,WHITE,B6,CastellaBot
12909,WHITE,B8,CastellaBot
12910,WHITE,C3,CastellaBot
12911,WHITE,C4,CastellaBot
12912,WHITE,C6,CastellaBot
12913,WHITE,D7,CastellaBot
12914,WHITE,H5,CastellaBot
12915,BLACK,D7,Human
12916,WHITE,B5,CastellaBot
12917,WHITE,B6,CastellaBot
12918,WHITE,C3,CastellaBot
12919,WHITE,C4,CastellaBot
12920,WHITE,C6,CastellaBot
12921,BLACK,E7,Human
12922,WHITE,B5,CastellaBot
12923,WHITE,B6,CastellaBot
12924,WHITE,C3,CastellaBot
12925,WHITE,C4,CastellaBot
12926,WHITE,C6,CastellaBot
12927,BLACK,F7,Human
12928,WHITE,B4,CastellaBot
12929,WHITE,B5,CastellaBot
12930,WHITE,B6,CastellaBot
12931,WHITE,C3,CastellaBot
12932,WHITE,C4,CastellaBot
12933,WHITE,C6,CastellaBot
12934,WHITE,D7,CastellaBot
12935,WHITE,E7,CastellaBot
12936,WHITE,F8,CastellaBot
12937,WHITE,G6,CastellaBot
12938,WHITE,H5,CastellaBot
12939,BLACK,G6,Human
12940,WHITE,B4,CastellaBot
12941,WHITE,B6,CastellaBot
12942,WHITE,C3,CastellaBot
12943,BLACK,G7,Human
12944,WHITE,B4,CastellaBot
12945,WHITE,B5,CastellaBot
12946,BLACK,H5,Human
12947,WHITE,B4,CastellaBot
12948,WHITE,B6,CastellaBot
12949,WHITE,C3,CastellaBot
12950,WHITE,C4,CastellaBot
12951,WHITE,C6,CastellaBot
12952,WHITE,H6,CastellaBot
12953,BLACK,H5,Human
12954,WHITE,B4,CastellaBot
12955,BLACK,B1,Human
12956,WHITE,A1,CastellaBot
12957,WHITE,C3,CastellaBot
12958,WHITE,C4,CastellaBot
12959,WHITE,C6,CastellaBot
12960,BLACK,B5,Human
12961,WHITE,B6,CastellaBot
12962,WHITE,C3,CastellaBot
12963,WHITE,C4,CastellaBot
12964,WHITE,C6,CastellaBot
12965,BLACK,B6,Human
12966,WHITE,A7,CastellaBot
12967,WHITE,C3,CastellaBot
12968,WHITE,C4,CastellaBot
12969,BLACK,C2,Human
12970,WHITE,B2,CastellaBot
12971,WHITE,B3,CastellaBot
12972,WHITE,C3,CastellaBot
12973,BLACK,C7,Human
12974,WHITE,B8,CastellaBot
12975,WHITE,C3,CastellaBot
12976,WHITE,C4,CastellaBot
12977,WHITE,C6,CastellaBot
12978,WHITE,D7,CastellaBot
12979,WHITE,E7,CastellaBot
12980,BLACK,D7,Human
12981,WHITE,C3,CastellaBot
12982,WHITE,C4,CastellaBot
12983,WHITE,C6,CastellaBot
12984,BLACK,E7,Human
12985,WHITE,C3,CastellaBot
12986,WHITE,C4,CastellaBot
12987,WHITE,C6,CastellaBot
12988,WHITE,D7,CastellaBot
12989,WHITE,D8,CastellaBot
12990,WHITE,E8,CastellaBot
12991,WHITE,F7,CastellaBot
12992,WHITE,F8,CastellaBot
12993,WHITE,G6,CastellaBot
12994,BLACK,F7,Human
12995,WHITE,C3,CastellaBot
12996,WHITE,C4,CastellaBot
12997,WHITE,C6,CastellaBot
12998,WHITE,D7,CastellaBot
12999,WHITE,E7,CastellaBot
13000,BLACK,G7,Human
13001,WHITE,C3,CastellaBot
13002,BLACK,H7,Human
13003,WHITE,C3,CastellaBot
13004,WHITE,B6,CastellaBot
13005,BLACK,A7,Human
13006,WHITE,B4,CastellaBot
13007,WHITE,C3,CastellaBot
13008,WHITE,C4,CastellaBot
13009,WHITE,C6,CastellaBot
13010,BLACK,B1,Human
13011,WHITE,A1,CastellaBot
13012,BLACK,B5,Human
13013,WHITE,B4,CastellaBot
13014,WHITE,C3,CastellaBot
13015,WHITE,C4,CastellaBot
13016,WHITE,C6,CastellaBot
13017,BLACK,C2,Human
13018,WHITE,B2,CastellaBot
13019,WHITE,B3,CastellaBot
13020,WHITE,C3,CastellaBot
13021,BLACK,C3,Human
13022,WHITE,B2,CastellaBot
13023,WHITE,B3,CastellaBot
13024,WHITE,B4,CastellaBot
13025,WHITE,C4,CastellaBot
13026,BLACK,C4,Human
13027,WHITE,B3,CastellaBot
13028,WHITE,B4,CastellaBot
13029,WHITE,B5,CastellaBot
13030,WHITE,C3,CastellaBot
13031,BLACK,C7,Human
13032,WHITE,B8,CastellaBot
13033,WHITE,C3,CastellaBot
13034,WHITE,C4,CastellaBot
13035,WHITE,C6,CastellaBot
13036,BLACK,D7,Human
13037,WHITE,C3,CastellaBot
13038,WHITE,C4,CastellaBot
13039,WHITE,C6,CastellaBot
13040,BLACK,E7,Human
13041,WHITE,C3,CastellaBot
13042,WHITE,C4,CastellaBot
13043,WHITE,C6,CastellaBot
13044,WHITE,D7,CastellaBot
13045,WHITE,D8,CastellaBot
13046,WHITE,E8,CastellaBot
13047,WHITE,F7,CastellaBot
13048,WHITE,F8,CastellaBot
13049,WHITE,G6,CastellaBot
13050,WHITE,G7,CastellaBot
13051,BLACK,F7,Human
13052,WHITE,C3,CastellaBot
13053,WHITE,C4,CastellaBot
13054,WHITE,C6,CastellaBot
13055,WHITE,D7,CastellaBot
13056,WHITE,E7,CastellaBot
13057,BLACK,G7,Human
13058,WHITE,C3,CastellaBot
13059,BLACK,H7,Human
13060,WHITE,C3,CastellaBot
13061,WHITE,C4,CastellaBot
13062,WHITE,C6,CastellaBot
13063,WHITE,H8,CastellaBot
13064,WHITE,C3,CastellaBot
13065,BLACK,B1,Human
13066,WHITE,A1,CastellaBot
13067,WHITE,B4,CastellaBot
13068,WHITE,B5,CastellaBot
13069,WHITE,B6,CastellaBot
13070,WHITE,C4,CastellaBot
13071,WHITE,C6,CastellaBot
13072,WHITE,G6,CastellaBot
13073,BLACK,B3,Human
13074,WHITE,A3,CastellaBot
13075,WHITE,B2,CastellaBot
13076,WHITE,B4,CastellaBot
13077,WHITE,B5,CastellaBot
13078,WHITE,B6,CastellaBot
13079,WHITE,C4,CastellaBot
13080,WHITE,C6,CastellaBot
13081,BLACK,C2,Human
13082,WHITE,B2,CastellaBot
13083,WHITE,B3,CastellaBot
13084,WHITE,B4,CastellaBot
13085,WHITE,B5,CastellaBot
13086,WHITE,B6,CastellaBot
13087,WHITE,C4,CastellaBot
13088,WHITE,C6,CastellaBot
13089,BLACK,C4,Human
13090,WHITE,B3,CastellaBot
13091,WHITE,B4,CastellaBot
13092,WHITE,B5,CastellaBot
13093,WHITE,B6,CastellaBot
13094,WHITE,C6,CastellaBot
13095,BLACK,C7,Human
13096,WHITE,B6,CastellaBot
13097,WHITE,B8,CastellaBot
13098,BLACK,D7,Human
13099,WHITE,B5,CastellaBot
13100,WHITE,B6,CastellaBot
13101,WHITE,C6,CastellaBot
13102,BLACK,E7,Human
13103,WHITE,B6,CastellaBot
13104,WHITE,C6,CastellaBot
13105,WHITE,C7,CastellaBot
13106,WHITE,D7,CastellaBot
13107,WHITE,D8,CastellaBot
13108,WHITE,E8,CastellaBot
13109,WHITE,F7,CastellaBot
13110,WHITE,G6,CastellaBot
13111,WHITE,G7,CastellaBot
13112,BLACK,F7,Human
13113,WHITE,B4,CastellaBot
13114,WHITE,B5,CastellaBot
13115,WHITE,B6,CastellaBot
13116,WHITE,C6,CastellaBot
13117,WHITE,D7,CastellaBot
13118,WHITE,E7,CastellaBot
13119,BLACK,H7,Human
13120,WHITE,B4,CastellaBot
13121,WHITE,B5,CastellaBot
13122,WHITE,B6,CastellaBot
13123,WHITE,C4,CastellaBot
13124,WHITE,C6,CastellaBot
13125,WHITE,C4,CastellaBot
13126,BLACK,B1,Human
13127,WHITE,A1,CastellaBot
13128,WHITE,B4,CastellaBot
13129,WHITE,B5,CastellaBot
13130,WHITE,B6,CastellaBot
13131,WHITE,C6,CastellaBot
13132,WHITE,G6,CastellaBot
13133,BLACK,B4,Human
13134,WHITE,A3,CastellaBot
13135,WHITE,A4,CastellaBot
13136,WHITE,B3,CastellaBot
13137,WHITE,B5,CastellaBot
13138,WHITE,B6,CastellaBot
13139,WHITE,C3,CastellaBot
13140,WHITE,G6,CastellaBot
13141,BLACK,C2,Human
13142,WHITE,B2,CastellaBot
13143,WHITE,B3,CastellaBot
13144,WHITE,B4,CastellaBot
13145,WHITE,B5,CastellaBot
13146,WHITE,B6,CastellaBot
13147,WHITE,C3,CastellaBot
13148,WHITE,C6,CastellaBot
13149,BLACK,C3,Human
13150,WHITE,B2,CastellaBot
13151,WHITE,B3,CastellaBot
13152,BLACK,C6,Human
13153,WHITE,B4,CastellaBot
13154,WHITE,B6,CastellaBot
13155,WHITE,B7,CastellaBot
13156,WHITE,C7,CastellaBot
13157,WHITE,G6,CastellaBot
13158,BLACK,C7,Human
13159,WHITE,B5,CastellaBot
13160,BLACK,D7,Human
13161,WHITE,B4,CastellaBot
13162,BLACK,E7,Human
13163,WHITE,B5,CastellaBot
13164,BLACK,F7,Human
13165,WHITE,B4,CastellaBot
13166,BLACK,G7,Human
13167,WHITE,B4,CastellaBot
13168,BLACK,H7,Human
13169,WHITE,B4,CastellaBot
13170,WHITE,C6,CastellaBot
13171,BLACK,B1,Human
13172,WHITE,A1,CastellaBot
13173,WHITE,B4,CastellaBot
13174,WHITE,B5,CastellaBot
13175,WHITE,B6,CastellaBot
13176,WHITE,C2,CastellaBot
13177,WHITE,C3,CastellaBot
13178,WHITE,C4,CastellaBot
13179,WHITE,G6,CastellaBot
13180,BLACK,B7,Human
13181,WHITE,A8,CastellaBot
13182,WHITE,B4,CastellaBot
13183,WHITE,B6,CastellaBot
13184,WHITE,C3,CastellaBot
13185,WHITE,C4,CastellaBot
13186,BLACK,C2,Human
13187,WHITE,B1,CastellaBot
13188,WHITE,B2,CastellaBot
13189,WHITE,B3,CastellaBot
13190,WHITE,B4,CastellaBot
13191,WHITE,B5,CastellaBot
13192,WHITE,B6,CastellaBot
13193,WHITE,C3,CastellaBot
13194,BLACK,C7,Human
13195,WHITE,B5,CastellaBot
13196,WHITE,B6,CastellaBot
13197,WHITE,B7,CastellaBot
13198,WHITE,B8,CastellaBot
13199,WHITE,C2,CastellaBot
13200,WHITE,C3,CastellaBot
13201,WHITE,C4,CastellaBot
13202,WHITE,D7,CastellaBot
13203,WHITE,G6,CastellaBot
13204,BLACK,D7,Human
13205,WHITE,B6,CastellaBot
13206,WHITE,C2,CastellaBot
13207,WHITE,C3,CastellaBot
13208,WHITE,C4,CastellaBot
13209,WHITE,C7,CastellaBot
13210,WHITE,C8,CastellaBot
13211,WHITE,D8,CastellaBot
13212,WHITE,E7,CastellaBot
13213,WHITE,E8,CastellaBot
13214,WHITE,G6,CastellaBot
13215,BLACK,E7,Human
13216,WHITE,B5,CastellaBot
13217,WHITE,B6,CastellaBot
13218,WHITE,C2,CastellaBot
13219,WHITE,C3,CastellaBot
13220,WHITE,C4,CastellaBot
13221,WHITE,C7,CastellaBot
13222,WHITE,D7,CastellaBot
13223,WHITE,D8,CastellaBot
13224,WHITE,E8,CastellaBot
13225,WHITE,F7,CastellaBot
13226,WHITE,G6,CastellaBot
13227,BLACK,F7,Human
13228,WHITE,B4,CastellaBot
13229,WHITE,B5,CastellaBot
13230,WHITE,B6,CastellaBot
13231,WHITE,C2,CastellaBot
13232,WHITE,C3,CastellaBot
13233,WHITE,C4,CastellaBot
13234,WHITE,E7,CastellaBot
13235,WHITE,F8,CastellaBot
13236,BLACK,G7,Human
13237,WHITE,B4,CastellaBot
13238,WHITE,B5,CastellaBot
13239,WHITE,B6,CastellaBot
13240,BLACK,H7,Human
13241,WHITE,B4,CastellaBot
13242,WHITE,B5,CastellaBot
13243,WHITE,B6,CastellaBot
13244,WHITE,C2,CastellaBot
13245,WHITE,C3,CastellaBot
13246,WHITE,C3,CastellaBot
13247,BLACK,C2,Human
13248,WHITE,B2,CastellaBot
13249,BLACK,B1,Human
13250,WHITE,A1,CastellaBot
13251,WHITE,B4,CastellaBot
13252,WHITE,B5,CastellaBot
13253,WHITE,B6,CastellaBot
13254,WHITE,C4,CastellaBot
13255,WHITE,C6,CastellaBot
13256,WHITE,G6,CastellaBot
13257,BLACK,B3,Human
13258,WHITE,A3,CastellaBot
13259,WHITE,A4,CastellaBot
13260,WHITE,B4,CastellaBot
13261,WHITE,B5,CastellaBot
13262,WHITE,B6,CastellaBot
13263,WHITE,C4,CastellaBot
13264,WHITE,C6,CastellaBot
13265,WHITE,G6,CastellaBot
13266,BLACK,C4,Human
13267,WHITE,B3,CastellaBot
13268,WHITE,B4,CastellaBot
13269,WHITE,B5,CastellaBot
13270,WHITE,B6,CastellaBot
13271,WHITE,C6,CastellaBot
13272,WHITE,G6,CastellaBot
13273,BLACK,C7,Human
13274,WHITE,B6,CastellaBot
13275,WHITE,B8,CastellaBot
13276,WHITE,C4,CastellaBot
13277,WHITE,C6,CastellaBot
13278,WHITE,D7,CastellaBot
13279,WHITE,G6,CastellaBot
13280,BLACK,D7,Human
13281,WHITE,B5,CastellaBot
13282,WHITE,B6,CastellaBot
13283,WHITE,C4,CastellaBot
13284,WHITE,C6,CastellaBot
13285,BLACK,E7,Human
13286,WHITE,B6,CastellaBot
13287,WHITE,C4,CastellaBot
13288,WHITE,C6,CastellaBot
13289,WHITE,C7,CastellaBot
13290,WHITE,D7,CastellaBot
13291,WHITE,D8,CastellaBot
13292,WHITE,E8,CastellaBot
13293,WHITE,F7,CastellaBot
13294,WHITE,G6,CastellaBot
13295,WHITE,G7,CastellaBot
13296,BLACK,F7,Human
13297,WHITE,B4,CastellaBot
13298,WHITE,B5,CastellaBot
13299,WHITE,B6,CastellaBot
13300,WHITE,C4,CastellaBot
13301,WHITE,C6,CastellaBot
13302,WHITE,D7,CastellaBot
13303,WHITE,E7,CastellaBot
13304,BLACK,H7,Human
13305,WHITE,B4,CastellaBot
13306,WHITE,B5,CastellaBot
13307,WHITE,B6,CastellaBot
13308,WHITE,C4,CastellaBot
13309,WHITE,C6,CastellaBot
13310,WHITE,B3,CastellaBot
13311,BLACK,A3,Human
13312,WHITE,A4,CastellaBot
13313,WHITE,B2,CastellaBot
13314,WHITE,B4,CastellaBot
13315,WHITE,B5,CastellaBot
13316,WHITE,B6,CastellaBot
13317,WHITE,C4,CastellaBot
13318,WHITE,C6,CastellaBot
13319,WHITE,G6,CastellaBot
13320,BLACK,B1,Human
13321,WHITE,A1,CastellaBot
13322,BLACK,B2,Human
13323,WHITE,A1,CastellaBot
13324,BLACK,B4,Human
13325,WHITE,A3,CastellaBot
13326,WHITE,A5,CastellaBot
13327,WHITE,B2,CastellaBot
13328,WHITE,B5,CastellaBot
13329,WHITE,B6,CastellaBot
13330,WHITE,C4,CastellaBot
13331,BLACK,C4,Human
13332,WHITE,B4,CastellaBot
13333,WHITE,B5,CastellaBot
13334,BLACK,C7,Human
13335,WHITE,B6,CastellaBot
13336,WHITE,B8,CastellaBot
13337,WHITE,C4,CastellaBot
13338,WHITE,C6,CastellaBot
13339,WHITE,D7,CastellaBot
13340,WHITE,G6,CastellaBot
13341,BLACK,D7,Human
13342,WHITE,B5,CastellaBot
13343,WHITE,B6,CastellaBot
13344,WHITE,C4,CastellaBot
13345,WHITE,C6,CastellaBot
13346,BLACK,E7,Human
13347,WHITE,B6,CastellaBot
13348,WHITE,C4,CastellaBot
13349,WHITE,C6,CastellaBot
13350,WHITE,C7,CastellaBot
13351,WHITE,D7,CastellaBot
13352,WHITE,D8,CastellaBot
13353,WHITE,E8,CastellaBot
13354,WHITE,F7,CastellaBot
13355,WHITE,G6,CastellaBot
13356,WHITE,G7,CastellaBot
13357,BLACK,F7,Human
13358,WHITE,B4,CastellaBot
13359,WHITE,B5,CastellaBot
13360,WHITE,B6,CastellaBot
13361,WHITE,C4,CastellaBot
13362,WHITE,C6,CastellaBot
13363,WHITE,D7,CastellaBot
13364,WHITE,E7,CastellaBot
13365,BLACK,H7,Human
13366,WHITE,B4,CastellaBot
13367,WHITE,B5,CastellaBot
13368,WHITE,B6,CastellaBot
13369,WHITE,C4,CastellaBot
13370,WHITE,B4,CastellaBot
13371,BLACK,A5,Human
13372,WHITE,A3,CastellaBot
13373,WHITE,B2,CastellaBot
13374,WHITE,B3,CastellaBot
13375,WHITE,C4,CastellaBot
13376,WHITE,C6,CastellaBot
13377,BLACK,B1,Human
13378,WHITE,A1,CastellaBot
13379,BLACK,B3,Human
13380,WHITE,A3,CastellaBot
13381,BLACK,B5,Human
13382,WHITE,A5,CastellaBot
13383,WHITE,B2,CastellaBot
13384,WHITE,B3,CastellaBot
13385,WHITE,B6,CastellaBot
13386,WHITE,C4,CastellaBot
13387,BLACK,B6,Human
13388,WHITE,B2,CastellaBot
13389,WHITE,B3,CastellaBot
13390,WHITE,B5,CastellaBot
13391,WHITE,C4,CastellaBot
13392,WHITE,C6,CastellaBot
13393,BLACK,C4,Human
13394,WHITE,B2,CastellaBot
13395,WHITE,B3,CastellaBot
13396,WHITE,B5,CastellaBot
13397,WHITE,C6,CastellaBot
13398,BLACK,C7,Human
13399,WHITE,B2,CastellaBot
13400,WHITE,B3,CastellaBot
13401,WHITE,B8,CastellaBot
13402,WHITE,C4,CastellaBot
13403,WHITE,C6,CastellaBot
13404,WHITE,D7,CastellaBot
13405,WHITE,E7,CastellaBot
13406,BLACK,D7,Human
13407,WHITE,B2,CastellaBot
13408,WHITE,B3,CastellaBot
13409,WHITE,C4,CastellaBot
13410,WHITE,C6,CastellaBot
13411,BLACK,E7,Human
13412,WHITE,B2,CastellaBot
13413,WHITE,B3,CastellaBot
13414,WHITE,C4,CastellaBot
13415,WHITE,C6,CastellaBot
13416,WHITE,D7,CastellaBot
13417,WHITE,D8,CastellaBot
13418,WHITE,E8,CastellaBot
13419,WHITE,F7,CastellaBot
13420,WHITE,F8,CastellaBot
13421,WHITE,G6,CastellaBot
13422,WHITE,G7,CastellaBot
13423,BLACK,F7,Human
13424,WHITE,B2,CastellaBot
13425,WHITE,B3,CastellaBot
13426,WHITE,C4,CastellaBot
13427,WHITE,C6,CastellaBot
13428,BLACK,H7,Human
13429,WHITE,B2,CastellaBot
13430,WHITE,B3,CastellaBot
13431,WHITE,C4,CastellaBot
13432,WHITE,B5,CastellaBot
13433,BLACK,A5,Human
13434,WHITE,B2,CastellaBot
13435,WHITE,B3,CastellaBot
13436,WHITE,B4,CastellaBot
13437,WHITE,B6,CastellaBot
13438,WHITE,C4,CastellaBot
13439,WHITE,C6,CastellaBot
13440,BLACK,B1,Human
13441,WHITE,A1,CastellaBot
13442,BLACK,B3,Human
13443,WHITE,A3,CastellaBot
13444,BLACK,B4,Human
13445,WHITE,A3,CastellaBot
13446,WHITE,A5,CastellaBot
13447,BLACK,B6,Human
13448,WHITE,B2,CastellaBot
13449,WHITE,B3,CastellaBot
13450,WHITE,B4,CastellaBot
13451,WHITE,B7,CastellaBot
13452,WHITE,C4,CastellaBot
13453,BLACK,C4,Human
13454,WHITE,B2,CastellaBot
13455,WHITE,B3,CastellaBot
13456,BLACK,C6,Human
13457,WHITE,B2,CastellaBot
13458,WHITE,B3,CastellaBot
13459,WHITE,B6,CastellaBot
13460,BLACK,C7,Human
13461,WHITE,B2,CastellaBot
13462,WHITE,B3,CastellaBot
13463,WHITE,B8,CastellaBot
13464,BLACK,D7,Human
13465,WHITE,B2,CastellaBot
13466,WHITE,B3,CastellaBot
13467,WHITE,C4,CastellaBot
13468,BLACK,E7,Human
13469,WHITE,B2,CastellaBot
13470,WHITE,B3,CastellaBot
13471,WHITE,C4,CastellaBot
13472,WHITE,D7,CastellaBot
13473,WHITE,D8,CastellaBot
13474,WHITE,E8,CastellaBot
13475,BLACK,F7,Human
13476,WHITE,B2,CastellaBot
13477,WHITE,B3,CastellaBot
13478,WHITE,C4,CastellaBot
13479,BLACK,H7,Human
13480,WHITE,B2,CastellaBot
13481,WHITE,B3,CastellaBot
13482,WHITE,C4,CastellaBot
13483,WHITE,B6,CastellaBot
13484,BLACK,A7,Human
13485,WHITE,B2,CastellaBot
13486,WHITE,B3,CastellaBot
13487,WHITE,B4,CastellaBot
13488,WHITE,B5,CastellaBot
13489,WHITE,C4,CastellaBot
13490,WHITE,C6,CastellaBot
13491,BLACK,B1,Human
13492,WHITE,A1,CastellaBot
13493,BLACK,B3,Human
13494,WHITE,A3,CastellaBot
13495,BLACK,B4,Human
13496,WHITE,A3,CastellaBot
13497,WHITE,A5,CastellaBot
13498,WHITE,B2,CastellaBot
13499,WHITE,B3,CastellaBot
13500,WHITE,C4,CastellaBot
13501,BLACK,B5,Human
13502,WHITE,A5,CastellaBot
13503,WHITE,B2,CastellaBot
13504,WHITE,B3,CastellaBot
13505,WHITE,B4,CastellaBot
13506,WHITE,C4,CastellaBot
13507,WHITE,C6,CastellaBot
13508,BLACK,C4,Human
13509,WHITE,B2,CastellaBot
13510,WHITE,B3,CastellaBot
13511,WHITE,B4,CastellaBot
13512,WHITE,B5,CastellaBot
13513,WHITE,C6,CastellaBot
13514,BLACK,C7,Human
13515,WHITE,B2,CastellaBot
13516,WHITE,B3,CastellaBot
13517,WHITE,B8,CastellaBot
13518,WHITE,C4,CastellaBot
13519,WHITE,C6,CastellaBot
13520,WHITE,D7,CastellaBot
13521,WHITE,D8,CastellaBot
13522,WHITE,E7,CastellaBot
13523,BLACK,D7,Human
13524,WHITE,B2,CastellaBot
13525,WHITE,B3,CastellaBot
13526,WHITE,C4,CastellaBot
13527,BLACK,E7,Human
13528,WHITE,B2,CastellaBot
13529,WHITE,B3,CastellaBot
13530,WHITE,C4,CastellaBot
13531,WHITE,C6,CastellaBot
13532,WHITE,D7,CastellaBot
13533,WHITE,D8,CastellaBot
13534,WHITE,E8,CastellaBot
13535,WHITE,F7,CastellaBot
13536,WHITE,F8,CastellaBot
13537,WHITE,G6,CastellaBot
13538,WHITE,G7,CastellaBot
13539,BLACK,F7,Human
13540,WHITE,B2,CastellaBot
13541,WHITE,B3,CastellaBot
13542,WHITE,C4,CastellaBot
13543,BLACK,H7,Human
13544,WHITE,B2,CastellaBot
13545,WHITE,B3,CastellaBot
13546,WHITE,C4,CastellaBot
13547,WHITE,C4,CastellaBot
13548,BLACK,B1,Human
13549,WHITE,A1,CastellaBot
13550,WHITE,B2,CastellaBot
13551,WHITE,B4,CastellaBot
13552,WHITE,B5,CastellaBot
13553,WHITE,B6,CastellaBot
13554,WHITE,C6,CastellaBot
13555,WHITE,G6,CastellaBot
13556,BLACK,B3,Human
13557,WHITE,A2,CastellaBot
13558,WHITE,A3,CastellaBot
13559,WHITE,A4,CastellaBot
13560,WHITE,B2,CastellaBot
13561,WHITE,B4,CastellaBot
13562,WHITE,B5,CastellaBot
13563,WHITE,B6,CastellaBot
13564,WHITE,C6,CastellaBot
13565,BLACK,B4,Human
13566,WHITE,A3,CastellaBot
13567,WHITE,A4,CastellaBot
13568,WHITE,A5,CastellaBot
13569,WHITE,B1,CastellaBot
13570,WHITE,B2,CastellaBot
13571,WHITE,B3,CastellaBot
13572,WHITE,B5,CastellaBot
13573,WHITE,B6,CastellaBot
13574,WHITE,C6,CastellaBot
13575,WHITE,G6,CastellaBot
13576,BLACK,C6,Human
13577,WHITE,B1,CastellaBot
13578,WHITE,B2,CastellaBot
13579,WHITE,B3,CastellaBot
13580,WHITE,B4,CastellaBot
13581,WHITE,B5,CastellaBot
13582,WHITE,B6,CastellaBot
13583,BLACK,C7,Human
13584,WHITE,B1,CastellaBot
13585,WHITE,B2,CastellaBot
13586,WHITE,B3,CastellaBot
13587,WHITE,B5,CastellaBot
13588,WHITE,B6,CastellaBot
13589,WHITE,B8,CastellaBot
13590,BLACK,D7,Human
13591,WHITE,B2,CastellaBot
13592,WHITE,B3,CastellaBot
13593,WHITE,B5,CastellaBot
13594,WHITE,B6,CastellaBot
13595,WHITE,C6,CastellaBot
13596,WHITE,C7,CastellaBot
13597,WHITE,C8,CastellaBot
13598,WHITE,D8,CastellaBot
13599,BLACK,E7,Human
13600,WHITE,B1,CastellaBot
13601,WHITE,B2,CastellaBot
13602,WHITE,B3,CastellaBot
13603,WHITE,B5,CastellaBot
13604,WHITE,B6,CastellaBot
13605,WHITE,C6,CastellaBot
13606,WHITE,C7,CastellaBot
13607,WHITE,D7,CastellaBot
13608,WHITE,D8,CastellaBot
13609,WHITE,E8,CastellaBot
13610,WHITE,F7,CastellaBot
13611,WHITE,G6,CastellaBot
13612,WHITE,G7,CastellaBot
13613,BLACK,F7,Human
13614,WHITE,B1,CastellaBot
13615,WHITE,B2,CastellaBot
13616,WHITE,B3,CastellaBot
13617,WHITE,B4,CastellaBot
13618,WHITE,B5,CastellaBot
13619,WHITE,B6,CastellaBot
13620,WHITE,C6,CastellaBot
13621,WHITE,E7,CastellaBot
13622,BLACK,H7,Human
13623,WHITE,B1,CastellaBot
13624,WHITE,B2,CastellaBot
13625,WHITE,B3,CastellaBot
13626,WHITE,B4,CastellaBot
13627,WHITE,B5,CastellaBot
13628,WHITE,B6,CastellaBot
13629,WHITE,C6,CastellaBot
13630,WHITE,G6,CastellaBot
13631,WHITE,C6,CastellaBot
13632,BLACK,B1,Human
13633,WHITE,A1,CastellaBot
13634,WHITE,B2,CastellaBot
13635,WHITE,B4,CastellaBot
13636,WHITE,B5,CastellaBot
13637,WHITE,B6,CastellaBot
13638,WHITE,C4,CastellaBot
13639,WHITE,G6,CastellaBot
13640,BLACK,B3,Human
13641,WHITE,A3,CastellaBot
13642,WHITE,A4,CastellaBot
13643,WHITE,B1,CastellaBot
13644,WHITE,B2,CastellaBot
13645,WHITE,B4,CastellaBot
13646,WHITE,B5,CastellaBot
13647,WHITE,B6,CastellaBot
13648,WHITE,C4,CastellaBot
13649,WHITE,G6,CastellaBot
13650,BLACK,B4,Human
13651,WHITE,A3,CastellaBot
13652,WHITE,A5,CastellaBot
13653,WHITE,B1,CastellaBot
13654,WHITE,B2,CastellaBot
13655,WHITE,B3,CastellaBot
13656,WHITE,B5,CastellaBot
13657,WHITE,B6,CastellaBot
13658,WHITE,C4,CastellaBot
13659,WHITE,G6,CastellaBot
13660,BLACK,B7,Human
13661,WHITE,A8,CastellaBot
13662,WHITE,B2,CastellaBot
13663,WHITE,B3,CastellaBot
13664,WHITE,B4,CastellaBot
13665,WHITE,B5,CastellaBot
13666,WHITE,B6,CastellaBot
13667,WHITE,C4,CastellaBot
13668,BLACK,C4,Human
13669,WHITE,B2,CastellaBot
13670,WHITE,B3,CastellaBot
13671,WHITE,B4,CastellaBot
13672,WHITE,B5,CastellaBot
13673,WHITE,B6,CastellaBot
13674,BLACK,C7,Human
13675,WHITE,B1,CastellaBot
13676,WHITE,B2,CastellaBot
13677,WHITE,B3,CastellaBot
13678,WHITE,B5,CastellaBot
13679,WHITE,B6,CastellaBot
13680,WHITE,B7,CastellaBot
13681,WHITE,B8,CastellaBot
13682,WHITE,C4,CastellaBot
13683,WHITE,D7,CastellaBot
13684,WHITE,G6,CastellaBot
13685,BLACK,D7,Human
13686,WHITE,B1,CastellaBot
13687,WHITE,B2,CastellaBot
13688,WHITE,B3,CastellaBot
13689,WHITE,B5,CastellaBot
13690,WHITE,B6,CastellaBot
13691,WHITE,C4,CastellaBot
13692,BLACK,E7,Human
13693,WHITE,B2,CastellaBot
13694,WHITE,B3,CastellaBot
13695,WHITE,B5,CastellaBot
13696,WHITE,B6,CastellaBot
13697,WHITE,C4,CastellaBot
13698,WHITE,C7,CastellaBot
13699,WHITE,D7,CastellaBot
13700,WHITE,D8,CastellaBot
13701,WHITE,E8,CastellaBot
13702,BLACK,F7,Human
13703,WHITE,B1,CastellaBot
13704,BLACK,H7,Human
13705,WHITE,B1,CastellaBot
13706,WHITE,C4,CastellaBot
13707,BLACK,B4,Human
13708,WHITE,A3,CastellaBot
13709,BLACK,A4,Human
13710,WHITE,A5,CastellaBot
13711,WHITE,B1,CastellaBot
13712,WHITE,B2,CastellaBot
13713,WHITE,B3,CastellaBot
13714,WHITE,B5,CastellaBot
13715,WHITE,G6,CastellaBot
13716,BLACK,A5,Human
13717,WHITE,A4,CastellaBot
13718,WHITE,B1,CastellaBot
13719,WHITE,B2,CastellaBot
13720,WHITE,B3,CastellaBot
13721,WHITE,B5,CastellaBot
13722,WHITE,G6,CastellaBot
13723,BLACK,B1,Human
13724,WHITE,A1,CastellaBot
13725,BLACK,B5,Human
13726,WHITE,A6,CastellaBot
13727,WHITE,B1,CastellaBot
13728,WHITE,B2,CastellaBot
13729,WHITE,B3,CastellaBot
13730,WHITE,B6,CastellaBot
13731,WHITE,C6,CastellaBot
13732,BLACK,B6,Human
13733,WHITE,A7,CastellaBot
13734,WHITE,B1,CastellaBot
13735,WHITE,B2,CastellaBot
13736,WHITE,B3,CastellaBot
13737,WHITE,B5,CastellaBot
13738,WHITE,C6,CastellaBot
13739,BLACK,C6,Human
13740,WHITE,B1,CastellaBot
13741,WHITE,B2,CastellaBot
13742,WHITE,B3,CastellaBot
13743,WHITE,B5,CastellaBot
13744,WHITE,B6,CastellaBot
13745,WHITE,B7,CastellaBot
13746,WHITE,C7,CastellaBot
13747,WHITE,G6,CastellaBot
13748,BLACK,C7,Human
13749,WHITE,B1,CastellaBot
13750,WHITE,B2,CastellaBot
13751,WHITE,B3,CastellaBot
13752,WHITE,B5,CastellaBot
13753,WHITE,B8,CastellaBot
13754,WHITE,C6,CastellaBot
13755,WHITE,D7,CastellaBot
13756,WHITE,E7,CastellaBot
13757,WHITE,G6,CastellaBot
13758,BLACK,D7,Human
13759,WHITE,B1,CastellaBot
13760,WHITE,B2,CastellaBot
13761,WHITE,B3,CastellaBot
13762,WHITE,B5,CastellaBot
13763,WHITE,C6,CastellaBot
13764,BLACK,E7,Human
13765,WHITE,B1,CastellaBot
13766,WHITE,B2,CastellaBot
13767,WHITE,B3,CastellaBot
13768,WHITE,B5,CastellaBot
13769,WHITE,D7,CastellaBot
13770,WHITE,D8,CastellaBot
13771,WHITE,E8,CastellaBot
13772,WHITE,F7,CastellaBot
13773,BLACK,F7,Human
13774,WHITE,B1,CastellaBot
13775,WHITE,B2,CastellaBot
13776,WHITE,B3,CastellaBot
13777,WHITE,B5,CastellaBot
13778,WHITE,C6,CastellaBot
13779,WHITE,D7,CastellaBot
13780,WHITE,E7,CastellaBot
13781,WHITE,F8,CastellaBot
13782,BLACK,G7,Human
13783,WHITE,B1,CastellaBot
13784,WHITE,B2,CastellaBot
13785,WHITE,B3,CastellaBot
13786,BLACK,H7,Human
13787,WHITE,B1,CastellaBot
13788,WHITE,B2,CastellaBot
13789,WHITE,B3,CastellaBot
13790,WHITE,A4,CastellaBot
13791,BLACK,A3,Human
13792,WHITE,A2,CastellaBot
13793,WHITE,A5,CastellaBot
13794,WHITE,B1,CastellaBot
13795,WHITE,B2,CastellaBot
13796,WHITE,B3,CastellaBot
13797,WHITE,B5,CastellaBot
13798,WHITE,B6,CastellaBot
13799,WHITE,C6,CastellaBot
13800,WHITE,G6,CastellaBot
13801,BLACK,A5,Human
13802,WHITE,A3,CastellaBot
13803,WHITE,A6,CastellaBot
13804,WHITE,B1,CastellaBot
13805,WHITE,B2,CastellaBot
13806,WHITE,B3,CastellaBot
13807,WHITE,B5,CastellaBot
13808,WHITE,B6,CastellaBot
13809,WHITE,C6,CastellaBot
13810,WHITE,G6,CastellaBot
13811,BLACK,B1,Human
13812,WHITE,A1,CastellaBot
13813,BLACK,C6,Human
13814,WHITE,B1,CastellaBot
13815,WHITE,B2,CastellaBot
13816,WHITE,B3,CastellaBot
13817,WHITE,B5,CastellaBot
13818,WHITE,B6,CastellaBot
13819,WHITE,B7,CastellaBot
13820,WHITE,C7,CastellaBot
13821,WHITE,G6,CastellaBot
13822,BLACK,C7,Human
13823,WHITE,B1,CastellaBot
13824,WHITE,B2,CastellaBot
13825,BLACK,D7,Human
13826,WHITE,B1,CastellaBot
13827,WHITE,B2,CastellaBot
13828,BLACK,E7,Human
13829,WHITE,B1,CastellaBot
13830,BLACK,F7,Human
13831,WHITE,B1,CastellaBot
13832,BLACK,G7,Human
13833,WHITE,B1,CastellaBot
13834,BLACK,H7,Human
13835,WHITE,B1,CastellaBot
13836,WHITE,A5,CastellaBot
13837,BLACK,A3,Human
13838,WHITE,A4,CastellaBot
13839,WHITE,B1,CastellaBot
13840,WHITE,B2,CastellaBot
13841,WHITE,B3,CastellaBot
13842,WHITE,B5,CastellaBot
13843,WHITE,B6,CastellaBot
13844,WHITE,C6,CastellaBot
13845,WHITE,G6,CastellaBot
13846,BLACK,A4,Human
13847,WHITE,A3,CastellaBot
13848,WHITE,B1,CastellaBot
13849,WHITE,B2,CastellaBot
13850,WHITE,B3,CastellaBot
13851,WHITE,B5,CastellaBot
13852,WHITE,B6,CastellaBot
13853,WHITE,C6,CastellaBot
13854,WHITE,G6,CastellaBot
13855,BLACK,B1,Human
13856,WHITE,A1,CastellaBot
13857,BLACK,B2,Human
13858,WHITE,A1,CastellaBot
13859,BLACK,B3,Human
13860,WHITE,A2,CastellaBot
13861,WHITE,A3,CastellaBot
13862,WHITE,A4,CastellaBot
13863,WHITE,B2,CastellaBot
13864,WHITE,B5,CastellaBot
13865,WHITE,C6,CastellaBot
13866,BLACK,C6,Human
13867,WHITE,B1,CastellaBot
13868,WHITE,B2,CastellaBot
13869,WHITE,B3,CastellaBot
13870,WHITE,B5,CastellaBot
13871,WHITE,B6,CastellaBot
13872,BLACK,C7,Human
13873,WHITE,B1,CastellaBot
13874,WHITE,B2,CastellaBot
13875,WHITE,B3,CastellaBot
13876,WHITE,B5,CastellaBot
13877,WHITE,B6,CastellaBot
13878,WHITE,B8,CastellaBot
13879,WHITE,C6,CastellaBot
13880,WHITE,D7,CastellaBot
13881,WHITE,E7,CastellaBot
13882,WHITE,G6,CastellaBot
13883,BLACK,D7,Human
13884,WHITE,B1,CastellaBot
13885,WHITE,B2,CastellaBot
13886,WHITE,B3,CastellaBot
13887,WHITE,B5,CastellaBot
13888,WHITE,B6,CastellaBot
13889,WHITE,C6,CastellaBot
13890,BLACK,E7,Human
13891,WHITE,B1,CastellaBot
13892,WHITE,B2,CastellaBot
13893,WHITE,B3,CastellaBot
13894,WHITE,B5,CastellaBot
13895,WHITE,B6,CastellaBot
13896,WHITE,C6,CastellaBot
13897,WHITE,C7,CastellaBot
13898,WHITE,D7,CastellaBot
13899,WHITE,D8,CastellaBot
13900,WHITE,E8,CastellaBot
13901,WHITE,F7,CastellaBot
13902,WHITE,F8,CastellaBot
13903,WHITE,G6,CastellaBot
13904,WHITE,G7,CastellaBot
13905,BLACK,F7,Human
13906,WHITE,B1,CastellaBot
13907,WHITE,B2,CastellaBot
13908,WHITE,B3,CastellaBot
13909,WHITE,B5,CastellaBot
13910,BLACK,G7,Human
13911,WHITE,B1,CastellaBot
13912,WHITE,B2,CastellaBot
13913,WHITE,B3,CastellaBot
13914,BLACK,H7,Human
13915,WHITE,B1,CastellaBot
13916,WHITE,B2,CastellaBot
13917,WHITE,B3,CastellaBot
13918,WHITE,B5,CastellaBot
13919,WHITE,B1,CastellaBot
13920,BLACK,A1,Human
13921,WHITE,A3,CastellaBot
13922,WHITE,A4,CastellaBot
13923,WHITE,B2,CastellaBot
13924,WHITE,B3,CastellaBot
13925,WHITE,B5,CastellaBot
13926,WHITE,B6,CastellaBot
13927,WHITE,C6,CastellaBot
13928,WHITE,G6,CastellaBot
13929,BLACK,B2,Human
13930,WHITE,A1,CastellaBot
13931,BLACK,C6,Human
13932,WHITE,A3,CastellaBot
13933,BLACK,C7,Human
13934,WHITE,A4,CastellaBot
13935,BLACK,D7,Human
13936,WHITE,A4,CastellaBot
13937,BLACK,E7,Human
13938,WHITE,A4,CastellaBot
13939,BLACK,F7,Human
13940,WHITE,A3,CastellaBot
13941,BLACK,G7,Human
13942,WHITE,A3,CastellaBot
13943,BLACK,H7,Human
13944,WHITE,A3,CastellaBot
13945,WHITE,B2,CastellaBot
13946,BLACK,A2,Human
13947,WHITE,A1,CastellaBot
13948,WHITE,A3,CastellaBot
13949,WHITE,A4,CastellaBot
13950,WHITE,A5,CastellaBot
13951,WHITE,B1,CastellaBot
13952,WHITE,B3,CastellaBot
13953,WHITE,B5,CastellaBot
13954,WHITE,B6,CastellaBot
13955,WHITE,C6,CastellaBot
13956,WHITE,G6,CastellaBot
13957,BLACK,B1,Human
13958,WHITE,A1,CastellaBot
13959,WHITE,A3,CastellaBot
13960,WHITE,A4,CastellaBot
13961,WHITE,A5,CastellaBot
13962,WHITE,B3,CastellaBot
13963,WHITE,B5,CastellaBot
13964,WHITE,B6,CastellaBot
13965,WHITE,C6,CastellaBot
13966,BLACK,B3,Human
13967,WHITE,A2,CastellaBot
13968,WHITE,A3,CastellaBot
13969,WHITE,A4,CastellaBot
13970,WHITE,A5,CastellaBot
13971,WHITE,B5,CastellaBot
13972,WHITE,B6,CastellaBot
13973,WHITE,C6,CastellaBot
13974,WHITE,G6,CastellaBot
13975,BLACK,C6,Human
13976,WHITE,A3,CastellaBot
13977,WHITE,A4,CastellaBot
13978,WHITE,A5,CastellaBot
13979,WHITE,B3,CastellaBot
13980,WHITE,B5,CastellaBot
13981,WHITE,B6,CastellaBot
13982,WHITE,B7,CastellaBot
13983,WHITE,C7,CastellaBot
13984,WHITE,G6,CastellaBot
13985,BLACK,C7,Human
13986,WHITE,A4,CastellaBot
13987,WHITE,A5,CastellaBot
13988,WHITE,B3,CastellaBot
13989,WHITE,B5,CastellaBot
13990,WHITE,B6,CastellaBot
13991,WHITE,B8,CastellaBot
13992,WHITE,C6,CastellaBot
13993,WHITE,D7,CastellaBot
13994,WHITE,G6,CastellaBot
13995,BLACK,D7,Human
13996,WHITE,A3,CastellaBot
13997,BLACK,E7,Human
13998,WHITE,A4,CastellaBot
13999,WHITE,A5,CastellaBot
14000,WHITE,B3,CastellaBot
14001,WHITE,B5,CastellaBot
14002,WHITE,B6,CastellaBot
14003,WHITE,C6,CastellaBot
14004,WHITE,C7,CastellaBot
14005,WHITE,D7,CastellaBot
14006,WHITE,D8,CastellaBot
14007,WHITE,E8,CastellaBot
14008,WHITE,F7,CastellaBot
14009,WHITE,G6,CastellaBot
14010,WHITE,G7,CastellaBot
14011,BLACK,F7,Human
14012,WHITE,A3,CastellaBot
14013,WHITE,A4,CastellaBot
14014,WHITE,A5,CastellaBot
14015,WHITE,B5,CastellaBot
14016,WHITE,B6,CastellaBot
14017,WHITE,C6,CastellaBot
14018,BLACK,H7,Human
14019,WHITE,A3,CastellaBot
14020,WHITE,A4,CastellaBot
14021,WHITE,A5,CastellaBot
14022,WHITE,B3,CastellaBot
14023,WHITE,B5,CastellaBot
14024,WHITE,B3,CastellaBot
14025,BLACK,A3,Human
14026,WHITE,A2,CastellaBot
14027,WHITE,A4,CastellaBot
14028,WHITE,A5,CastellaBot
14029,WHITE,B2,CastellaBot
14030,WHITE,B5,CastellaBot
14031,WHITE,C6,CastellaBot
14032,WHITE,G6,CastellaBot
14033,BLACK,B1,Human
14034,WHITE,A1,CastellaBot
14035,BLACK,B2,Human
14036,WHITE,A1,CastellaBot
14037,BLACK,C6,Human
14038,WHITE,A3,CastellaBot
14039,BLACK,C7,Human
14040,WHITE,A4,CastellaBot
14041,BLACK,D7,Human
14042,WHITE,A4,CastellaBot
14043,BLACK,E7,Human
14044,WHITE,A4,CastellaBot
14045,BLACK,F7,Human
14046,WHITE,A3,CastellaBot
14047,BLACK,G7,Human
14048,WHITE,A3,CastellaBot
14049,BLACK,H7,Human
14050,WHITE,A3,CastellaBot
14051,WHITE,B5,CastellaBot
14052,BLACK,A5,Human
14053,WHITE,A3,CastellaBot
14054,WHITE,A4,CastellaBot
14055,WHITE,A6,CastellaBot
14056,WHITE,B1,CastellaBot
14057,WHITE,B2,CastellaBot
14058,WHITE,B3,CastellaBot
14059,WHITE,B6,CastellaBot
14060,WHITE,C6,CastellaBot
14061,WHITE,G6,CastellaBot
14062,BLACK,B1,Human
14063,WHITE,A1,CastellaBot
14064,BLACK,B6,Human
14065,WHITE,A3,CastellaBot
14066,BLACK,C6,Human
14067,WHITE,A3,CastellaBot
14068,WHITE,A4,CastellaBot
14069,WHITE,A5,CastellaBot
14070,WHITE,B1,CastellaBot
14071,WHITE,B2,CastellaBot
14072,WHITE,B3,CastellaBot
14073,WHITE,B6,CastellaBot
14074,WHITE,B7,CastellaBot
14075,WHITE,C7,CastellaBot
14076,BLACK,C7,Human
14077,WHITE,A3,CastellaBot
14078,WHITE,A4,CastellaBot
14079,WHITE,A5,CastellaBot
14080,WHITE,B1,CastellaBot
14081,WHITE,B2,CastellaBot
14082,BLACK,D7,Human
14083,WHITE,A3,CastellaBot
14084,WHITE,A4,CastellaBot
14085,WHITE,A5,CastellaBot
14086,BLACK,E7,Human
14087,WHITE,A4,CastellaBot
14088,WHITE,A5,CastellaBot
14089,WHITE,B1,CastellaBot
14090,WHITE,B2,CastellaBot
14091,WHITE,B3,CastellaBot
14092,WHITE,B6,CastellaBot
14093,WHITE,C6,CastellaBot
14094,WHITE,C7,CastellaBot
14095,WHITE,D7,CastellaBot
14096,WHITE,D8,CastellaBot
14097,WHITE,E8,CastellaBot
14098,WHITE,F7,CastellaBot
14099,WHITE,G6,CastellaBot
14100,BLACK,F7,Human
14101,WHITE,A3,CastellaBot
14102,BLACK,G7,Human
14103,WHITE,A3,CastellaBot
14104,BLACK,H7,Human
14105,WHITE,A3,CastellaBot
14106,WHITE,B6,CastellaBot
14107,BLACK,A7,Human
14108,WHITE,A3,CastellaBot
14109,WHITE,A4,CastellaBot
14110,WHITE,A5,CastellaBot
14111,WHITE,B1,CastellaBot
14112,WHITE,B2,CastellaBot
14113,WHITE,B3,CastellaBot
14114,WHITE,B5,CastellaBot
14115,WHITE,C6,CastellaBot
14116,WHITE,G6,CastellaBot
14117,BLACK,B1,Human
14118,WHITE,A1,CastellaBot
14119,BLACK,B5,Human
14120,WHITE,A3,CastellaBot
14121,WHITE,A4,CastellaBot
14122,WHITE,A5,CastellaBot
14123,WHITE,A6,CastellaBot
14124,WHITE,B1,CastellaBot
14125,WHITE,B2,CastellaBot
14126,WHITE,B3,CastellaBot
14127,WHITE,C6,CastellaBot
14128,BLACK,C6,Human
14129,WHITE,A3,CastellaBot
14130,WHITE,A4,CastellaBot
14131,WHITE,A5,CastellaBot
14132,WHITE,B1,CastellaBot
14133,WHITE,B2,CastellaBot
14134,WHITE,B3,CastellaBot
14135,WHITE,B5,CastellaBot
14136,WHITE,B7,CastellaBot
14137,WHITE,C7,CastellaBot
14138,BLACK,C7,Human
14139,WHITE,A3,CastellaBot
14140,WHITE,A4,CastellaBot
14141,WHITE,A5,CastellaBot
14142,WHITE,B1,CastellaBot
14143,WHITE,B2,CastellaBot
14144,WHITE,B3,CastellaBot
14145,WHITE,B5,CastellaBot
14146,WHITE,B8,CastellaBot
14147,WHITE,C6,CastellaBot
14148,WHITE,D7,CastellaBot
14149,WHITE,D8,CastellaBot
14150,WHITE,E7,CastellaBot
14151,WHITE,G6,CastellaBot
14152,BLACK,D7,Human
14153,WHITE,A3,CastellaBot
14154,WHITE,A4,CastellaBot
14155,WHITE,A5,CastellaBot
14156,WHITE,B2,CastellaBot
14157,WHITE,B3,CastellaBot
14158,WHITE,B5,CastellaBot
14159,WHITE,C6,CastellaBot
14160,BLACK,E7,Human
14161,WHITE,A4,CastellaBot
14162,WHITE,A5,CastellaBot
14163,WHITE,B1,CastellaBot
14164,WHITE,B2,CastellaBot
14165,WHITE,B3,CastellaBot
14166,WHITE,B5,CastellaBot
14167,WHITE,C6,CastellaBot
14168,WHITE,C7,CastellaBot
14169,WHITE,D7,CastellaBot
14170,WHITE,D8,CastellaBot
14171,WHITE,E8,CastellaBot
14172,WHITE,F7,CastellaBot
14173,WHITE,G6,CastellaBot
14174,WHITE,G7,CastellaBot
14175,BLACK,F7,Human
14176,WHITE,A3,CastellaBot
14177,WHITE,A4,CastellaBot
14178,WHITE,A5,CastellaBot
14179,WHITE,B1,CastellaBot
14180,WHITE,B2,CastellaBot
14181,WHITE,B3,CastellaBot
14182,WHITE,B5,CastellaBot
14183,WHITE,C6,CastellaBot
14184,WHITE,D7,CastellaBot
14185,WHITE,E7,CastellaBot
14186,WHITE,F8,CastellaBot
14187,BLACK,G7,Human
14188,WHITE,A3,CastellaBot
14189,WHITE,A4,CastellaBot
14190,BLACK,H7,Human
14191,WHITE,A3,CastellaBot
14192,WHITE,A4,CastellaBot
14193,WHITE,A5,CastellaBot
14194,WHITE,C6,CastellaBot
14195,BLACK,B1,Human
14196,WHITE,A1,CastellaBot
14197,WHITE,A3,CastellaBot
14198,WHITE,A4,CastellaBot
14199,WHITE,A5,CastellaBot
14200,WHITE,B2,CastellaBot
14201,BLACK,B2,Human
14202,WHITE,A1,CastellaBot
14203,BLACK,B3,Human
14204,WHITE,A2,CastellaBot
14205,WHITE,A3,CastellaBot
14206,WHITE,A4,CastellaBot
14207,WHITE,A5,CastellaBot
14208,WHITE,B2,CastellaBot
14209,WHITE,G6,CastellaBot
14210,BLACK,B5,Human
14211,WHITE,A3,CastellaBot
14212,WHITE,A4,CastellaBot
14213,WHITE,A5,CastellaBot
14214,WHITE,A6,CastellaBot
14215,WHITE,B6,CastellaBot
14216,WHITE,G6,CastellaBot
14217,BLACK,B6,Human
14218,WHITE,A3,CastellaBot
14219,BLACK,B7,Human
14220,WHITE,A3,CastellaBot
14221,WHITE,A4,CastellaBot
14222,WHITE,A5,CastellaBot
14223,WHITE,A8,CastellaBot
14224,BLACK,C7,Human
14225,WHITE,A3,CastellaBot
14226,WHITE,A4,CastellaBot
14227,WHITE,A5,CastellaBot
14228,WHITE,B8,CastellaBot
14229,BLACK,D7,Human
14230,WHITE,A3,CastellaBot
14231,WHITE,A4,CastellaBot
14232,WHITE,A5,CastellaBot
14233,WHITE,C7,CastellaBot
14234,WHITE,C8,CastellaBot
14235,BLACK,E7,Human
14236,WHITE,A4,CastellaBot
14237,WHITE,A5,CastellaBot
14238,WHITE,B5,CastellaBot
14239,WHITE,B6,CastellaBot
14240,WHITE,C7,CastellaBot
14241,WHITE,D7,CastellaBot
14242,WHITE,D8,CastellaBot
14243,WHITE,E8,CastellaBot
14244,WHITE,F7,CastellaBot
14245,WHITE,G6,CastellaBot
14246,BLACK,F7,Human
14247,WHITE,A3,CastellaBot
14248,WHITE,A4,CastellaBot
14249,WHITE,A5,CastellaBot
14250,WHITE,E7,CastellaBot
14251,BLACK,G7,Human
14252,WHITE,A3,CastellaBot
14253,BLACK,H7,Human
14254,WHITE,A3,CastellaBot
14255,WHITE,A4,CastellaBot
14256,WHITE,A5,CastellaBot
14257,WHITE,G6,CastellaBot
14258,WHITE,G6,CastellaBot
14259,BLACK,B1,Human
14260,WHITE,A1,CastellaBot
14261,WHITE,A3,CastellaBot
14262,WHITE,A4,CastellaBot
14263,WHITE,B2,CastellaBot
14264,WHITE,B3,CastellaBot
14265,WHITE,B5,CastellaBot
14266,WHITE,B6,CastellaBot
14267,BLACK,C6,Human
14268,WHITE,A3,CastellaBot
14269,WHITE,A4,CastellaBot
14270,WHITE,A5,CastellaBot
14271,WHITE,B1,CastellaBot
14272,WHITE,B2,CastellaBot
14273,WHITE,B3,CastellaBot
14274,WHITE,B5,CastellaBot
14275,WHITE,B6,CastellaBot
14276,WHITE,B7,CastellaBot
14277,WHITE,C7,CastellaBot
14278,BLACK,C7,Human
14279,WHITE,A4,CastellaBot
14280,WHITE,A5,CastellaBot
14281,WHITE,B1,CastellaBot
14282,WHITE,B2,CastellaBot
14283,WHITE,B3,CastellaBot
14284,WHITE,B5,CastellaBot
14285,WHITE,B6,CastellaBot
14286,WHITE,B8,CastellaBot
14287,BLACK,D7,Human
14288,WHITE,A4,CastellaBot
14289,WHITE,A5,CastellaBot
14290,WHITE,B1,CastellaBot
14291,WHITE,B2,CastellaBot
14292,WHITE,B3,CastellaBot
14293,WHITE,B5,CastellaBot
14294,WHITE,B6,CastellaBot
14295,WHITE,C6,CastellaBot
14296,BLACK,E7,Human
14297,WHITE,A4,CastellaBot
14298,BLACK,F7,Human
14299,WHITE,A3,CastellaBot
14300,WHITE,A4,CastellaBot
14301,WHITE,A5,CastellaBot
14302,WHITE,B1,CastellaBot
14303,WHITE,B2,CastellaBot
14304,WHITE,B3,CastellaBot
14305,WHITE,B5,CastellaBot
14306,WHITE,B6,CastellaBot
14307,WHITE,C6,CastellaBot
14308,WHITE,D7,CastellaBot
14309,WHITE,E7,CastellaBot
14310,WHITE,F8,CastellaBot
14311,WHITE,G7,CastellaBot
14312,WHITE,H7,CastellaBot
14313,BLACK,G7,Human
14314,WHITE,A3,CastellaBot
14315,WHITE,A4,CastellaBot
14316,BLACK,H7,Human
14317,WHITE,A3,CastellaBot
14318,WHITE,A4,CastellaBot
14319,WHITE,A5,CastellaBot
14320,WHITE,B2,CastellaBot
14321,WHITE,B3,CastellaBot
14322,WHITE,B5,CastellaBot
14323,WHITE,B6,CastellaBot
14324,WHITE,C6,CastellaBot
14325,WHITE,H8,CastellaBot
14326,WHITE,C6,CastellaBot
14327,BLACK,B5,Human
14328,WHITE,A3,CastellaBot
14329,BLACK,A4,Human
14330,WHITE,A5,CastellaBot
14331,WHITE,A6,CastellaBot
14332,WHITE,B3,CastellaBot
14333,WHITE,G6,CastellaBot
14334,BLACK,A5,Human
14335,WHITE,A4,CastellaBot
14336,WHITE,A6,CastellaBot
14337,WHITE,B2,CastellaBot
14338,WHITE,B3,CastellaBot
14339,WHITE,G6,CastellaBot
14340,BLACK,B1,Human
14341,WHITE,A1,CastellaBot
14342,BLACK,B2,Human
14343,WHITE,A1,CastellaBot
14344,BLACK,B3,Human
14345,WHITE,A2,CastellaBot
14346,WHITE,A4,CastellaBot
14347,WHITE,A5,CastellaBot
14348,WHITE,A6,CastellaBot
14349,WHITE,B2,CastellaBot
14350,WHITE,G6,CastellaBot
14351,BLACK,B6,Human
14352,WHITE,A4,CastellaBot
14353,BLACK,B7,Human
14354,WHITE,A5,CastellaBot
14355,BLACK,C7,Human
14356,WHITE,A4,CastellaBot
14357,BLACK,D7,Human
14358,WHITE,A5,CastellaBot
14359,BLACK,E7,Human
14360,WHITE,A4,CastellaBot
14361,BLACK,F7,Human
14362,WHITE,A4,CastellaBot
14363,BLACK,G7,Human
14364,WHITE,A4,CastellaBot
14365,BLACK,H7,Human
14366,WHITE,A4,CastellaBot
14367,WHITE,A4,CastellaBot
14368,BLACK,A3,Human
14369,WHITE,A2,CastellaBot
14370,WHITE,A5,CastellaBot
14371,WHITE,B3,CastellaBot
14372,WHITE,B6,CastellaBot
14373,WHITE,G6,CastellaBot
14374,BLACK,A5,Human
14375,WHITE,A3,CastellaBot
14376,WHITE,A6,CastellaBot
14377,WHITE,B2,CastellaBot
14378,WHITE,B3,CastellaBot
14379,WHITE,B6,CastellaBot
14380,WHITE,G6,CastellaBot
14381,BLACK,B1,Human
14382,WHITE,A1,CastellaBot
14383,BLACK,B2,Human
14384,WHITE,A1,CastellaBot
14385,BLACK,B3,Human
14386,WHITE,A2,CastellaBot
14387,WHITE,A3,CastellaBot
14388,BLACK,B7,Human
14389,WHITE,A8,CastellaBot
14390,BLACK,C7,Human
14391,WHITE,B6,CastellaBot
14392,BLACK,D7,Human
14393,WHITE,B6,CastellaBot
14394,BLACK,E7,Human
14395,WHITE,B6,CastellaBot
14396,WHITE,C7,CastellaBot
14397,WHITE,D7,CastellaBot
14398,BLACK,F7,Human
14399,WHITE,B6,CastellaBot
14400,WHITE,D7,CastellaBot
14401,BLACK,G7,Human
14402,WHITE,B6,CastellaBot
14403,BLACK,H7,Human
14404,WHITE,B6,CastellaBot
14405,WHITE,A5,CastellaBot
14406,BLACK,A3,Human
14407,WHITE,A4,CastellaBot
14408,WHITE,A6,CastellaBot
14409,WHITE,B6,CastellaBot
14410,WHITE,G6,CastellaBot
14411,BLACK,A4,Human
14412,WHITE,A3,CastellaBot
14413,BLACK,B1,Human
14414,WHITE,A1,CastellaBot
14415,BLACK,B2,Human
14416,WHITE,A1,CastellaBot
14417,BLACK,B3,Human
14418,WHITE,A2,CastellaBot
14419,WHITE,A3,CastellaBot
14420,BLACK,B7,Human
14421,WHITE,A6,CastellaBot
14422,BLACK,C7,Human
14423,WHITE,A6,CastellaBot
14424,WHITE,B6,CastellaBot
14425,BLACK,D7,Human
14426,WHITE,A6,CastellaBot
14427,WHITE,B6,CastellaBot
14428,BLACK,E7,Human
14429,WHITE,A4,CastellaBot
14430,WHITE,A6,CastellaBot
14431,WHITE,B6,CastellaBot
14432,WHITE,C7,CastellaBot
14433,WHITE,D7,CastellaBot
14434,BLACK,F7,Human
14435,WHITE,A4,CastellaBot
14436,WHITE,A6,CastellaBot
14437,WHITE,B6,CastellaBot
14438,WHITE,D7,CastellaBot
14439,WHITE,E7,CastellaBot
14440,BLACK,G7,Human
14441,WHITE,A4,CastellaBot
14442,BLACK,H7,Human
14443,WHITE,A4,CastellaBot
14444,WHITE,A6,CastellaBot
14445,WHITE,B6,CastellaBot
14446,WHITE,G6,CastellaBot
14447,WHITE,H8,CastellaBot
14448,WHITE,A6,CastellaBot
14449,BLACK,A5,Human
14450,WHITE,A3,CastellaBot
14451,WHITE,A4,CastellaBot
14452,WHITE,B6,CastellaBot
14453,WHITE,G6,CastellaBot
14454,BLACK,B1,Human
14455,WHITE,A1,CastellaBot
14456,BLACK,B2,Human
14457,WHITE,A1,CastellaBot
14458,BLACK,B3,Human
14459,WHITE,A2,CastellaBot
14460,WHITE,A3,CastellaBot
14461,BLACK,B6,Human
14462,WHITE,A3,CastellaBot
14463,BLACK,B7,Human
14464,WHITE,A3,CastellaBot
14465,BLACK,C7,Human
14466,WHITE,A4,CastellaBot
14467,WHITE,A5,CastellaBot
14468,WHITE,B3,CastellaBot
14469,WHITE,B6,CastellaBot
14470,BLACK,D7,Human
14471,WHITE,A4,CastellaBot
14472,WHITE,A5,CastellaBot
14473,WHITE,B3,CastellaBot
14474,WHITE,B6,CastellaBot
14475,WHITE,C7,CastellaBot
14476,WHITE,C8,CastellaBot
14477,BLACK,E7,Human
14478,WHITE,A4,CastellaBot
14479,WHITE,A5,CastellaBot
14480,WHITE,B3,CastellaBot
14481,WHITE,B6,CastellaBot
14482,WHITE,C7,CastellaBot
14483,WHITE,D7,CastellaBot
14484,BLACK,F7,Human
14485,WHITE,A3,CastellaBot
14486,WHITE,A4,CastellaBot
14487,WHITE,A5,CastellaBot
14488,WHITE,B3,CastellaBot
14489,WHITE,B6,CastellaBot
14490,WHITE,D7,CastellaBot
14491,WHITE,E7,CastellaBot
14492,BLACK,G7,Human
14493,WHITE,A3,CastellaBot
14494,BLACK,H7,Human
14495,WHITE,A3,CastellaBot
14496,WHITE,A4,CastellaBot
14497,WHITE,A5,CastellaBot
14498,WHITE,B3,CastellaBot
14499,WHITE,B6,CastellaBot
14500,WHITE,G6,CastellaBot
14501,WHITE,H8,CastellaBot
14502,WHITE,B6,CastellaBot
14503,BLACK,A7,Human
14504,WHITE,A3,CastellaBot
14505,WHITE,A4,CastellaBot
14506,WHITE,A5,CastellaBot
14507,WHITE,A6,CastellaBot
14508,WHITE,G6,CastellaBot
14509,BLACK,B1,Human
14510,WHITE,A1,CastellaBot
14511,BLACK,B2,Human
14512,WHITE,A1,CastellaBot
14513,BLACK,B3,Human
14514,WHITE,A2,CastellaBot
14515,WHITE,A3,CastellaBot
14516,BLACK,B7,Human
14517,WHITE,A3,CastellaBot
14518,BLACK,C7,Human
14519,WHITE,A3,CastellaBot
14520,BLACK,D7,Human
14521,WHITE,A3,CastellaBot
14522,WHITE,A4,CastellaBot
14523,WHITE,A5,CastellaBot
14524,WHITE,A6,CastellaBot
14525,WHITE,B3,CastellaBot
14526,WHITE,B7,CastellaBot
14527,WHITE,C7,CastellaBot
14528,BLACK,E7,Human
14529,WHITE,A4,CastellaBot
14530,WHITE,A5,CastellaBot
14531,WHITE,A6,CastellaBot
14532,WHITE,B3,CastellaBot
14533,WHITE,C7,CastellaBot
14534,WHITE,D7,CastellaBot
14535,BLACK,F7,Human
14536,WHITE,A3,CastellaBot
14537,WHITE,A4,CastellaBot
14538,WHITE,A5,CastellaBot
14539,WHITE,A6,CastellaBot
14540,BLACK,G7,Human
14541,WHITE,A3,CastellaBot
14542,BLACK,H7,Human
14543,WHITE,A3,CastellaBot
14544,WHITE,G6,CastellaBot
14545,BLACK,B1,Human
14546,WHITE,A1,CastellaBot
14547,WHITE,A3,CastellaBot
14548,WHITE,A4,CastellaBot
14549,WHITE,A5,CastellaBot
14550,WHITE,A6,CastellaBot
14551,WHITE,B6,CastellaBot
14552,BLACK,B2,Human
14553,WHITE,A1,CastellaBot
14554,BLACK,B3,Human
14555,WHITE,A2,CastellaBot
14556,WHITE,A3,CastellaBot
14557,WHITE,A4,CastellaBot
14558,WHITE,A5,CastellaBot
14559,WHITE,A6,CastellaBot
14560,WHITE,B2,CastellaBot
14561,BLACK,B7,Human
14562,WHITE,A3,CastellaBot
14563,BLACK,C7,Human
14564,WHITE,A4,CastellaBot
14565,WHITE,A5,CastellaBot
14566,WHITE,A6,CastellaBot
14567,WHITE,B6,CastellaBot
14568,BLACK,D7,Human
14569,WHITE,A4,CastellaBot
14570,WHITE,A5,CastellaBot
14571,WHITE,A6,CastellaBot
14572,WHITE,B6,CastellaBot
14573,BLACK,E7,Human
14574,WHITE,A4,CastellaBot
14575,WHITE,A5,CastellaBot
14576,WHITE,A6,CastellaBot
14577,WHITE,B6,CastellaBot
14578,WHITE,C7,CastellaBot
14579,WHITE,D7,CastellaBot
14580,WHITE,D8,CastellaBot
14581,WHITE,E8,CastellaBot
14582,WHITE,F7,CastellaBot
14583,WHITE,G7,CastellaBot
14584,BLACK,F7,Human
14585,WHITE,A3,CastellaBot
14586,WHITE,A4,CastellaBot
14587,WHITE,A5,CastellaBot
14588,WHITE,A6,CastellaBot
14589,WHITE,B6,CastellaBot
14590,WHITE,D7,CastellaBot
14591,WHITE,E7,CastellaBot
14592,WHITE,F8,CastellaBot
14593,BLACK,G7,Human
14594,WHITE,A3,CastellaBot
14595,BLACK,H7,Human
14596,WHITE,A3,CastellaBot
14597,WHITE,A6,CastellaBot
14598,BLACK,A5,Human
14599,WHITE,A3,CastellaBot
14600,BLACK,A4,Human
14601,WHITE,B3,CastellaBot
14602,WHITE,G6,CastellaBot
14603,BLACK,A7,Human
14604,WHITE,A4,CastellaBot
14605,WHITE,B6,CastellaBot
14606,WHITE,G6,CastellaBot
14607,BLACK,B1,Human
14608,WHITE,A1,CastellaBot
14609,BLACK,B2,Human
14610,WHITE,A1,CastellaBot
14611,BLACK,B3,Human
14612,WHITE,A2,CastellaBot
14613,WHITE,A4,CastellaBot
14614,WHITE,B2,CastellaBot
14615,WHITE,G6,CastellaBot
14616,BLACK,B6,Human
14617,WHITE,A4,CastellaBot
14618,BLACK,B7,Human
14619,WHITE,A4,CastellaBot
14620,BLACK,C7,Human
14621,WHITE,A4,CastellaBot
14622,BLACK,D7,Human
14623,WHITE,A4,CastellaBot
14624,BLACK,E7,Human
14625,WHITE,A4,CastellaBot
14626,BLACK,F7,Human
14627,WHITE,A4,CastellaBot
14628,BLACK,G7,Human
14629,WHITE,A4,CastellaBot
14630,BLACK,H7,Human
14631,WHITE,A4,CastellaBot
14632,WHITE,A4,CastellaBot
14633,BLACK,A3,Human
14634,WHITE,A2,CastellaBot
14635,WHITE,B3,CastellaBot
14636,WHITE,B6,CastellaBot
14637,WHITE,G6,CastellaBot
14638,BLACK,B1,Human
14639,WHITE,A1,CastellaBot
14640,BLACK,B2,Human
14641,WHITE,A1,CastellaBot
14642,BLACK,B3,Human
14643,WHITE,A2,CastellaBot
14644,WHITE,A3,CastellaBot
14645,BLACK,B7,Human
14646,WHITE,A8,CastellaBot
14647,BLACK,C7,Human
14648,WHITE,B6,CastellaBot
14649,BLACK,D7,Human
14650,WHITE,B6,CastellaBot
14651,BLACK,E7,Human
14652,WHITE,B6,CastellaBot
14653,WHITE,C7,CastellaBot
14654,WHITE,D7,CastellaBot
14655,BLACK,F7,Human
14656,WHITE,B6,CastellaBot
14657,WHITE,D7,CastellaBot
14658,WHITE,E7,CastellaBot
14659,BLACK,G7,Human
14660,WHITE,B6,CastellaBot
14661,BLACK,H7,Human
14662,WHITE,B6,CastellaBot
14663,WHITE,G6,CastellaBot
14664,WHITE,H8,CastellaBot
14665,WHITE,B6,CastellaBot
14666,BLACK,A7,Human
14667,WHITE,A3,CastellaBot
14668,WHITE,A4,CastellaBot
14669,WHITE,G6,CastellaBot
14670,BLACK,B1,Human
14671,WHITE,A1,CastellaBot
14672,BLACK,B2,Human
14673,WHITE,A1,CastellaBot
14674,BLACK,B3,Human
14675,WHITE,A2,CastellaBot
14676,WHITE,A3,CastellaBot
14677,BLACK,B7,Human
14678,WHITE,A3,CastellaBot
14679,BLACK,C7,Human
14680,WHITE,A3,CastellaBot
14681,BLACK,D7,Human
14682,WHITE,A3,CastellaBot
14683,BLACK,E7,Human
14684,WHITE,A4,CastellaBot
14685,BLACK,F7,Human
14686,WHITE,A3,CastellaBot
14687,BLACK,G7,Human
14688,WHITE,A3,CastellaBot
14689,BLACK,H7,Human
14690,WHITE,A3,CastellaBot
14691,WHITE,G6,CastellaBot
14692,BLACK,A7,Human
14693,WHITE,A3,CastellaBot
14694,WHITE,A4,CastellaBot
14695,WHITE,B6,CastellaBot
14696,BLACK,B1,Human
14697,WHITE,A1,CastellaBot
14698,BLACK,B2,Human
14699,WHITE,A1,CastellaBot
14700,BLACK,B3,Human
14701,WHITE,A2,CastellaBot
14702,WHITE,A3,CastellaBot
14703,BLACK,B7,Human
14704,WHITE,A3,CastellaBot
14705,BLACK,C7,Human
14706,WHITE,A4,CastellaBot
14707,WHITE,B6,CastellaBot
14708,BLACK,D7,Human
14709,WHITE,A4,CastellaBot
14710,WHITE,B6,CastellaBot
14711,BLACK,E7,Human
14712,WHITE,A4,CastellaBot
14713,WHITE,B6,CastellaBot
14714,WHITE,C7,CastellaBot
14715,WHITE,D7,CastellaBot
14716,WHITE,D8,CastellaBot
14717,WHITE,E8,CastellaBot
14718,WHITE,F7,CastellaBot
14719,WHITE,G7,CastellaBot
14720,BLACK,F7,Human
14721,WHITE,A3,CastellaBot
14722,WHITE,A4,CastellaBot
14723,WHITE,B6,CastellaBot
14724,WHITE,D7,CastellaBot
14725,WHITE,E7,CastellaBot
14726,WHITE,F8,CastellaBot
14727,BLACK,G7,Human
14728,WHITE,A3,CastellaBot
14729,BLACK,H7,Human
14730,WHITE,A3,CastellaBot
14731,WHITE,A4,CastellaBot
14732,BLACK,A3,Human
14733,WHITE,A2,CastellaBot
14734,BLACK,B1,Human
14735,WHITE,A1,CastellaBot
14736,WHITE,B2,CastellaBot
14737,WHITE,B3,CastellaBot
14738,WHITE,B6,CastellaBot
14739,BLACK,B2,Human
14740,WHITE,A1,CastellaBot
14741,BLACK,B3,Human
14742,WHITE,B2,CastellaBot
14743,WHITE,G6,CastellaBot
14744,BLACK,B6,Human
14745,WHITE,A7,CastellaBot
14746,BLACK,B7,Human
14747,WHITE,A8,CastellaBot
14748,BLACK,C7,Human
14749,WHITE,B3,CastellaBot
14750,BLACK,D7,Human
14751,WHITE,B3,CastellaBot
14752,BLACK,E7,Human
14753,WHITE,B3,CastellaBot
14754,BLACK,F7,Human
14755,WHITE,B3,CastellaBot
14756,BLACK,G7,Human
14757,WHITE,B3,CastellaBot
14758,BLACK,H7,Human
14759,WHITE,B3,CastellaBot
14760,WHITE,B3,CastellaBot
14761,BLACK,A2,Human
14762,WHITE,A1,CastellaBot
14763,WHITE,B2,CastellaBot
14764,WHITE,B6,CastellaBot
14765,WHITE,G6,CastellaBot
14766,BLACK,A7,Human
14767,WHITE,B6,CastellaBot
14768,WHITE,G6,CastellaBot
14769,BLACK,B1,Human
14770,WHITE,A1,CastellaBot
14771,BLACK,B2,Human
14772,WHITE,A1,CastellaBot
14773,BLACK,B7,Human
14774,WHITE,A2,CastellaBot
14775,BLACK,C7,Human
14776,WHITE,A2,CastellaBot
14777,BLACK,D7,Human
14778,WHITE,A2,CastellaBot
14779,BLACK,E7,Human
14780,WHITE,A2,CastellaBot
14781,BLACK,F7,Human
14782,WHITE,A2,CastellaBot
14783,BLACK,G7,Human
14784,WHITE,A2,CastellaBot
14785,BLACK,H7,Human
14786,WHITE,A2,CastellaBot
14787,WHITE,B6,CastellaBot
14788,BLACK,A7,Human
14789,WHITE,B3,CastellaBot
14790,WHITE,B7,CastellaBot
14791,WHITE,G6,CastellaBot
14792,BLACK,B1,Human
14793,WHITE,A1,CastellaBot
14794,BLACK,B2,Human
14795,WHITE,A1,CastellaBot
14796,BLACK,B3,Human
14797,WHITE,A2,CastellaBot
14798,BLACK,B7,Human
14799,WHITE,A2,CastellaBot
14800,BLACK,C7,Human
14801,WHITE,A2,CastellaBot
14802,BLACK,D7,Human
14803,WHITE,A2,CastellaBot
14804,BLACK,E7,Human
14805,WHITE,A2,CastellaBot
14806,BLACK,F7,Human
14807,WHITE,A2,CastellaBot
14808,BLACK,G7,Human
14809,WHITE,A2,CastellaBot
14810,BLACK,H7,Human
14811,WHITE,A2,CastellaBot
14812,WHITE,G6,CastellaBot
14813,BLACK,A7,Human
14814,WHITE,B3,CastellaBot
14815,WHITE,B6,CastellaBot
14816,BLACK,B1,Human
14817,WHITE,A1,CastellaBot
14818,BLACK,B2,Human
14819,WHITE,A1,CastellaBot
14820,BLACK,B3,Human
14821,WHITE,A2,CastellaBot
14822,WHITE,B2,CastellaBot
14823,BLACK,B6,Human
14824,WHITE,A2,CastellaBot
14825,BLACK,B7,Human
14826,WHITE,A2,CastellaBot
14827,BLACK,C7,Human
14828,WHITE,A2,CastellaBot
14829,BLACK,D7,Human
14830,WHITE,A2,CastellaBot
14831,BLACK,E7,Human
14832,WHITE,A2,CastellaBot
14833,BLACK,F7,Human
14834,WHITE,A2,CastellaBot
14835,WHITE,B3,CastellaBot
14836,WHITE,B6,CastellaBot
14837,WHITE,D7,CastellaBot
14838,WHITE,E7,CastellaBot
14839,BLACK,G7,Human
14840,WHITE,A2,CastellaBot
14841,BLACK,H7,Human
14842,WHITE,A2,CastellaBot
14843,WHITE,G6,CastellaBot
14844,BLACK,B3,Human
14845,WHITE,A2,CastellaBot
14846,BLACK,B1,Human
14847,WHITE,A1,CastellaBot
14848,WHITE,B2,CastellaBot
14849,BLACK,B2,Human
14850,WHITE,A1,CastellaBot
14851,BLACK,B6,Human
14852,WHITE,B2,CastellaBot
14853,WHITE,B7,CastellaBot
14854,WHITE,C7,CastellaBot
14855,BLACK,B7,Human
14856,WHITE,A8,CastellaBot
14857,BLACK,C7,Human
14858,WHITE,B2,CastellaBot
14859,WHITE,B6,CastellaBot
14860,WHITE,B7,CastellaBot
14861,WHITE,B8,CastellaBot
14862,WHITE,C8,CastellaBot
14863,WHITE,D7,CastellaBot
14864,WHITE,E7,CastellaBot
14865,BLACK,D7,Human
14866,WHITE,B2,CastellaBot
14867,WHITE,C7,CastellaBot
14868,WHITE,C8,CastellaBot
14869,WHITE,D8,CastellaBot
14870,WHITE,E7,CastellaBot
14871,WHITE,E8,CastellaBot
14872,WHITE,F7,CastellaBot
14873,BLACK,E7,Human
14874,WHITE,C7,CastellaBot
14875,WHITE,D7,CastellaBot
14876,WHITE,D8,CastellaBot
14877,WHITE,E8,CastellaBot
14878,WHITE,F7,CastellaBot
14879,WHITE,F8,CastellaBot
14880,BLACK,F7,Human
14881,WHITE,E7,CastellaBot
14882,WHITE,F8,CastellaBot
14883,BLACK,G7,Human
14884,WHITE,E7,CastellaBot
14885,BLACK,H7,Human
14886,WHITE,B2,CastellaBot
14887,WHITE,H8,CastellaBot
14888,WHITE,B2,CastellaBot
14889,BLACK,A2,Human
14890,WHITE,A1,CastellaBot
14891,WHITE,B1,CastellaBot
14892,WHITE,B6,CastellaBot
14893,BLACK,A7,Human
14894,WHITE,B6,CastellaBot
14895,BLACK,B1,Human
14896,WHITE,A1,CastellaBot
14897,BLACK,B7,Human
14898,WHITE,A2,CastellaBot
14899,BLACK,C7,Human
14900,WHITE,A2,CastellaBot
14901,BLACK,D7,Human
14902,WHITE,A2,CastellaBot
14903,BLACK,E7,Human
14904,WHITE,A2,CastellaBot
14905,BLACK,F7,Human
14906,WHITE,A2,CastellaBot
14907,BLACK,G7,Human
14908,WHITE,A2,CastellaBot
14909,BLACK,H7,Human
14910,WHITE,A2,CastellaBot
14911,WHITE,A2,CastellaBot
14912,BLACK,B6,Human
14913,WHITE,B2,CastellaBot
14914,BLACK,B1,Human
14915,WHITE,A1,CastellaBot
14916,WHITE,A7,CastellaBot
14917,WHITE,C7,CastellaBot
14918,BLACK,B7,Human
14919,WHITE,A7,CastellaBot
14920,WHITE,A8,CastellaBot
14921,BLACK,C7,Human
14922,WHITE,A7,CastellaBot
14923,WHITE,B7,CastellaBot
14924,WHITE,B8,CastellaBot
14925,WHITE,C8,CastellaBot
14926,WHITE,D7,CastellaBot
14927,WHITE,D8,CastellaBot
14928,WHITE,E7,CastellaBot
14929,BLACK,D7,Human
14930,WHITE,B7,CastellaBot
14931,WHITE,C7,CastellaBot
14932,WHITE,C8,CastellaBot
14933,WHITE,D8,CastellaBot
14934,WHITE,E7,CastellaBot
14935,WHITE,E8,CastellaBot
14936,WHITE,F7,CastellaBot
14937,BLACK,E7,Human
14938,WHITE,A7,CastellaBot
14939,WHITE,B7,CastellaBot
14940,WHITE,C7,CastellaBot
14941,WHITE,D7,CastellaBot
14942,WHITE,D8,CastellaBot
14943,WHITE,E8,CastellaBot
14944,BLACK,F7,Human
14945,WHITE,A7,CastellaBot
14946,WHITE,B7,CastellaBot
14947,WHITE,C7,CastellaBot
14948,WHITE,E7,CastellaBot
14949,BLACK,G7,Human
14950,WHITE,A7,CastellaBot
14951,BLACK,H7,Human
14952,WHITE,A7,CastellaBot
14953,WHITE,B7,CastellaBot
14954,WHITE,C7,CastellaBot
14955,WHITE,H8,CastellaBot
14956,WHITE,B7,CastellaBot
14957,BLACK,A7,Human
14958,WHITE,A8,CastellaBot
14959,WHITE,B2,CastellaBot
14960,WHITE,C7,CastellaBot
14961,BLACK,A8,Human
14962,WHITE,B2,CastellaBot
14963,WHITE,B8,CastellaBot
14964,WHITE,C7,CastellaBot
14965,WHITE,C8,CastellaBot
14966,WHITE,D7,CastellaBot
14967,BLACK,B1,Human
14968,WHITE,A1,CastellaBot
14969,BLACK,B2,Human
14970,WHITE,A1,CastellaBot
14971,BLACK,C7,Human
14972,WHITE,B2,CastellaBot
14973,BLACK,D7,Human
14974,WHITE,B2,CastellaBot
14975,BLACK,E7,Human
14976,WHITE,C7,CastellaBot
14977,BLACK,F7,Human
14978,WHITE,E7,CastellaBot
14979,BLACK,G7,Human
14980,WHITE,E7,CastellaBot
14981,BLACK,H7,Human
14982,WHITE,B2,CastellaBot
14983,WHITE,C7,CastellaBot
14984,BLACK,A7,Human
14985,WHITE,A8,CastellaBot
14986,WHITE,B2,CastellaBot
14987,WHITE,B7,CastellaBot
14988,BLACK,B1,Human
14989,WHITE,A1,CastellaBot
14990,WHITE,B2,CastellaBot
14991,BLACK,B2,Human
14992,WHITE,A1,CastellaBot
14993,BLACK,B7,Human
14994,WHITE,A7,CastellaBot
14995,WHITE,A8,CastellaBot
14996,WHITE,B2,CastellaBot
14997,WHITE,B8,CastellaBot
14998,WHITE,C8,CastellaBot
14999,WHITE,D7,CastellaBot
15000,BLACK,B8,Human
15001,WHITE,B2,CastellaBot
15002,WHITE,C8,CastellaBot
15003,WHITE,D7,CastellaBot
15004,WHITE,D8,CastellaBot
15005,WHITE,E7,CastellaBot
15006,BLACK,C8,Human
15007,WHITE,B2,CastellaBot
15008,WHITE,B7,CastellaBot
15009,WHITE,B8,CastellaBot
15010,WHITE,D7,CastellaBot
15011,WHITE,D8,CastellaBot
15012,BLACK,D7,Human
15013,WHITE,B2,CastellaBot
15014,WHITE,B7,CastellaBot
15015,WHITE,C8,CastellaBot
15016,WHITE,D8,CastellaBot
15017,WHITE,E7,CastellaBot
15018,WHITE,E8,CastellaBot
15019,WHITE,F7,CastellaBot
15020,BLACK,E7,Human
15021,WHITE,D7,CastellaBot
15022,WHITE,D8,CastellaBot
15023,WHITE,E8,CastellaBot
15024,WHITE,F7,CastellaBot
15025,BLACK,F7,Human
15026,WHITE,E7,CastellaBot
15027,WHITE,F8,CastellaBot
15028,BLACK,G7,Human
15029,WHITE,E7,CastellaBot
15030,BLACK,H7,Human
15031,WHITE,B2,CastellaBot
15032,WHITE,H8,CastellaBot
15033,WHITE,B2,CastellaBot
15034,BLACK,F7,Human
15035,WHITE,A7,CastellaBot
15036,BLACK,A1,Human
15037,WHITE,B1,CastellaBot
15038,WHITE,E7,CastellaBot
15039,WHITE,F8,CastellaBot
15040,WHITE,G8,CastellaBot
15041,WHITE,H7,CastellaBot
15042,BLACK,B1,Human
15043,WHITE,A1,CastellaBot
15044,BLACK,B7,Human
15045,WHITE,A8,CastellaBot
15046,BLACK,C7,Human
15047,WHITE,B8,CastellaBot
15048,BLACK,D7,Human
15049,WHITE,B7,CastellaBot
15050,WHITE,C7,CastellaBot
15051,WHITE,C8,CastellaBot
15052,WHITE,D8,CastellaBot
15053,WHITE,E7,CastellaBot
15054,WHITE,E8,CastellaBot
15055,WHITE,F8,CastellaBot
15056,BLACK,E7,Human
15057,WHITE,C7,CastellaBot
15058,WHITE,D7,CastellaBot
15059,WHITE,D8,CastellaBot
15060,WHITE,E8,CastellaBot
15061,WHITE,F8,CastellaBot
15062,BLACK,H7,Human
15063,WHITE,E7,CastellaBot
15064,WHITE,F8,CastellaBot
15065,WHITE,B7,CastellaBot
15066,BLACK,A1,Human
15067,WHITE,B1,CastellaBot
15068,WHITE,E7,CastellaBot
15069,WHITE,F8,CastellaBot
15070,WHITE,G8,CastellaBot
15071,WHITE,H7,CastellaBot
15072,BLACK,A7,Human
15073,WHITE,A8,CastellaBot
15074,BLACK,A8,Human
15075,WHITE,B8,CastellaBot
15076,WHITE,C7,CastellaBot
15077,WHITE,C8,CastellaBot
15078,WHITE,D7,CastellaBot
15079,WHITE,E7,CastellaBot
15080,WHITE,F8,CastellaBot
15081,BLACK,B1,Human
15082,WHITE,A1,CastellaBot
15083,BLACK,C7,Human
15084,WHITE,B8,CastellaBot
15085,WHITE,C8,CastellaBot
15086,BLACK,D7,Human
15087,WHITE,C7,CastellaBot
15088,WHITE,C8,CastellaBot
15089,WHITE,D8,CastellaBot
15090,BLACK,E7,Human
15091,WHITE,C7,CastellaBot
15092,WHITE,D7,CastellaBot
15093,WHITE,D8,CastellaBot
15094,WHITE,E8,CastellaBot
15095,BLACK,H7,Human
15096,WHITE,E7,CastellaBot
15097,WHITE,F8,CastellaBot
15098,WHITE,C7,CastellaBot
15099,BLACK,A1,Human
15100,WHITE,B1,CastellaBot
15101,WHITE,E7,CastellaBot
15102,WHITE,F8,CastellaBot
15103,WHITE,G8,CastellaBot
15104,WHITE,H7,CastellaBot
15105,BLACK,A7,Human
15106,WHITE,A8,CastellaBot
15107,BLACK,B1,Human
15108,WHITE,A1,CastellaBot
15109,BLACK,B7,Human
15110,WHITE,A7,CastellaBot
15111,WHITE,A8,CastellaBot
15112,BLACK,B8,Human
15113,WHITE,C8,CastellaBot
15114,WHITE,D7,CastellaBot
15115,WHITE,D8,CastellaBot
15116,WHITE,E7,CastellaBot
15117,BLACK,C8,Human
15118,WHITE,B7,CastellaBot
15119,WHITE,B8,CastellaBot
15120,WHITE,D7,CastellaBot
15121,WHITE,D8,CastellaBot
15122,WHITE,E7,CastellaBot
15123,WHITE,F8,CastellaBot
15124,BLACK,D7,Human
15125,WHITE,B7,CastellaBot
15126,WHITE,C8,CastellaBot
15127,WHITE,D8,CastellaBot
15128,WHITE,E7,CastellaBot
15129,WHITE,E8,CastellaBot
15130,WHITE,F8,CastellaBot
15131,BLACK,E7,Human
15132,WHITE,D7,CastellaBot
15133,WHITE,D8,CastellaBot
15134,WHITE,E8,CastellaBot
15135,WHITE,F8,CastellaBot
15136,BLACK,H7,Human
15137,WHITE,E7,CastellaBot
15138,WHITE,F8,CastellaBot
15139,WHITE,E7,CastellaBot
15140,BLACK,B1,Human
15141,WHITE,A1,CastellaBot
15142,WHITE,A7,CastellaBot
15143,WHITE,C7,CastellaBot
15144,WHITE,F8,CastellaBot
15145,WHITE,G7,CastellaBot
15146,WHITE,G8,CastellaBot
15147,WHITE,H7,CastellaBot
15148,BLACK,B7,Human
15149,WHITE,A7,CastellaBot
15150,WHITE,A8,CastellaBot
15151,BLACK,C7,Human
15152,WHITE,A7,CastellaBot
15153,WHITE,B7,CastellaBot
15154,WHITE,B8,CastellaBot
15155,WHITE,C8,CastellaBot
15156,WHITE,D7,CastellaBot
15157,WHITE,D8,CastellaBot
15158,WHITE,F8,CastellaBot
15159,WHITE,G7,CastellaBot
15160,WHITE,G8,CastellaBot
15161,WHITE,H7,CastellaBot
15162,BLACK,D7,Human
15163,WHITE,B7,CastellaBot
15164,WHITE,C7,CastellaBot
15165,WHITE,C8,CastellaBot
15166,WHITE,D8,CastellaBot
15167,WHITE,E8,CastellaBot
15168,WHITE,F8,CastellaBot
15169,WHITE,G7,CastellaBot
15170,WHITE,G8,CastellaBot
15171,WHITE,H7,CastellaBot
15172,BLACK,E8,Human
15173,WHITE,A7,CastellaBot
15174,WHITE,B7,CastellaBot
15175,WHITE,C7,CastellaBot
15176,WHITE,D7,CastellaBot
15177,WHITE,D8,CastellaBot
15178,WHITE,F8,CastellaBot
15179,WHITE,G7,CastellaBot
15180,WHITE,G8,CastellaBot
15181,WHITE,H7,CastellaBot
15182,BLACK,F8,Human
15183,WHITE,A7,CastellaBot
15184,WHITE,B7,CastellaBot
15185,WHITE,C7,CastellaBot
15186,WHITE,D7,CastellaBot
15187,WHITE,D8,CastellaBot
15188,WHITE,E8,CastellaBot
15189,WHITE,G7,CastellaBot
15190,WHITE,G8,CastellaBot
15191,WHITE,H7,CastellaBot
15192,BLACK,H7,Human
15193,WHITE,A7,CastellaBot
15194,WHITE,B7,CastellaBot
15195,WHITE,C7,CastellaBot
15196,WHITE,F8,CastellaBot
15197,WHITE,F8,CastellaBot
15198,BLACK,B1,Human
15199,WHITE,A1,CastellaBot
15200,WHITE,A7,CastellaBot
15201,WHITE,C7,CastellaBot
15202,WHITE,H7,CastellaBot
15203,BLACK,B7,Human
15204,WHITE,A7,CastellaBot
15205,WHITE,A8,CastellaBot
15206,WHITE,B8,CastellaBot
15207,WHITE,C7,CastellaBot
15208,WHITE,C8,CastellaBot
15209,WHITE,D7,CastellaBot
15210,WHITE,H7,CastellaBot
15211,BLACK,C7,Human
15212,WHITE,A7,CastellaBot
15213,WHITE,B7,CastellaBot
15214,WHITE,B8,CastellaBot
15215,WHITE,C8,CastellaBot
15216,WHITE,D7,CastellaBot
15217,WHITE,D8,CastellaBot
15218,WHITE,E7,CastellaBot
15219,WHITE,H7,CastellaBot
15220,BLACK,D7,Human
15221,WHITE,A7,CastellaBot
15222,WHITE,B7,CastellaBot
15223,WHITE,C7,CastellaBot
15224,WHITE,C8,CastellaBot
15225,WHITE,D8,CastellaBot
15226,WHITE,E7,CastellaBot
15227,WHITE,E8,CastellaBot
15228,WHITE,H7,CastellaBot
15229,BLACK,E7,Human
15230,WHITE,A7,CastellaBot
15231,WHITE,B7,CastellaBot
15232,WHITE,C7,CastellaBot
15233,WHITE,D7,CastellaBot
15234,WHITE,D8,CastellaBot
15235,WHITE,E8,CastellaBot
15236,BLACK,E8,Human
15237,WHITE,A7,CastellaBot
15238,BLACK,H7,Human
15239,WHITE,A7,CastellaBot
15240,WHITE,G7,CastellaBot
15241,BLACK,B1,Human
15242,WHITE,A1,CastellaBot
15243,WHITE,A7,CastellaBot
15244,WHITE,C7,CastellaBot
15245,WHITE,E7,CastellaBot
15246,WHITE,F8,CastellaBot
15247,WHITE,G8,CastellaBot
15248,WHITE,H7,CastellaBot
15249,BLACK,B7,Human
15250,WHITE,A7,CastellaBot
15251,WHITE,A8,CastellaBot
15252,BLACK,C7,Human
15253,WHITE,A7,CastellaBot
15254,WHITE,B7,CastellaBot
15255,WHITE,B8,CastellaBot
15256,WHITE,C8,CastellaBot
15257,WHITE,D7,CastellaBot
15258,WHITE,D8,CastellaBot
15259,WHITE,E7,CastellaBot
15260,WHITE,F8,CastellaBot
15261,WHITE,G8,CastellaBot
15262,WHITE,H7,CastellaBot
15263,BLACK,D7,Human
15264,WHITE,B7,CastellaBot
15265,WHITE,C7,CastellaBot
15266,WHITE,C8,CastellaBot
15267,WHITE,D8,CastellaBot
15268,WHITE,E7,CastellaBot
15269,WHITE,E8,CastellaBot
15270,WHITE,F8,CastellaBot
15271,WHITE,G8,CastellaBot
15272,WHITE,H7,CastellaBot
15273,BLACK,E7,Human
15274,WHITE,A7,CastellaBot
15275,WHITE,B7,CastellaBot
15276,WHITE,C7,CastellaBot
15277,WHITE,D7,CastellaBot
15278,WHITE,D8,CastellaBot
15279,WHITE,E8,CastellaBot
15280,WHITE,F8,CastellaBot
15281,BLACK,G8,Human
15282,WHITE,A7,CastellaBot
15283,BLACK,H7,Human
15284,WHITE,A7,CastellaBot
15285,WHITE,G8,CastellaBot
15286,BLACK,A1,Human
15287,WHITE,B1,CastellaBot
15288,WHITE,B7,CastellaBot
15289,WHITE,C7,CastellaBot
15290,WHITE,E7,CastellaBot
15291,WHITE,H7,CastellaBot
15292,BLACK,B1,Human
15293,WHITE,A1,CastellaBot
15294,BLACK,B7,Human
15295,WHITE,A7,CastellaBot
15296,BLACK,C7,Human
15297,WHITE,A7,CastellaBot
15298,BLACK,D7,Human
15299,WHITE,B7,CastellaBot
15300,BLACK,E7,Human
15301,WHITE,A7,CastellaBot
15302,BLACK,E8,Human
15303,WHITE,A7,CastellaBot
15304,BLACK,F8,Human
15305,WHITE,A7,CastellaBot
15306,BLACK,H7,Human
15307,WHITE,A7,CastellaBot
15308,WHITE,H7,CastellaBot
15309,BLACK,A1,Human
15310,WHITE,B1,CastellaBot
15311,WHITE,B7,CastellaBot
15312,WHITE,C7,CastellaBot
15313,WHITE,E7,CastellaBot
15314,WHITE,E8,CastellaBot
15315,WHITE,F8,CastellaBot
15316,WHITE,G8,CastellaBot
15317,BLACK,B1,Human
15318,WHITE,A1,CastellaBot
15319,BLACK,B7,Human
15320,WHITE,A7,CastellaBot
15321,BLACK,C7,Human
15322,WHITE,A7,CastellaBot
15323,BLACK,D7,Human
15324,WHITE,B7,CastellaBot
15325,BLACK,E7,Human
15326,WHITE,A7,CastellaBot
15327,BLACK,G7,Human
15328,WHITE,A7,CastellaBot
15329,BLACK,H8,Human
15330,WHITE,A7,CastellaBot
15331,WHITE,B7,CastellaBot
15332,WHITE,C7,CastellaBot
15333,WHITE,E7,CastellaBot
15334,WHITE,E8,CastellaBot
15335,WHITE,F8,CastellaBot
15336,WHITE,F8,CastellaBot
15337,BLACK,E7,Human
15338,WHITE,A7,CastellaBot
15339,BLACK,A1,Human
15340,WHITE,B1,CastellaBot
15341,WHITE,C7,CastellaBot
15342,WHITE,D7,CastellaBot
15343,WHITE,D8,CastellaBot
15344,WHITE,E8,CastellaBot
15345,WHITE,H7,CastellaBot
15346,BLACK,B1,Human
15347,WHITE,A1,CastellaBot
15348,BLACK,B7,Human
15349,WHITE,A8,CastellaBot
15350,BLACK,D7,Human
15351,WHITE,B7,CastellaBot
15352,WHITE,C7,CastellaBot
15353,BLACK,E8,Human
15354,WHITE,C7,CastellaBot
15355,BLACK,G7,Human
15356,WHITE,C7,CastellaBot
15357,BLACK,G8,Human
15358,WHITE,C7,CastellaBot
15359,BLACK,H7,Human
15360,WHITE,C7,CastellaBot
15361,WHITE,B7,CastellaBot
15362,BLACK,A1,Human
15363,WHITE,B1,CastellaBot
15364,WHITE,C7,CastellaBot
15365,WHITE,D7,CastellaBot
15366,WHITE,D8,CastellaBot
15367,WHITE,E8,CastellaBot
15368,WHITE,H7,CastellaBot
15369,BLACK,A7,Human
15370,WHITE,A8,CastellaBot
15371,BLACK,A8,Human
15372,WHITE,B8,CastellaBot
15373,WHITE,C7,CastellaBot
15374,BLACK,B1,Human
15375,WHITE,A1,CastellaBot
15376,BLACK,C7,Human
15377,WHITE,B8,CastellaBot
15378,BLACK,E8,Human
15379,WHITE,C7,CastellaBot
15380,BLACK,G7,Human
15381,WHITE,C7,CastellaBot
15382,BLACK,G8,Human
15383,WHITE,C7,CastellaBot
15384,BLACK,H7,Human
15385,WHITE,C7,CastellaBot
15386,WHITE,C7,CastellaBot
15387,BLACK,A1,Human
15388,WHITE,B1,CastellaBot
15389,WHITE,D7,CastellaBot
15390,WHITE,D8,CastellaBot
15391,WHITE,E8,CastellaBot
15392,WHITE,H7,CastellaBot
15393,BLACK,A7,Human
15394,WHITE,A8,CastellaBot
15395,BLACK,B1,Human
15396,WHITE,A1,CastellaBot
15397,BLACK,B7,Human
15398,WHITE,A7,CastellaBot
15399,WHITE,A8,CastellaBot
15400,BLACK,B8,Human
15401,WHITE,C8,CastellaBot
15402,BLACK,C8,Human
15403,WHITE,B7,CastellaBot
15404,WHITE,B8,CastellaBot
15405,WHITE,D7,CastellaBot
15406,BLACK,D7,Human
15407,WHITE,B7,CastellaBot
15408,WHITE,C8,CastellaBot
15409,WHITE,D8,CastellaBot
15410,BLACK,E8,Human
15411,WHITE,D7,CastellaBot
15412,BLACK,G7,Human
15413,WHITE,D7,CastellaBot
15414,BLACK,G8,Human
15415,WHITE,D7,CastellaBot
15416,BLACK,H7,Human
15417,WHITE,D7,CastellaBot
15418,WHITE,D7,CastellaBot
15419,BLACK,A1,Human
15420,WHITE,A7,CastellaBot
15421,WHITE,B1,CastellaBot
15422,WHITE,B7,CastellaBot
15423,WHITE,C7,CastellaBot
15424,WHITE,H7,CastellaBot
15425,BLACK,B1,Human
15426,WHITE,A1,CastellaBot
15427,BLACK,B7,Human
15428,WHITE,A7,CastellaBot
15429,BLACK,C7,Human
15430,WHITE,A7,CastellaBot
15431,BLACK,C8,Human
15432,WHITE,A7,CastellaBot
15433,BLACK,D8,Human
15434,WHITE,A7,CastellaBot
15435,BLACK,E8,Human
15436,WHITE,A7,CastellaBot
15437,BLACK,H7,Human
15438,WHITE,A7,CastellaBot
15439,WHITE,D8,CastellaBot
15440,BLACK,A1,Human
15441,WHITE,A7,CastellaBot
15442,WHITE,B1,CastellaBot
15443,WHITE,B7,CastellaBot
15444,WHITE,C7,CastellaBot
15445,WHITE,D7,CastellaBot
15446,WHITE,G7,CastellaBot
15447,WHITE,H7,CastellaBot
15448,BLACK,B1,Human
15449,WHITE,A1,CastellaBot
15450,BLACK,B7,Human
15451,WHITE,A7,CastellaBot
15452,BLACK,C7,Human
15453,WHITE,A7,CastellaBot
15454,BLACK,D7,Human
15455,WHITE,A7,CastellaBot
15456,BLACK,E8,Human
15457,WHITE,A7,CastellaBot
15458,BLACK,G7,Human
15459,WHITE,A7,CastellaBot
15460,BLACK,G8,Human
15461,WHITE,A7,CastellaBot
15462,BLACK,H7,Human
15463,WHITE,A7,CastellaBot
15464,WHITE,E8,CastellaBot
15465,BLACK,A1,Human
15466,WHITE,A7,CastellaBot
15467,WHITE,B1,CastellaBot
15468,WHITE,B7,CastellaBot
15469,WHITE,C7,CastellaBot
15470,WHITE,D7,CastellaBot
15471,WHITE,H7,CastellaBot
15472,BLACK,B1,Human
15473,WHITE,A1,CastellaBot
15474,BLACK,B7,Human
15475,WHITE,A7,CastellaBot
15476,BLACK,C7,Human
15477,WHITE,A7,CastellaBot
15478,BLACK,D7,Human
15479,WHITE,A7,CastellaBot
15480,BLACK,D8,Human
15481,WHITE,A7,CastellaBot
15482,BLACK,H7,Human
15483,WHITE,A7,CastellaBot
15484,WHITE,G7,CastellaBot
15485,BLACK,B1,Human
15486,WHITE,A1,CastellaBot
15487,WHITE,A7,CastellaBot
15488,WHITE,C7,CastellaBot
15489,WHITE,D7,CastellaBot
15490,WHITE,D8,CastellaBot
15491,WHITE,E8,CastellaBot
15492,WHITE,H7,CastellaBot
15493,BLACK,B7,Human
15494,WHITE,A7,CastellaBot
15495,WHITE,A8,CastellaBot
15496,BLACK,C7,Human
15497,WHITE,A7,CastellaBot
15498,WHITE,B7,CastellaBot
15499,WHITE,B8,CastellaBot
15500,WHITE,C8,CastellaBot
15501,WHITE,D7,CastellaBot
15502,WHITE,D8,CastellaBot
15503,WHITE,E8,CastellaBot
15504,WHITE,H7,CastellaBot
15505,BLACK,D7,Human
15506,WHITE,A7,CastellaBot
15507,WHITE,B7,CastellaBot
15508,WHITE,C7,CastellaBot
15509,WHITE,C8,CastellaBot
15510,WHITE,D8,CastellaBot
15511,WHITE,E8,CastellaBot
15512,WHITE,H7,CastellaBot
15513,BLACK,E8,Human
15514,WHITE,A7,CastellaBot
15515,WHITE,B7,CastellaBot
15516,WHITE,C7,CastellaBot
15517,WHITE,D7,CastellaBot
15518,WHITE,D8,CastellaBot
15519,WHITE,G8,CastellaBot
15520,WHITE,H7,CastellaBot
15521,BLACK,G8,Human
15522,WHITE,A7,CastellaBot
15523,BLACK,H7,Human
15524,WHITE,A7,CastellaBot
15525,WHITE,B7,CastellaBot
15526,WHITE,C7,CastellaBot
15527,WHITE,D7,CastellaBot
15528,WHITE,H7,CastellaBot
15529,BLACK,A1,Human
15530,WHITE,A7,CastellaBot
15531,WHITE,B1,CastellaBot
15532,WHITE,B7,CastellaBot
15533,WHITE,C7,CastellaBot
15534,WHITE,D7,CastellaBot
15535,WHITE,D8,CastellaBot
15536,WHITE,E8,CastellaBot
15537,BLACK,B1,Human
15538,WHITE,A1,CastellaBot
15539,BLACK,B7,Human
15540,WHITE,A7,CastellaBot
15541,BLACK,C7,Human
15542,WHITE,A7,CastellaBot
15543,BLACK,D7,Human
15544,WHITE,A7,CastellaBot
15545,WHITE,B7,CastellaBot
15546,BLACK,E8,Human
15547,WHITE,A7,CastellaBot
15548,BLACK,G7,Human
15549,WHITE,A7,CastellaBot
15550,BLACK,G8,Human
15551,WHITE,A7,CastellaBot
15552,BLACK,H8,Human
15553,WHITE,A7,CastellaBot
15554,WHITE,B7,CastellaBot
15555,WHITE,C7,CastellaBot
15556,WHITE,D7,CastellaBot
15557,WHITE,D8,CastellaBot
15558,WHITE,E8,CastellaBot
15559,WHITE,G7,CastellaBot
15560,WHITE,G7,CastellaBot
15561,BLACK,E8,Human
15562,WHITE,A7,CastellaBot
15563,BLACK,B1,Human
15564,WHITE,A1,CastellaBot
15565,WHITE,C7,CastellaBot
15566,WHITE,D7,CastellaBot
15567,WHITE,D8,CastellaBot
15568,WHITE,G8,CastellaBot
15569,WHITE,H7,CastellaBot
15570,BLACK,B7,Human
15571,WHITE,A8,CastellaBot
15572,BLACK,D7,Human
15573,WHITE,B7,CastellaBot
15574,WHITE,C7,CastellaBot
15575,WHITE,C8,CastellaBot
15576,WHITE,D8,CastellaBot
15577,WHITE,G8,CastellaBot
15578,WHITE,H7,CastellaBot
15579,BLACK,G8,Human
15580,WHITE,C7,CastellaBot
15581,BLACK,H7,Human
15582,WHITE,C7,CastellaBot
15583,WHITE,B7,CastellaBot
15584,BLACK,A7,Human
15585,WHITE,A8,CastellaBot
15586,WHITE,C7,CastellaBot
15587,WHITE,D7,CastellaBot
15588,WHITE,D8,CastellaBot
15589,WHITE,G8,CastellaBot
15590,WHITE,H7,CastellaBot
15591,BLACK,A8,Human
15592,WHITE,B8,CastellaBot
15593,WHITE,C7,CastellaBot
15594,WHITE,C8,CastellaBot
15595,WHITE,D7,CastellaBot
15596,WHITE,D8,CastellaBot
15597,WHITE,G8,CastellaBot
15598,WHITE,H7,CastellaBot
15599,BLACK,B1,Human
15600,WHITE,A1,CastellaBot
15601,BLACK,C7,Human
15602,WHITE,B8,CastellaBot
15603,WHITE,C8,CastellaBot
15604,BLACK,G8,Human
15605,WHITE,C7,CastellaBot
15606,BLACK,H7,Human
15607,WHITE,C7,CastellaBot
15608,WHITE,C7,CastellaBot
15609,BLACK,A7,Human
15610,WHITE,A8,CastellaBot
15611,WHITE,B7,CastellaBot
15612,WHITE,D7,CastellaBot
15613,WHITE,D8,CastellaBot
15614,WHITE,G8,CastellaBot
15615,WHITE,H7,CastellaBot
15616,BLACK,B1,Human
15617,WHITE,A1,CastellaBot
15618,WHITE,D7,CastellaBot
15619,WHITE,D8,CastellaBot
15620,WHITE,G8,CastellaBot
15621,WHITE,H7,CastellaBot
15622,BLACK,B7,Human
15623,WHITE,A7,CastellaBot
15624,WHITE,A8,CastellaBot
15625,BLACK,B8,Human
15626,WHITE,C8,CastellaBot
15627,WHITE,D7,CastellaBot
15628,WHITE,D8,CastellaBot
15629,WHITE,G8,CastellaBot
15630,WHITE,H7,CastellaBot
15631,BLACK,C8,Human
15632,WHITE,B7,CastellaBot
15633,WHITE,B8,CastellaBot
15634,WHITE,D7,CastellaBot
15635,BLACK,D7,Human
15636,WHITE,B7,CastellaBot
15637,WHITE,C8,CastellaBot
15638,WHITE,D8,CastellaBot
15639,BLACK,G8,Human
15640,WHITE,D7,CastellaBot
15641,BLACK,H7,Human
15642,WHITE,D7,CastellaBot
15643,WHITE,D7,CastellaBot
15644,BLACK,B1,Human
15645,WHITE,A1,CastellaBot
15646,WHITE,A7,CastellaBot
15647,WHITE,C7,CastellaBot
15648,WHITE,D8,CastellaBot
15649,WHITE,H7,CastellaBot
15650,BLACK,B7,Human
15651,WHITE,A7,CastellaBot
15652,WHITE,A8,CastellaBot
15653,BLACK,C7,Human
15654,WHITE,A7,CastellaBot
15655,WHITE,B7,CastellaBot
15656,WHITE,B8,CastellaBot
15657,WHITE,C8,CastellaBot
15658,WHITE,D8,CastellaBot
15659,WHITE,H7,CastellaBot
15660,BLACK,C8,Human
15661,WHITE,A7,CastellaBot
15662,WHITE,B7,CastellaBot
15663,WHITE,C7,CastellaBot
15664,WHITE,D8,CastellaBot
15665,WHITE,H7,CastellaBot
15666,BLACK,D8,Human
15667,WHITE,A7,CastellaBot
15668,WHITE,B7,CastellaBot
15669,WHITE,C7,CastellaBot
15670,WHITE,C8,CastellaBot
15671,WHITE,H7,CastellaBot
15672,BLACK,G8,Human
15673,WHITE,A7,CastellaBot
15674,BLACK,H7,Human
15675,WHITE,A7,CastellaBot
15676,WHITE,D8,CastellaBot
15677,BLACK,B1,Human
15678,WHITE,A1,CastellaBot
15679,WHITE,A7,CastellaBot
15680,WHITE,C7,CastellaBot
15681,WHITE,D7,CastellaBot
15682,WHITE,G8,CastellaBot
15683,WHITE,H7,CastellaBot
15684,BLACK,B7,Human
15685,WHITE,A7,CastellaBot
15686,WHITE,A8,CastellaBot
15687,BLACK,C7,Human
15688,WHITE,A7,CastellaBot
15689,WHITE,B7,CastellaBot
15690,WHITE,B8,CastellaBot
15691,WHITE,C8,CastellaBot
15692,WHITE,D7,CastellaBot
15693,WHITE,G8,CastellaBot
15694,WHITE,H7,CastellaBot
15695,BLACK,D7,Human
15696,WHITE,A7,CastellaBot
15697,WHITE,B7,CastellaBot
15698,WHITE,C7,CastellaBot
15699,WHITE,C8,CastellaBot
15700,WHITE,G8,CastellaBot
15701,WHITE,H7,CastellaBot
15702,BLACK,G8,Human
15703,WHITE,A7,CastellaBot
15704,BLACK,H7,Human
15705,WHITE,A7,CastellaBot
15706,WHITE,B7,CastellaBot
15707,WHITE,C7,CastellaBot
15708,WHITE,D7,CastellaBot
15709,WHITE,G8,CastellaBot
15710,BLACK,B1,Human
15711,WHITE,A1,CastellaBot
15712,WHITE,A7,CastellaBot
15713,WHITE,C7,CastellaBot
15714,WHITE,D7,CastellaBot
15715,WHITE,D8,CastellaBot
15716,WHITE,H7,CastellaBot
15717,BLACK,B7,Human
15718,WHITE,A7,CastellaBot
15719,WHITE,A8,CastellaBot
15720,BLACK,C7,Human
15721,WHITE,A7,CastellaBot
15722,WHITE,B7,CastellaBot
15723,WHITE,B8,CastellaBot
15724,WHITE,C8,CastellaBot
15725,WHITE,D7,CastellaBot
15726,WHITE,D8,CastellaBot
15727,WHITE,H7,CastellaBot
15728,BLACK,D7,Human
15729,WHITE,A7,CastellaBot
15730,WHITE,B7,CastellaBot
15731,WHITE,C7,CastellaBot
15732,WHITE,C8,CastellaBot
15733,WHITE,D8,CastellaBot
15734,WHITE,H7,CastellaBot
15735,BLACK,H7,Human
15736,WHITE,A7,CastellaBot
15737,BLACK,H8,Human
15738,WHITE,A7,CastellaBot
15739,WHITE,B7,CastellaBot
15740,WHITE,C7,CastellaBot
15741,WHITE,D7,CastellaBot
15742,WHITE,D8,CastellaBot
15743,WHITE,H7,CastellaBot
15744,WHITE,H7,CastellaBot
15745,BLACK,B1,Human
15746,WHITE,A1,CastellaBot
15747,WHITE,A7,CastellaBot
15748,WHITE,C7,CastellaBot
15749,WHITE,D7,CastellaBot
15750,WHITE,D8,CastellaBot
15751,WHITE,G8,CastellaBot
15752,BLACK,B7,Human
15753,WHITE,A7,CastellaBot
15754,WHITE,A8,CastellaBot
15755,BLACK,C7,Human
15756,WHITE,A7,CastellaBot
15757,WHITE,B7,CastellaBot
15758,WHITE,B8,CastellaBot
15759,WHITE,C8,CastellaBot
15760,WHITE,D7,CastellaBot
15761,WHITE,D8,CastellaBot
15762,WHITE,G8,CastellaBot
15763,BLACK,D7,Human
15764,WHITE,A7,CastellaBot
15765,WHITE,B7,CastellaBot
15766,WHITE,C7,CastellaBot
15767,WHITE,C8,CastellaBot
15768,WHITE,D8,CastellaBot
15769,WHITE,G8,CastellaBot
15770,BLACK,G8,Human
15771,WHITE,A7,CastellaBot
15772,WHITE,B7,CastellaBot
15773,WHITE,C7,CastellaBot
15774,WHITE,D7,CastellaBot
15775,WHITE,D8,CastellaBot
15776,WHITE,H8,CastellaBot
15777,BLACK,H8,Human
15778,WHITE,A7,CastellaBot
15779,WHITE,B7,CastellaBot
15780,WHITE,C7,CastellaBot
15781,WHITE,D7,CastellaBot
15782,WHITE,D8,CastellaBot
15783,WHITE,G8,CastellaBot
15784,WHITE,D8,CastellaBot
15785,BLACK,D7,Human
15786,WHITE,A7,CastellaBot
15787,BLACK,B1,Human
15788,WHITE,A1,CastellaBot
15789,WHITE,B7,CastellaBot
15790,WHITE,C7,CastellaBot
15791,WHITE,C8,CastellaBot
15792,WHITE,G8,CastellaBot
15793,WHITE,H7,CastellaBot
15794,BLACK,B7,Human
15795,WHITE,A8,CastellaBot
15796,BLACK,G8,Human
15797,WHITE,B7,CastellaBot
15798,WHITE,C7,CastellaBot
15799,BLACK,H7,Human
15800,WHITE,B7,CastellaBot
15801,WHITE,C7,CastellaBot
15802,WHITE,C8,CastellaBot
15803,WHITE,G8,CastellaBot
15804,WHITE,H8,CastellaBot
15805,WHITE,B7,CastellaBot
15806,BLACK,A7,Human
15807,WHITE,A8,CastellaBot
15808,WHITE,C7,CastellaBot
15809,WHITE,C8,CastellaBot
15810,WHITE,G8,CastellaBot
15811,WHITE,H7,CastellaBot
15812,BLACK,A8,Human
15813,WHITE,B8,CastellaBot
15814,WHITE,C7,CastellaBot
15815,WHITE,C8,CastellaBot
15816,WHITE,G8,CastellaBot
15817,WHITE,H7,CastellaBot
15818,BLACK,B1,Human
15819,WHITE,A1,CastellaBot
15820,BLACK,C7,Human
15821,WHITE,B8,CastellaBot
15822,WHITE,C8,CastellaBot
15823,BLACK,G8,Human
15824,WHITE,C7,CastellaBot
15825,BLACK,H7,Human
15826,WHITE,C7,CastellaBot
15827,WHITE,C7,CastellaBot
15828,BLACK,A7,Human
15829,WHITE,A8,CastellaBot
15830,WHITE,B7,CastellaBot
15831,WHITE,H7,CastellaBot
15832,BLACK,B1,Human
15833,WHITE,A1,CastellaBot
15834,BLACK,B7,Human
15835,WHITE,A7,CastellaBot
15836,WHITE,A8,CastellaBot
15837,BLACK,B8,Human
15838,WHITE,B7,CastellaBot
15839,WHITE,C8,CastellaBot
15840,WHITE,H7,CastellaBot
15841,BLACK,C8,Human
15842,WHITE,B8,CastellaBot
15843,BLACK,G8,Human
15844,WHITE,H7,CastellaBot
15845,BLACK,H7,Human
15846,WHITE,H8,CastellaBot
15847,WHITE,C8,CastellaBot
15848,BLACK,B1,Human
15849,WHITE,A1,CastellaBot
15850,WHITE,A7,CastellaBot
15851,WHITE,B7,CastellaBot
15852,WHITE,C7,CastellaBot
15853,WHITE,G8,CastellaBot
15854,WHITE,H7,CastellaBot
15855,BLACK,C7,Human
15856,WHITE,A7,CastellaBot
15857,WHITE,B7,CastellaBot
15858,WHITE,B8,CastellaBot
15859,WHITE,G8,CastellaBot
15860,WHITE,H7,CastellaBot
15861,BLACK,G8,Human
15862,WHITE,A7,CastellaBot
15863,BLACK,H7,Human
15864,WHITE,A7,CastellaBot
15865,WHITE,B7,CastellaBot
15866,WHITE,G8,CastellaBot
15867,BLACK,B1,Human
15868,WHITE,A1,CastellaBot
15869,WHITE,A7,CastellaBot
15870,WHITE,B7,CastellaBot
15871,WHITE,C7,CastellaBot
15872,WHITE,C8,CastellaBot
15873,WHITE,H7,CastellaBot
15874,BLACK,H7,Human
15875,WHITE,A7,CastellaBot
15876,WHITE,B7,CastellaBot
15877,WHITE,C7,CastellaBot
15878,WHITE,H7,CastellaBot
15879,BLACK,B1,Human
15880,WHITE,A1,CastellaBot
15881,WHITE,A7,CastellaBot
15882,WHITE,B7,CastellaBot
15883,WHITE,C7,CastellaBot
15884,WHITE,C8,CastellaBot
15885,WHITE,G8,CastellaBot
15886,BLACK,G8,Human
15887,WHITE,A7,CastellaBot
15888,WHITE,B7,CastellaBot
15889,WHITE,C7,CastellaBot
15890,BLACK,H8,Human
15891,WHITE,A7,CastellaBot
15892,WHITE,B7,CastellaBot
15893,WHITE,C7,CastellaBot
15894,WHITE,C8,CastellaBot
15895,WHITE,G8,CastellaBot
15896,WHITE,G8,CastellaBot
15897,BLACK,H7,Human
15898,WHITE,A7,CastellaBot
15899,BLACK,A1,Human
15900,WHITE,B1,CastellaBot
15901,WHITE,B7,CastellaBot
15902,WHITE,C7,CastellaBot
15903,WHITE,C8,CastellaBot
15904,WHITE,H8,CastellaBot
15905,BLACK,B1,Human
15906,WHITE,A1,CastellaBot
15907,BLACK,B7,Human
15908,WHITE,A8,CastellaBot
15909,WHITE,B7,CastellaBot
15910,BLACK,A1,Human
15911,WHITE,B1,CastellaBot
15912,WHITE,C7,CastellaBot
15913,WHITE,C8,CastellaBot
15914,WHITE,H8,CastellaBot
15915,BLACK,A7,Human
15916,WHITE,A8,CastellaBot
15917,BLACK,A8,Human
15918,WHITE,B8,CastellaBot
15919,WHITE,C7,CastellaBot
15920,WHITE,C8,CastellaBot
15921,WHITE,H8,CastellaBot
15922,BLACK,B1,Human
15923,WHITE,A1,CastellaBot
15924,BLACK,C7,Human
15925,WHITE,B8,CastellaBot
15926,WHITE,C8,CastellaBot
15927,WHITE,C7,CastellaBot
15928,BLACK,A1,Human
15929,WHITE,B1,CastellaBot
15930,WHITE,C8,CastellaBot
15931,WHITE,H8,CastellaBot
15932,BLACK,A7,Human
15933,WHITE,A8,CastellaBot
15934,BLACK,B1,Human
15935,WHITE,A1,CastellaBot
15936,BLACK,B7,Human
15937,WHITE,A7,CastellaBot
15938,WHITE,A8,CastellaBot
15939,BLACK,B8,Human
15940,WHITE,C8,CastellaBot
15941,WHITE,H8,CastellaBot
15942,WHITE,C8,CastellaBot
15943,BLACK,A1,Human
15944,WHITE,A7,CastellaBot
15945,WHITE,B1,CastellaBot
15946,WHITE,B7,CastellaBot
15947,WHITE,C7,CastellaBot
15948,WHITE,H8,CastellaBot
15949,BLACK,B1,Human
15950,WHITE,A1,CastellaBot
15951,BLACK,C7,Human
15952,WHITE,A7,CastellaBot
15953,WHITE,H8,CastellaBot
15954,BLACK,B1,Human
15955,WHITE,A1,CastellaBot
15956,WHITE,A7,CastellaBot
15957,WHITE,B7,CastellaBot
15958,WHITE,C7,CastellaBot
15959,WHITE,C8,CastellaBot
15960,WHITE,H8,CastellaBot
15961,BLACK,B1,Human
15962,WHITE,A1,CastellaBot
15963,WHITE,A7,CastellaBot
15964,BLACK,B7,Human
15965,WHITE,A1,CastellaBot
15966,WHITE,A8,CastellaBot
15967,WHITE,C7,CastellaBot
15968,WHITE,C8,CastellaBot
15969,WHITE,B7,CastellaBot
15970,BLACK,A8,Human
15971,WHITE,A1,CastellaBot
15972,WHITE,A7,CastellaBot
15973,WHITE,C7,CastellaBot
15974,WHITE,C8,CastellaBot
15975,BLACK,B8,Human
15976,WHITE,A1,CastellaBot
15977,BLACK,C7,Human
15978,WHITE,A1,CastellaBot
15979,WHITE,C7,CastellaBot
15980,BLACK,A7,Human
15981,WHITE,A1,CastellaBot
15982,WHITE,A8,CastellaBot
15983,BLACK,B7,Human
15984,WHITE,A1,CastellaBot
15985,BLACK,B8,Human
15986,WHITE,A1,CastellaBot
15987,WHITE,B7,CastellaBot
15988,WHITE,C8,CastellaBot
15989,BLACK,C8,Human
15990,WHITE,A1,CastellaBot
15991,WHITE,B7,CastellaBot
15992,WHITE,B8,CastellaBot
15993,WHITE,C8,CastellaBot
15994,BLACK,C7,Human
15995,WHITE,A1,CastellaBot
15996,WHITE,A7,CastellaBot
15997,WHITE,B7,CastellaBot
15998,WHITE,B8,CastellaBot
15999,WHITE,A7,CastellaBot
16000,BLACK,B7,Human
16001,WHITE,A1,CastellaBot
16002,WHITE,A8,CastellaBot
16003,BLACK,B8,Human
16004,WHITE,A1,CastellaBot
16005,WHITE,C7,CastellaBot
16006,WHITE,C8,CastellaBot
16007,BLACK,C7,Human
16008,WHITE,A1,CastellaBot
16009,WHITE,B8,CastellaBot
16010,WHITE,C8,CastellaBot
16011,WHITE,C7,CastellaBot
16012,BLACK,A8,Human
16013,WHITE,A1,CastellaBot
16014,WHITE,B8,CastellaBot
16015,WHITE,C8,CastellaBot
16016,BLACK,B8,Human
16017,WHITE,A1,CastellaBot
16018,BLACK,C8,Human
16019,WHITE,A1,CastellaBot
16020,WHITE,B8,CastellaBot
16021,WHITE,C8,CastellaBot
16022,BLACK,A8,Human
16023,WHITE,A1,CastellaBot
16024,WHITE,C7,CastellaBot
16025,BLACK,B8,Human
16026,WHITE,A1,CastellaBot
16027,BLACK,C7,Human
16028,WHITE,A1,CastellaBot
16029,WHITE,A1,CastellaBot
16030,WHITE,A8,CastellaBot
16031,BLACK,B8,Human
16032,WHITE,C7,CastellaBot
16033,WHITE,C8,CastellaBot
16034,BLACK,C7,Human
16035,WHITE,B8,CastellaBot
16036,WHITE,C8,CastellaBot
16037,WHITE,B8,CastellaBot
16038,BLACK,A8,Human
16039,WHITE,C7,CastellaBot
16040,WHITE,C8,CastellaBot
16041,WHITE,C7,CastellaBot
16042,BLACK,A8,Human
16043,WHITE,B8,CastellaBot
16044,WHITE,C8,CastellaBot
16045,BLACK,B8,Human
16046,WHITE,A8,CastellaBot
16047,BLACK,C8,Human
16048,WHITE,B8,CastellaBot
16049,WHITE,C8,CastellaBot
16050,BLACK,A8,Human
16051,WHITE,B8,CastellaBot
16052,WHITE,C7,CastellaBot
16053,BLACK,B8,Human
16054,WHITE,A8,CastellaBot
16055,BLACK,C7,Human
16056,WHITE,B8,CastellaBot
16057,WHITE,A8,CastellaBot
16058,BLACK,B8,Human
16059,WHITE,C7,CastellaBot
16060,BLACK,C8,Human
16061,WHITE,C8,CastellaBot
16062,BLACK,C7,Human
16063,WHITE,C8,CastellaBot
16064,BLACK,C7,Human
