turn,color,move,player_name
1,BLACK,F5,Human
2,WHITE,D6,CastellaBot
3,BLACK,C3,Human
4,WHITE,D3,CastellaBot
5,WHITE,F3,CastellaBot
6,WHITE,F4,CastellaBot
7,WHITE,G5,CastellaBot
8,BLACK,C4,Human
9,WHITE,B3,CastellaBot
10,WHITE,D3,CastellaBot
11,BLACK,C5,Human
12,WHITE,B4,CastellaBot
13,WHITE,B6,CastellaBot
14,WHITE,F4,CastellaBot
15,BLACK,C6,Human
16,WHITE,B6,CastellaBot
17,WHITE,F4,CastellaBot
18,BLACK,C7,Human
19,WHITE,D7,CastellaBot
20,WHITE,F4,CastellaBot
21,BLACK,C3,Human
22,WHITE,C4,CastellaBot
23,WHITE,C6,CastellaBot
24,WHITE,D6,CastellaBot
25,WHITE,E6,CastellaBot
26,WHITE,F6,CastellaBot
27,WHITE,G6,CastellaBot
28,BLACK,D3,Human
29,WHITE,C4,CastellaBot
30,BLACK,E3,Human
31,WHITE,D2,CastellaBot
32,WHITE,D6,CastellaBot
33,BLACK,F3,Human
34,WHITE,D6,CastellaBot
35,WHITE,F6,CastellaBot
36,WHITE,G4,CastellaBot
37,BLACK,G3,Human
38,WHITE,C6,CastellaBot
39,WHITE,F6,CastellaBot
40,BLACK,C4,Human
41,WHITE,C3,CastellaBot
42,WHITE,C5,CastellaBot
43,WHITE,E3,CastellaBot
44,WHITE,F4,CastellaBot
45,WHITE,G5,CastellaBot
46,BLACK,D3,Human
47,WHITE,C3,CastellaBot
48,BLACK,E6,Human
49,WHITE,D6,CastellaBot
50,WHITE,F4,CastellaBot
51,BLACK,F7,Human
52,WHITE,C5,CastellaBot
53,WHITE,D6,CastellaBot
54,WHITE,E3,CastellaBot
55,WHITE,F4,CastellaBot
56,WHITE,G5,CastellaBot
57,WHITE,G7,CastellaBot
58,WHITE,F6,CastellaBot
59,BLACK,C4,Human
60,WHITE,C3,CastellaBot
61,BLACK,C2,Human
62,WHITE,B2,CastellaBot
63,WHITE,B4,CastellaBot
64,WHITE,C5,CastellaBot
65,WHITE,D6,CastellaBot
66,WHITE,E3,CastellaBot
67,WHITE,F4,CastellaBot
68,WHITE,G5,CastellaBot
69,BLACK,D3,Human
70,WHITE,C5,CastellaBot
71,BLACK,E6,Human
72,WHITE,B4,CastellaBot
73,WHITE,C5,CastellaBot
74,WHITE,D6,CastellaBot
75,BLACK,F7,Human
76,WHITE,B4,CastellaBot
77,WHITE,C5,CastellaBot
78,WHITE,C5,CastellaBot
79,BLACK,B5,Human
80,WHITE,C3,CastellaBot
81,WHITE,F4,CastellaBot
82,BLACK,B6,Human
83,WHITE,B3,CastellaBot
84,WHITE,B5,CastellaBot
85,WHITE,C3,CastellaBot
86,BLACK,C6,Human
87,WHITE,B5,CastellaBot
88,WHITE,C3,CastellaBot
89,WHITE,E3,CastellaBot
90,WHITE,F4,CastellaBot
91,WHITE,G5,CastellaBot
92,BLACK,D6,Human
93,WHITE,C3,CastellaBot
94,BLACK,E6,Human
95,WHITE,C3,CastellaBot
96,BLACK,F7,Human
97,WHITE,B3,CastellaBot
98,WHITE,C3,CastellaBot
99,BLACK,G7,Human
100,WHITE,B3,CastellaBot
101,WHITE,E3,CastellaBot
102,BLACK,D3,Human
103,WHITE,C3,CastellaBot
104,WHITE,C5,CastellaBot
105,WHITE,F4,CastellaBot
106,WHITE,G5,CastellaBot
107,BLACK,F2,Human
108,WHITE,B4,CastellaBot
109,WHITE,C3,CastellaBot
110,WHITE,C5,CastellaBot
111,WHITE,C6,CastellaBot
112,WHITE,E2,CastellaBot
113,WHITE,F4,CastellaBot
114,WHITE,G5,CastellaBot
115,WHITE,G6,CastellaBot
116,BLACK,F3,Human
117,WHITE,C3,CastellaBot
118,WHITE,C5,CastellaBot
119,WHITE,F4,CastellaBot
120,WHITE,G3,CastellaBot
121,WHITE,G5,CastellaBot
122,BLACK,F4,Human
123,WHITE,C3,CastellaBot
124,WHITE,C5,CastellaBot
125,BLACK,F7,Human
126,WHITE,B4,CastellaBot
127,WHITE,C3,CastellaBot
128,WHITE,C5,CastellaBot
129,WHITE,C6,CastellaBot
130,WHITE,G5,CastellaBot
131,WHITE,G6,CastellaBot
132,WHITE,G7,CastellaBot
133,BLACK,G7,Human
134,WHITE,B4,CastellaBot
135,WHITE,F4,CastellaBot
136,BLACK,E6,Human
137,WHITE,B4,CastellaBot
138,WHITE,C3,CastellaBot
139,WHITE,C5,CastellaBot
140,WHITE,D3,CastellaBot
141,WHITE,D6,CastellaBot
142,WHITE,D7,CastellaBot
143,BLACK,G4,Human
144,WHITE,C3,CastellaBot
145,WHITE,C5,CastellaBot
146,WHITE,D3,CastellaBot
147,WHITE,E3,CastellaBot
148,WHITE,F3,CastellaBot
149,WHITE,G3,CastellaBot
150,WHITE,H3,CastellaBot
151,BLACK,G5,Human
152,WHITE,B4,CastellaBot
153,WHITE,C3,CastellaBot
154,WHITE,D6,CastellaBot
155,WHITE,H4,CastellaBot
156,WHITE,H6,CastellaBot
157,BLACK,G6,Human
158,WHITE,B4,CastellaBot
159,BLACK,G7,Human
160,WHITE,B4,CastellaBot
161,WHITE,G5,CastellaBot
162,BLACK,E6,Human
163,WHITE,C3,CastellaBot
164,WHITE,C5,CastellaBot
165,WHITE,D3,CastellaBot
166,WHITE,D6,CastellaBot
167,WHITE,D7,CastellaBot
168,BLACK,G6,Human
169,WHITE,C3,CastellaBot
170,WHITE,C5,CastellaBot
171,WHITE,E3,CastellaBot
172,WHITE,F4,CastellaBot
173,WHITE,G7,CastellaBot
174,WHITE,H6,CastellaBot
175,BLACK,G7,Human
176,WHITE,C5,CastellaBot
177,WHITE,D3,CastellaBot
178,WHITE,E7,CastellaBot
179,WHITE,F7,CastellaBot
180,BLACK,H5,Human
181,WHITE,C3,CastellaBot
182,WHITE,F4,CastellaBot
183,WHITE,H4,CastellaBot
184,WHITE,C3,CastellaBot
185,BLACK,D3,Human
186,WHITE,C5,CastellaBot
187,BLACK,B2,Human
188,WHITE,A1,CastellaBot
189,WHITE,C2,CastellaBot
190,WHITE,D2,CastellaBot
191,WHITE,E2,CastellaBot
192,WHITE,E3,CastellaBot
193,WHITE,F3,CastellaBot
194,WHITE,F4,CastellaBot
195,WHITE,G5,CastellaBot
196,BLACK,B3,Human
197,WHITE,A2,CastellaBot
198,WHITE,B2,CastellaBot
199,WHITE,C2,CastellaBot
200,WHITE,D2,CastellaBot
201,WHITE,E2,CastellaBot
202,WHITE,E3,CastellaBot
203,WHITE,F3,CastellaBot
204,WHITE,F4,CastellaBot
205,WHITE,G5,CastellaBot
206,BLACK,B4,Human
207,WHITE,A3,CastellaBot
208,WHITE,A5,CastellaBot
209,WHITE,B3,CastellaBot
210,WHITE,D2,CastellaBot
211,BLACK,B5,Human
212,WHITE,C6,CastellaBot
213,WHITE,E3,CastellaBot
214,WHITE,F4,CastellaBot
215,BLACK,B6,Human
216,WHITE,B5,CastellaBot
217,BLACK,C6,Human
218,WHITE,C7,CastellaBot
219,BLACK,D6,Human
220,WHITE,C7,CastellaBot
221,WHITE,E2,CastellaBot
222,WHITE,E3,CastellaBot
223,BLACK,E6,Human
224,WHITE,D2,CastellaBot
225,BLACK,F7,Human
226,WHITE,D2,CastellaBot
227,BLACK,G7,Human
228,WHITE,D2,CastellaBot
229,WHITE,E3,CastellaBot
230,BLACK,B2,Human
231,WHITE,A1,CastellaBot
232,WHITE,B3,CastellaBot
233,WHITE,B4,CastellaBot
234,WHITE,B5,CastellaBot
235,WHITE,C5,CastellaBot
236,WHITE,C6,CastellaBot
237,WHITE,D6,CastellaBot
238,WHITE,F4,CastellaBot
239,WHITE,G5,CastellaBot
240,WHITE,G6,CastellaBot
241,BLACK,C2,Human
242,WHITE,B2,CastellaBot
243,WHITE,B3,CastellaBot
244,WHITE,C5,CastellaBot
245,WHITE,F4,CastellaBot
246,WHITE,G5,CastellaBot
247,BLACK,D2,Human
248,WHITE,B4,CastellaBot
249,BLACK,E2,Human
250,WHITE,B4,CastellaBot
251,BLACK,F2,Human
252,WHITE,B4,CastellaBot
253,BLACK,F3,Human
254,WHITE,B5,CastellaBot
255,WHITE,C5,CastellaBot
256,BLACK,F4,Human
257,WHITE,B5,CastellaBot
258,WHITE,C5,CastellaBot
259,BLACK,F7,Human
260,WHITE,B4,CastellaBot
261,BLACK,G7,Human
262,WHITE,B4,CastellaBot
263,WHITE,F4,CastellaBot
264,BLACK,B2,Human
265,WHITE,A1,CastellaBot
266,WHITE,B4,CastellaBot
267,WHITE,C2,CastellaBot
268,WHITE,C5,CastellaBot
269,WHITE,E3,CastellaBot
270,BLACK,B3,Human
271,WHITE,B2,CastellaBot
272,WHITE,B4,CastellaBot
273,WHITE,C2,CastellaBot
274,WHITE,C5,CastellaBot
275,WHITE,E3,CastellaBot
276,BLACK,C2,Human
277,WHITE,B1,CastellaBot
278,WHITE,B2,CastellaBot
279,WHITE,B4,CastellaBot
280,WHITE,C5,CastellaBot
281,WHITE,E3,CastellaBot
282,BLACK,E6,Human
283,WHITE,B4,CastellaBot
284,BLACK,G4,Human
285,WHITE,C2,CastellaBot
286,WHITE,C5,CastellaBot
287,WHITE,E3,CastellaBot
288,BLACK,G5,Human
289,WHITE,B4,CastellaBot
290,BLACK,G6,Human
291,WHITE,B4,CastellaBot
292,BLACK,G7,Human
293,WHITE,B4,CastellaBot
294,WHITE,G5,CastellaBot
295,BLACK,B2,Human
296,WHITE,A1,CastellaBot
297,WHITE,C2,CastellaBot
298,WHITE,C5,CastellaBot
299,WHITE,E3,CastellaBot
300,BLACK,B3,Human
301,WHITE,B2,CastellaBot
302,WHITE,C2,CastellaBot
303,WHITE,C5,CastellaBot
304,WHITE,E3,CastellaBot
305,BLACK,C2,Human
306,WHITE,B1,CastellaBot
307,WHITE,B2,CastellaBot
308,BLACK,E6,Human
309,WHITE,C2,CastellaBot
310,WHITE,C5,CastellaBot
311,BLACK,G6,Human
312,WHITE,C5,CastellaBot
313,BLACK,G7,Human
314,WHITE,C2,CastellaBot
315,BLACK,H5,Human
316,WHITE,C5,CastellaBot
317,WHITE,E3,CastellaBot
318,WHITE,F4,CastellaBot
319,WHITE,H4,CastellaBot
320,WHITE,F4,CastellaBot
321,BLACK,E6,Human
322,WHITE,B4,CastellaBot
323,BLACK,B2,Human
324,WHITE,A1,CastellaBot
325,WHITE,C2,CastellaBot
326,WHITE,C5,CastellaBot
327,WHITE,C6,CastellaBot
328,WHITE,D2,CastellaBot
329,WHITE,D6,CastellaBot
330,WHITE,D7,CastellaBot
331,WHITE,E2,CastellaBot
332,WHITE,E7,CastellaBot
333,WHITE,F7,CastellaBot
334,BLACK,B3,Human
335,WHITE,B2,CastellaBot
336,WHITE,C2,CastellaBot
337,WHITE,C5,CastellaBot
338,WHITE,C6,CastellaBot
339,WHITE,D2,CastellaBot
340,WHITE,D6,CastellaBot
341,WHITE,D7,CastellaBot
342,WHITE,E7,CastellaBot
343,BLACK,B5,Human
344,WHITE,B6,CastellaBot
345,WHITE,C2,CastellaBot
346,WHITE,C5,CastellaBot
347,BLACK,E3,Human
348,WHITE,C2,CastellaBot
349,BLACK,F3,Human
350,WHITE,C2,CastellaBot
351,BLACK,G3,Human
352,WHITE,C2,CastellaBot
353,BLACK,G4,Human
354,WHITE,C2,CastellaBot
355,WHITE,C6,CastellaBot
356,BLACK,G5,Human
357,WHITE,C2,CastellaBot
358,BLACK,G6,Human
359,WHITE,D2,CastellaBot
360,WHITE,D6,CastellaBot
361,WHITE,E2,CastellaBot
362,WHITE,E3,CastellaBot
363,WHITE,F7,CastellaBot
364,BLACK,G7,Human
365,WHITE,C2,CastellaBot
366,WHITE,C2,CastellaBot
367,BLACK,B2,Human
368,WHITE,A1,CastellaBot
369,WHITE,A2,CastellaBot
370,WHITE,B3,CastellaBot
371,WHITE,B4,CastellaBot
372,WHITE,B5,CastellaBot
373,WHITE,C5,CastellaBot
374,WHITE,C6,CastellaBot
375,WHITE,D6,CastellaBot
376,WHITE,D7,CastellaBot
377,WHITE,E7,CastellaBot
378,BLACK,C1,Human
379,WHITE,B1,CastellaBot
380,WHITE,B2,CastellaBot
381,WHITE,B3,CastellaBot
382,WHITE,B4,CastellaBot
383,WHITE,B5,CastellaBot
384,WHITE,C5,CastellaBot
385,WHITE,C6,CastellaBot
386,WHITE,D6,CastellaBot
387,WHITE,D7,CastellaBot
388,WHITE,E7,CastellaBot
389,BLACK,D2,Human
390,WHITE,B4,CastellaBot
391,BLACK,E2,Human
392,WHITE,B4,CastellaBot
393,BLACK,E3,Human
394,WHITE,B4,CastellaBot
395,BLACK,F3,Human
396,WHITE,B4,CastellaBot
397,BLACK,G3,Human
398,WHITE,B4,CastellaBot
399,BLACK,G4,Human
400,WHITE,B5,CastellaBot
401,WHITE,C5,CastellaBot
402,WHITE,D6,CastellaBot
403,WHITE,F3,CastellaBot
404,WHITE,G6,CastellaBot
405,BLACK,G5,Human
406,WHITE,B4,CastellaBot
407,WHITE,B5,CastellaBot
408,WHITE,C5,CastellaBot
409,WHITE,C6,CastellaBot
410,WHITE,D6,CastellaBot
411,BLACK,G6,Human
412,WHITE,B4,CastellaBot
413,WHITE,B5,CastellaBot
414,WHITE,C5,CastellaBot
415,BLACK,G7,Human
416,WHITE,B4,CastellaBot
417,WHITE,C5,CastellaBot
418,BLACK,B2,Human
419,WHITE,A1,CastellaBot
420,WHITE,C2,CastellaBot
421,WHITE,D2,CastellaBot
422,WHITE,D6,CastellaBot
423,WHITE,D7,CastellaBot
424,WHITE,E2,CastellaBot
425,WHITE,E3,CastellaBot
426,WHITE,E7,CastellaBot
427,WHITE,F3,CastellaBot
428,WHITE,F7,CastellaBot
429,BLACK,B3,Human
430,WHITE,B2,CastellaBot
431,WHITE,B4,CastellaBot
432,WHITE,C2,CastellaBot
433,WHITE,D6,CastellaBot
434,WHITE,D7,CastellaBot
435,WHITE,E3,CastellaBot
436,WHITE,E7,CastellaBot
437,BLACK,B4,Human
438,WHITE,A3,CastellaBot
439,WHITE,A4,CastellaBot
440,BLACK,B5,Human
441,WHITE,A5,CastellaBot
442,WHITE,B3,CastellaBot
443,WHITE,B4,CastellaBot
444,BLACK,B6,Human
445,WHITE,B5,CastellaBot
446,WHITE,C2,CastellaBot
447,WHITE,C6,CastellaBot
448,BLACK,C6,Human
449,WHITE,C2,CastellaBot
450,WHITE,C7,CastellaBot
451,WHITE,D6,CastellaBot
452,WHITE,D7,CastellaBot
453,WHITE,E2,CastellaBot
454,WHITE,E3,CastellaBot
455,BLACK,D6,Human
456,WHITE,C2,CastellaBot
457,WHITE,C6,CastellaBot
458,WHITE,C7,CastellaBot
459,WHITE,D7,CastellaBot
460,WHITE,E2,CastellaBot
461,WHITE,E3,CastellaBot
462,BLACK,G4,Human
463,WHITE,D2,CastellaBot
464,WHITE,D6,CastellaBot
465,WHITE,E2,CastellaBot
466,WHITE,E3,CastellaBot
467,BLACK,G6,Human
468,WHITE,D2,CastellaBot
469,WHITE,E2,CastellaBot
470,WHITE,E3,CastellaBot
471,WHITE,E7,CastellaBot
472,WHITE,F3,CastellaBot
473,WHITE,F7,CastellaBot
474,BLACK,G7,Human
475,WHITE,C2,CastellaBot
476,WHITE,D2,CastellaBot
477,WHITE,D6,CastellaBot
478,WHITE,D7,CastellaBot
479,WHITE,E2,CastellaBot
480,WHITE,E3,CastellaBot
481,WHITE,F3,CastellaBot
482,WHITE,F7,CastellaBot
483,WHITE,D6,CastellaBot
484,BLACK,B2,Human
485,WHITE,A1,CastellaBot
486,WHITE,B3,CastellaBot
487,WHITE,B4,CastellaBot
488,WHITE,C2,CastellaBot
489,WHITE,C5,CastellaBot
490,WHITE,D2,CastellaBot
491,WHITE,E3,CastellaBot
492,BLACK,B3,Human
493,WHITE,A2,CastellaBot
494,WHITE,B2,CastellaBot
495,WHITE,B4,CastellaBot
496,WHITE,C2,CastellaBot
497,WHITE,C5,CastellaBot
498,WHITE,D2,CastellaBot
499,WHITE,E3,CastellaBot
500,BLACK,C2,Human
501,WHITE,B1,CastellaBot
502,WHITE,B2,CastellaBot
503,WHITE,B3,CastellaBot
504,WHITE,B4,CastellaBot
505,WHITE,C5,CastellaBot
506,WHITE,D2,CastellaBot
507,BLACK,D7,Human
508,WHITE,B3,CastellaBot
509,BLACK,E7,Human
510,WHITE,B4,CastellaBot
511,WHITE,C2,CastellaBot
512,WHITE,C5,CastellaBot
513,BLACK,F7,Human
514,WHITE,B4,CastellaBot
515,BLACK,G4,Human
516,WHITE,B3,CastellaBot
517,WHITE,C2,CastellaBot
518,BLACK,G5,Human
519,WHITE,B3,CastellaBot
520,WHITE,B4,CastellaBot
521,BLACK,G6,Human
522,WHITE,B3,CastellaBot
523,WHITE,B4,CastellaBot
524,BLACK,G7,Human
525,WHITE,B3,CastellaBot
526,WHITE,B4,CastellaBot
527,WHITE,D7,CastellaBot
528,BLACK,B2,Human
529,WHITE,A1,CastellaBot
530,WHITE,B3,CastellaBot
531,WHITE,B4,CastellaBot
532,WHITE,C2,CastellaBot
533,WHITE,C5,CastellaBot
534,WHITE,D6,CastellaBot
535,WHITE,E3,CastellaBot
536,BLACK,B3,Human
537,WHITE,A2,CastellaBot
538,WHITE,B2,CastellaBot
539,WHITE,B4,CastellaBot
540,WHITE,C2,CastellaBot
541,WHITE,C5,CastellaBot
542,WHITE,D6,CastellaBot
543,WHITE,E3,CastellaBot
544,BLACK,C2,Human
545,WHITE,B1,CastellaBot
546,WHITE,B2,CastellaBot
547,BLACK,E7,Human
548,WHITE,B4,CastellaBot
549,BLACK,F7,Human
550,WHITE,B4,CastellaBot
551,BLACK,G3,Human
552,WHITE,B3,CastellaBot
553,WHITE,C2,CastellaBot
554,BLACK,G4,Human
555,WHITE,B3,CastellaBot
556,WHITE,C2,CastellaBot
557,BLACK,G5,Human
558,WHITE,B3,CastellaBot
559,WHITE,B4,CastellaBot
560,BLACK,G6,Human
561,WHITE,B3,CastellaBot
562,WHITE,B4,CastellaBot
563,BLACK,G7,Human
564,WHITE,B3,CastellaBot
565,WHITE,E3,CastellaBot
566,BLACK,B2,Human
567,WHITE,A1,CastellaBot
568,WHITE,B3,CastellaBot
569,WHITE,B4,CastellaBot
570,WHITE,B5,CastellaBot
571,WHITE,C5,CastellaBot
572,WHITE,D6,CastellaBot
573,WHITE,D7,CastellaBot
574,WHITE,E7,CastellaBot
575,BLACK,C2,Human
576,WHITE,B1,CastellaBot
577,WHITE,B2,CastellaBot
578,WHITE,B3,CastellaBot
579,WHITE,B4,CastellaBot
580,WHITE,C5,CastellaBot
581,WHITE,D6,CastellaBot
582,WHITE,D7,CastellaBot
583,WHITE,E7,CastellaBot
584,BLACK,D2,Human
585,WHITE,B4,CastellaBot
586,BLACK,E2,Human
587,WHITE,B4,CastellaBot
588,BLACK,F2,Human
589,WHITE,B4,CastellaBot
590,BLACK,G3,Human
591,WHITE,B5,CastellaBot
592,WHITE,C5,CastellaBot
593,BLACK,G4,Human
594,WHITE,B5,CastellaBot
595,WHITE,C5,CastellaBot
596,WHITE,D6,CastellaBot
597,BLACK,G5,Human
598,WHITE,B4,CastellaBot
599,BLACK,G6,Human
600,WHITE,B4,CastellaBot
601,WHITE,B5,CastellaBot
602,WHITE,C5,CastellaBot
603,WHITE,D6,CastellaBot
604,BLACK,G7,Human
605,WHITE,B4,CastellaBot
606,WHITE,C5,CastellaBot
607,BLACK,D6,Human
608,WHITE,C2,CastellaBot
609,BLACK,B2,Human
610,WHITE,A1,CastellaBot
611,WHITE,A2,CastellaBot
612,WHITE,B3,CastellaBot
613,WHITE,C6,CastellaBot
614,WHITE,C7,CastellaBot
615,WHITE,D7,CastellaBot
616,WHITE,E3,CastellaBot
617,WHITE,E7,CastellaBot
618,WHITE,F7,CastellaBot
619,BLACK,B3,Human
620,WHITE,A3,CastellaBot
621,WHITE,A4,CastellaBot
622,WHITE,B4,CastellaBot
623,WHITE,B5,CastellaBot
624,WHITE,C6,CastellaBot
625,WHITE,C7,CastellaBot
626,WHITE,D7,CastellaBot
627,WHITE,E3,CastellaBot
628,WHITE,E7,CastellaBot
629,BLACK,B4,Human
630,WHITE,A4,CastellaBot
631,WHITE,A5,CastellaBot
632,WHITE,B5,CastellaBot
633,WHITE,C6,CastellaBot
634,BLACK,B5,Human
635,WHITE,A5,CastellaBot
636,WHITE,A6,CastellaBot
637,WHITE,C6,CastellaBot
638,BLACK,B6,Human
639,WHITE,B5,CastellaBot
640,WHITE,C6,CastellaBot
641,BLACK,D2,Human
642,WHITE,C6,CastellaBot
643,WHITE,C7,CastellaBot
644,WHITE,D7,CastellaBot
645,WHITE,E1,CastellaBot
646,WHITE,E2,CastellaBot
647,WHITE,E3,CastellaBot
648,WHITE,E7,CastellaBot
649,WHITE,F7,CastellaBot
650,BLACK,E3,Human
651,WHITE,C6,CastellaBot
652,WHITE,C7,CastellaBot
653,WHITE,D2,CastellaBot
654,WHITE,D7,CastellaBot
655,WHITE,E7,CastellaBot
656,WHITE,F2,CastellaBot
657,WHITE,F3,CastellaBot
658,WHITE,F7,CastellaBot
659,BLACK,F3,Human
660,WHITE,C6,CastellaBot
661,WHITE,C7,CastellaBot
662,WHITE,D7,CastellaBot
663,BLACK,G3,Human
664,WHITE,C6,CastellaBot
665,BLACK,G4,Human
666,WHITE,C6,CastellaBot
667,WHITE,C7,CastellaBot
668,WHITE,D7,CastellaBot
669,BLACK,G5,Human
670,WHITE,C6,CastellaBot
671,BLACK,G6,Human
672,WHITE,C6,CastellaBot
673,WHITE,C7,CastellaBot
674,WHITE,D7,CastellaBot
675,BLACK,G7,Human
676,WHITE,C6,CastellaBot
677,WHITE,C7,CastellaBot
678,WHITE,D7,CastellaBot
679,WHITE,C6,CastellaBot
680,BLACK,B2,Human
681,WHITE,A1,CastellaBot
682,WHITE,C2,CastellaBot
683,WHITE,D2,CastellaBot
684,WHITE,E2,CastellaBot
685,WHITE,E3,CastellaBot
686,WHITE,F3,CastellaBot
687,BLACK,B3,Human
688,WHITE,A2,CastellaBot
689,WHITE,B2,CastellaBot
690,WHITE,B4,CastellaBot
691,WHITE,C2,CastellaBot
692,WHITE,D2,CastellaBot
693,WHITE,E3,CastellaBot
694,WHITE,F3,CastellaBot
695,BLACK,B4,Human
696,WHITE,A3,CastellaBot
697,WHITE,A4,CastellaBot
698,BLACK,B5,Human
699,WHITE,A4,CastellaBot
700,WHITE,A5,CastellaBot
701,WHITE,B3,CastellaBot
702,WHITE,B4,CastellaBot
703,BLACK,B6,Human
704,WHITE,A6,CastellaBot
705,WHITE,B4,CastellaBot
706,WHITE,B5,CastellaBot
707,BLACK,B7,Human
708,WHITE,B6,CastellaBot
709,BLACK,D7,Human
710,WHITE,C2,CastellaBot
711,WHITE,C7,CastellaBot
712,WHITE,C8,CastellaBot
713,WHITE,E2,CastellaBot
714,WHITE,E3,CastellaBot
715,BLACK,E7,Human
716,WHITE,C2,CastellaBot
717,WHITE,D2,CastellaBot
718,WHITE,D7,CastellaBot
719,WHITE,D8,CastellaBot
720,WHITE,E2,CastellaBot
721,WHITE,E3,CastellaBot
722,WHITE,F3,CastellaBot
723,WHITE,F7,CastellaBot
724,WHITE,F8,CastellaBot
725,BLACK,F7,Human
726,WHITE,C2,CastellaBot
727,WHITE,D2,CastellaBot
728,BLACK,G4,Human
729,WHITE,C2,CastellaBot
730,WHITE,D2,CastellaBot
731,BLACK,G5,Human
732,WHITE,D2,CastellaBot
733,WHITE,E2,CastellaBot
734,WHITE,E3,CastellaBot
735,BLACK,G6,Human
736,WHITE,D2,CastellaBot
737,BLACK,G7,Human
738,WHITE,C2,CastellaBot
739,WHITE,D2,CastellaBot
740,WHITE,E2,CastellaBot
741,WHITE,E3,CastellaBot
742,WHITE,C7,CastellaBot
743,BLACK,B2,Human
744,WHITE,A1,CastellaBot
745,WHITE,C2,CastellaBot
746,WHITE,D2,CastellaBot
747,WHITE,D7,CastellaBot
748,WHITE,E2,CastellaBot
749,WHITE,E3,CastellaBot
750,WHITE,E7,CastellaBot
751,WHITE,F7,CastellaBot
752,BLACK,B3,Human
753,WHITE,B2,CastellaBot
754,WHITE,B4,CastellaBot
755,WHITE,C2,CastellaBot
756,WHITE,D2,CastellaBot
757,WHITE,D7,CastellaBot
758,WHITE,E3,CastellaBot
759,WHITE,E7,CastellaBot
760,BLACK,B4,Human
761,WHITE,A3,CastellaBot
762,WHITE,A4,CastellaBot
763,BLACK,B5,Human
764,WHITE,A5,CastellaBot
765,WHITE,B4,CastellaBot
766,BLACK,B6,Human
767,WHITE,A5,CastellaBot
768,WHITE,B4,CastellaBot
769,WHITE,B5,CastellaBot
770,BLACK,C6,Human
771,WHITE,B6,CastellaBot
772,BLACK,D7,Human
773,WHITE,C2,CastellaBot
774,WHITE,C6,CastellaBot
775,BLACK,G4,Human
776,WHITE,D2,CastellaBot
777,WHITE,E2,CastellaBot
778,WHITE,E3,CastellaBot
779,WHITE,E7,CastellaBot
780,WHITE,F3,CastellaBot
781,WHITE,F7,CastellaBot
782,WHITE,G3,CastellaBot
783,WHITE,G5,CastellaBot
784,WHITE,H4,CastellaBot
785,BLACK,G5,Human
786,WHITE,D2,CastellaBot
787,WHITE,E2,CastellaBot
788,WHITE,E3,CastellaBot
789,WHITE,F7,CastellaBot
790,WHITE,H4,CastellaBot
791,WHITE,H5,CastellaBot
792,BLACK,G6,Human
793,WHITE,D2,CastellaBot
794,WHITE,E2,CastellaBot
795,WHITE,E3,CastellaBot
796,WHITE,E7,CastellaBot
797,WHITE,F7,CastellaBot
798,BLACK,G7,Human
799,WHITE,C2,CastellaBot
800,WHITE,D2,CastellaBot
801,WHITE,D7,CastellaBot
802,WHITE,E2,CastellaBot
803,WHITE,E3,CastellaBot
804,WHITE,F7,CastellaBot
805,WHITE,D7,CastellaBot
806,BLACK,B2,Human
807,WHITE,A1,CastellaBot
808,WHITE,C2,CastellaBot
809,WHITE,C6,CastellaBot
810,WHITE,C7,CastellaBot
811,WHITE,D2,CastellaBot
812,WHITE,E2,CastellaBot
813,WHITE,E3,CastellaBot
814,WHITE,E7,CastellaBot
815,BLACK,B3,Human
816,WHITE,A2,CastellaBot
817,WHITE,B2,CastellaBot
818,WHITE,B4,CastellaBot
819,WHITE,C2,CastellaBot
820,WHITE,C6,CastellaBot
821,WHITE,C7,CastellaBot
822,WHITE,D2,CastellaBot
823,WHITE,E3,CastellaBot
824,WHITE,E7,CastellaBot
825,BLACK,B4,Human
826,WHITE,A4,CastellaBot
827,BLACK,B5,Human
828,WHITE,A5,CastellaBot
829,WHITE,B3,CastellaBot
830,WHITE,B4,CastellaBot
831,BLACK,B6,Human
832,WHITE,B5,CastellaBot
833,BLACK,D8,Human
834,WHITE,C2,CastellaBot
835,WHITE,C6,CastellaBot
836,WHITE,C7,CastellaBot
837,WHITE,C8,CastellaBot
838,WHITE,E2,CastellaBot
839,WHITE,E3,CastellaBot
840,BLACK,E7,Human
841,WHITE,C2,CastellaBot
842,WHITE,C6,CastellaBot
843,WHITE,C7,CastellaBot
844,WHITE,D2,CastellaBot
845,WHITE,D8,CastellaBot
846,WHITE,E2,CastellaBot
847,WHITE,E3,CastellaBot
848,WHITE,F7,CastellaBot
849,WHITE,F8,CastellaBot
850,BLACK,F7,Human
851,WHITE,C2,CastellaBot
852,WHITE,C6,CastellaBot
853,BLACK,G3,Human
854,WHITE,C2,CastellaBot
855,WHITE,C6,CastellaBot
856,WHITE,D2,CastellaBot
857,BLACK,G4,Human
858,WHITE,C2,CastellaBot
859,WHITE,C6,CastellaBot
860,WHITE,C7,CastellaBot
861,WHITE,D2,CastellaBot
862,BLACK,G5,Human
863,WHITE,C6,CastellaBot
864,WHITE,C7,CastellaBot
865,WHITE,D2,CastellaBot
866,BLACK,G6,Human
867,WHITE,C7,CastellaBot
868,WHITE,D2,CastellaBot
869,WHITE,E2,CastellaBot
870,WHITE,E3,CastellaBot
871,WHITE,E7,CastellaBot
872,WHITE,F7,CastellaBot
873,BLACK,G7,Human
874,WHITE,C2,CastellaBot
875,WHITE,C6,CastellaBot
876,WHITE,C7,CastellaBot
877,WHITE,D2,CastellaBot
878,WHITE,E2,CastellaBot
879,BLACK,B2,Human
880,WHITE,A1,CastellaBot
881,WHITE,B3,CastellaBot
882,WHITE,C2,CastellaBot
883,WHITE,C6,CastellaBot
884,WHITE,C7,CastellaBot
885,WHITE,D7,CastellaBot
886,WHITE,E3,CastellaBot
887,WHITE,E7,CastellaBot
888,WHITE,F7,CastellaBot
889,BLACK,B3,Human
890,WHITE,A3,CastellaBot
891,WHITE,B4,CastellaBot
892,WHITE,B5,CastellaBot
893,WHITE,C6,CastellaBot
894,WHITE,C7,CastellaBot
895,WHITE,D7,CastellaBot
896,WHITE,E3,CastellaBot
897,WHITE,E7,CastellaBot
898,BLACK,B4,Human
899,WHITE,A4,CastellaBot
900,WHITE,A5,CastellaBot
901,WHITE,B5,CastellaBot
902,WHITE,C6,CastellaBot
903,WHITE,C7,CastellaBot
904,WHITE,D7,CastellaBot
905,WHITE,E3,CastellaBot
906,WHITE,E7,CastellaBot
907,BLACK,B5,Human
908,WHITE,A5,CastellaBot
909,WHITE,A6,CastellaBot
910,WHITE,C6,CastellaBot
911,WHITE,C7,CastellaBot
912,WHITE,D7,CastellaBot
913,BLACK,B6,Human
914,WHITE,B5,CastellaBot
915,WHITE,C6,CastellaBot
916,WHITE,C7,CastellaBot
917,WHITE,D7,CastellaBot
918,BLACK,C2,Human
919,WHITE,B1,CastellaBot
920,WHITE,C1,CastellaBot
921,WHITE,C6,CastellaBot
922,WHITE,C7,CastellaBot
923,WHITE,D7,CastellaBot
924,WHITE,E3,CastellaBot
925,WHITE,E7,CastellaBot
926,WHITE,F7,CastellaBot
927,BLACK,D2,Human
928,WHITE,C2,CastellaBot
929,WHITE,C6,CastellaBot
930,WHITE,C7,CastellaBot
931,WHITE,D7,CastellaBot
932,WHITE,E1,CastellaBot
933,WHITE,E3,CastellaBot
934,BLACK,G3,Human
935,WHITE,C6,CastellaBot
936,WHITE,D7,CastellaBot
937,WHITE,E3,CastellaBot
938,WHITE,E7,CastellaBot
939,WHITE,F3,CastellaBot
940,WHITE,F7,CastellaBot
941,WHITE,G4,CastellaBot
942,BLACK,G4,Human
943,WHITE,C6,CastellaBot
944,WHITE,C7,CastellaBot
945,WHITE,D7,CastellaBot
946,BLACK,G5,Human
947,WHITE,C6,CastellaBot
948,WHITE,C7,CastellaBot
949,WHITE,D7,CastellaBot
950,WHITE,E3,CastellaBot
951,WHITE,E7,CastellaBot
952,WHITE,F7,CastellaBot
953,WHITE,G6,CastellaBot
954,WHITE,H4,CastellaBot
955,WHITE,H5,CastellaBot
956,BLACK,G6,Human
957,WHITE,C7,CastellaBot
958,WHITE,D7,CastellaBot
959,WHITE,E3,CastellaBot
960,WHITE,E7,CastellaBot
961,WHITE,F7,CastellaBot
962,BLACK,G7,Human
963,WHITE,C7,CastellaBot
964,WHITE,D7,CastellaBot
965,WHITE,E3,CastellaBot
966,BLACK,B3,Human
967,WHITE,A3,CastellaBot
968,WHITE,B4,CastellaBot
969,WHITE,B5,CastellaBot
970,WHITE,C6,CastellaBot
971,WHITE,C7,CastellaBot
972,WHITE,D7,CastellaBot
973,WHITE,E7,CastellaBot
974,BLACK,B4,Human
975,WHITE,A4,CastellaBot
976,WHITE,A5,CastellaBot
977,WHITE,B5,CastellaBot
978,WHITE,B6,CastellaBot
979,WHITE,C6,CastellaBot
980,BLACK,B5,Human
981,WHITE,A5,CastellaBot
982,WHITE,A6,CastellaBot
983,WHITE,B6,CastellaBot
984,WHITE,C6,CastellaBot
985,BLACK,D2,Human
986,WHITE,C1,CastellaBot
987,WHITE,C2,CastellaBot
988,WHITE,C6,CastellaBot
989,WHITE,C7,CastellaBot
990,WHITE,D7,CastellaBot
991,WHITE,E1,CastellaBot
992,WHITE,E2,CastellaBot
993,WHITE,E7,CastellaBot
994,WHITE,F7,CastellaBot
995,BLACK,E2,Human
996,WHITE,C6,CastellaBot
997,WHITE,C7,CastellaBot
998,WHITE,D2,CastellaBot
999,WHITE,D7,CastellaBot
1000,WHITE,E7,CastellaBot
1001,WHITE,F1,CastellaBot
1002,WHITE,F2,CastellaBot
1003,WHITE,F3,CastellaBot
1004,WHITE,F7,CastellaBot
1005,BLACK,F3,Human
1006,WHITE,C6,CastellaBot
1007,BLACK,G3,Human
1008,WHITE,C6,CastellaBot
1009,BLACK,G4,Human
1010,WHITE,C6,CastellaBot
1011,BLACK,G5,Human
1012,WHITE,C6,CastellaBot
1013,BLACK,G6,Human
1014,WHITE,C6,CastellaBot
1015,WHITE,E7,CastellaBot
1016,BLACK,B2,Human
1017,WHITE,A1,CastellaBot
1018,WHITE,C2,CastellaBot
1019,WHITE,D2,CastellaBot
1020,WHITE,E2,CastellaBot
1021,WHITE,E3,CastellaBot
1022,BLACK,B3,Human
1023,WHITE,A2,CastellaBot
1024,WHITE,B2,CastellaBot
1025,WHITE,B4,CastellaBot
1026,WHITE,C2,CastellaBot
1027,WHITE,D2,CastellaBot
1028,WHITE,E3,CastellaBot
1029,BLACK,B4,Human
1030,WHITE,A3,CastellaBot
1031,WHITE,A4,CastellaBot
1032,BLACK,B5,Human
1033,WHITE,A5,CastellaBot
1034,WHITE,B3,CastellaBot
1035,WHITE,B4,CastellaBot
1036,BLACK,B6,Human
1037,WHITE,B4,CastellaBot
1038,WHITE,B5,CastellaBot
1039,WHITE,C2,CastellaBot
1040,WHITE,C6,CastellaBot
1041,WHITE,D2,CastellaBot
1042,BLACK,D7,Human
1043,WHITE,C2,CastellaBot
1044,WHITE,C6,CastellaBot
1045,WHITE,C7,CastellaBot
1046,WHITE,C8,CastellaBot
1047,WHITE,E2,CastellaBot
1048,WHITE,E3,CastellaBot
1049,BLACK,E8,Human
1050,WHITE,C2,CastellaBot
1051,WHITE,D2,CastellaBot
1052,WHITE,D7,CastellaBot
1053,WHITE,D8,CastellaBot
1054,WHITE,E2,CastellaBot
1055,WHITE,E3,CastellaBot
1056,WHITE,F7,CastellaBot
1057,WHITE,F8,CastellaBot
1058,BLACK,F7,Human
1059,WHITE,C2,CastellaBot
1060,BLACK,G4,Human
1061,WHITE,C2,CastellaBot
1062,BLACK,G5,Human
1063,WHITE,D2,CastellaBot
1064,BLACK,G6,Human
1065,WHITE,D2,CastellaBot
1066,BLACK,G7,Human
1067,WHITE,C2,CastellaBot
1068,WHITE,D2,CastellaBot
1069,WHITE,F7,CastellaBot
1070,BLACK,B2,Human
1071,WHITE,A1,CastellaBot
1072,WHITE,C2,CastellaBot
1073,WHITE,C6,CastellaBot
1074,WHITE,C7,CastellaBot
1075,WHITE,D2,CastellaBot
1076,WHITE,D7,CastellaBot
1077,WHITE,E2,CastellaBot
1078,WHITE,E3,CastellaBot
1079,WHITE,E7,CastellaBot
1080,WHITE,F3,CastellaBot
1081,BLACK,B3,Human
1082,WHITE,A2,CastellaBot
1083,WHITE,B2,CastellaBot
1084,WHITE,C2,CastellaBot
1085,WHITE,C6,CastellaBot
1086,WHITE,C7,CastellaBot
1087,WHITE,D2,CastellaBot
1088,WHITE,D7,CastellaBot
1089,WHITE,E2,CastellaBot
1090,WHITE,E3,CastellaBot
1091,WHITE,E7,CastellaBot
1092,WHITE,F3,CastellaBot
1093,BLACK,B4,Human
1094,WHITE,A4,CastellaBot
1095,BLACK,B5,Human
1096,WHITE,A5,CastellaBot
1097,WHITE,B3,CastellaBot
1098,WHITE,B4,CastellaBot
1099,BLACK,B6,Human
1100,WHITE,B5,CastellaBot
1101,WHITE,C2,CastellaBot
1102,WHITE,C6,CastellaBot
1103,BLACK,C6,Human
1104,WHITE,B6,CastellaBot
1105,WHITE,C2,CastellaBot
1106,WHITE,C7,CastellaBot
1107,WHITE,E2,CastellaBot
1108,WHITE,E3,CastellaBot
1109,WHITE,E7,CastellaBot
1110,BLACK,E7,Human
1111,WHITE,C2,CastellaBot
1112,WHITE,C6,CastellaBot
1113,WHITE,C7,CastellaBot
1114,WHITE,D2,CastellaBot
1115,WHITE,D7,CastellaBot
1116,WHITE,D8,CastellaBot
1117,WHITE,E2,CastellaBot
1118,WHITE,E3,CastellaBot
1119,WHITE,F3,CastellaBot
1120,WHITE,F8,CastellaBot
1121,BLACK,G3,Human
1122,WHITE,C2,CastellaBot
1123,WHITE,C6,CastellaBot
1124,WHITE,D2,CastellaBot
1125,WHITE,D7,CastellaBot
1126,WHITE,E2,CastellaBot
1127,WHITE,E3,CastellaBot
1128,BLACK,G4,Human
1129,WHITE,C2,CastellaBot
1130,BLACK,G6,Human
1131,WHITE,C7,CastellaBot
1132,WHITE,D2,CastellaBot
1133,WHITE,D7,CastellaBot
1134,WHITE,E2,CastellaBot
1135,WHITE,E3,CastellaBot
1136,WHITE,E7,CastellaBot
1137,WHITE,F3,CastellaBot
1138,WHITE,G5,CastellaBot
1139,WHITE,G7,CastellaBot
1140,WHITE,H5,CastellaBot
1141,BLACK,G7,Human
1142,WHITE,C2,CastellaBot
1143,WHITE,C6,CastellaBot
1144,BLACK,D7,Human
1145,WHITE,C2,CastellaBot
1146,BLACK,B2,Human
1147,WHITE,A1,CastellaBot
1148,WHITE,A2,CastellaBot
1149,WHITE,B3,CastellaBot
1150,WHITE,C7,CastellaBot
1151,WHITE,C8,CastellaBot
1152,WHITE,D8,CastellaBot
1153,WHITE,E3,CastellaBot
1154,WHITE,E7,CastellaBot
1155,WHITE,E8,CastellaBot
1156,BLACK,B3,Human
1157,WHITE,A2,CastellaBot
1158,WHITE,A3,CastellaBot
1159,WHITE,A4,CastellaBot
1160,WHITE,B4,CastellaBot
1161,WHITE,B5,CastellaBot
1162,WHITE,C7,CastellaBot
1163,WHITE,C8,CastellaBot
1164,WHITE,D8,CastellaBot
1165,WHITE,E3,CastellaBot
1166,WHITE,E7,CastellaBot
1167,WHITE,E8,CastellaBot
1168,BLACK,B4,Human
1169,WHITE,A4,CastellaBot
1170,WHITE,A5,CastellaBot
1171,WHITE,B3,CastellaBot
1172,WHITE,B5,CastellaBot
1173,WHITE,C7,CastellaBot
1174,WHITE,C8,CastellaBot
1175,WHITE,D8,CastellaBot
1176,WHITE,E8,CastellaBot
1177,BLACK,B5,Human
1178,WHITE,A5,CastellaBot
1179,WHITE,A6,CastellaBot
1180,WHITE,B6,CastellaBot
1181,WHITE,B7,CastellaBot
1182,WHITE,C7,CastellaBot
1183,WHITE,C8,CastellaBot
1184,WHITE,D8,CastellaBot
1185,BLACK,B6,Human
1186,WHITE,A6,CastellaBot
1187,WHITE,B5,CastellaBot
1188,WHITE,B7,CastellaBot
1189,WHITE,C7,CastellaBot
1190,WHITE,C8,CastellaBot
1191,WHITE,D8,CastellaBot
1192,BLACK,B7,Human
1193,WHITE,A8,CastellaBot
1194,BLACK,D2,Human
1195,WHITE,C7,CastellaBot
1196,WHITE,C8,CastellaBot
1197,WHITE,E1,CastellaBot
1198,WHITE,E2,CastellaBot
1199,WHITE,E3,CastellaBot
1200,BLACK,F3,Human
1201,WHITE,C7,CastellaBot
1202,WHITE,C8,CastellaBot
1203,WHITE,D8,CastellaBot
1204,BLACK,F7,Human
1205,WHITE,C7,CastellaBot
1206,WHITE,C8,CastellaBot
1207,WHITE,D8,CastellaBot
1208,BLACK,G3,Human
1209,WHITE,C8,CastellaBot
1210,WHITE,D8,CastellaBot
1211,BLACK,G4,Human
1212,WHITE,C7,CastellaBot
1213,WHITE,D8,CastellaBot
1214,WHITE,E3,CastellaBot
1215,WHITE,E7,CastellaBot
1216,WHITE,E8,CastellaBot
1217,WHITE,F3,CastellaBot
1218,BLACK,G5,Human
1219,WHITE,C7,CastellaBot
1220,WHITE,C8,CastellaBot
1221,WHITE,D8,CastellaBot
1222,BLACK,G6,Human
1223,WHITE,C7,CastellaBot
1224,WHITE,C8,CastellaBot
1225,WHITE,D8,CastellaBot
1226,WHITE,E3,CastellaBot
1227,WHITE,E7,CastellaBot
1228,WHITE,E8,CastellaBot
1229,WHITE,F7,CastellaBot
1230,BLACK,G7,Human
1231,WHITE,C7,CastellaBot
1232,WHITE,C8,CastellaBot
1233,WHITE,D8,CastellaBot
1234,WHITE,C7,CastellaBot
1235,BLACK,B2,Human
1236,WHITE,A1,CastellaBot
1237,WHITE,C2,CastellaBot
1238,WHITE,C8,CastellaBot
1239,WHITE,D2,CastellaBot
1240,WHITE,D8,CastellaBot
1241,WHITE,E2,CastellaBot
1242,WHITE,E3,CastellaBot
1243,WHITE,E7,CastellaBot
1244,WHITE,E8,CastellaBot
1245,WHITE,F3,CastellaBot
1246,BLACK,B3,Human
1247,WHITE,A2,CastellaBot
1248,WHITE,B2,CastellaBot
1249,WHITE,B4,CastellaBot
1250,WHITE,C2,CastellaBot
1251,WHITE,C8,CastellaBot
1252,WHITE,D2,CastellaBot
1253,WHITE,D8,CastellaBot
1254,WHITE,E3,CastellaBot
1255,WHITE,E7,CastellaBot
1256,WHITE,E8,CastellaBot
1257,WHITE,F3,CastellaBot
1258,BLACK,B4,Human
1259,WHITE,A3,CastellaBot
1260,WHITE,A4,CastellaBot
1261,BLACK,B5,Human
1262,WHITE,A5,CastellaBot
1263,WHITE,B3,CastellaBot
1264,WHITE,B4,CastellaBot
1265,WHITE,B6,CastellaBot
1266,WHITE,C2,CastellaBot
1267,WHITE,C8,CastellaBot
1268,WHITE,D2,CastellaBot
1269,WHITE,D8,CastellaBot
1270,WHITE,E3,CastellaBot
1271,WHITE,E7,CastellaBot
1272,BLACK,B6,Human
1273,WHITE,A5,CastellaBot
1274,WHITE,A6,CastellaBot
1275,WHITE,B4,CastellaBot
1276,BLACK,B7,Human
1277,WHITE,B6,CastellaBot
1278,BLACK,E7,Human
1279,WHITE,C2,CastellaBot
1280,WHITE,C8,CastellaBot
1281,WHITE,D2,CastellaBot
1282,WHITE,D8,CastellaBot
1283,WHITE,E2,CastellaBot
1284,WHITE,E3,CastellaBot
1285,WHITE,E8,CastellaBot
1286,WHITE,F3,CastellaBot
1287,WHITE,F7,CastellaBot
1288,WHITE,F8,CastellaBot
1289,BLACK,F7,Human
1290,WHITE,C2,CastellaBot
1291,WHITE,C8,CastellaBot
1292,BLACK,G4,Human
1293,WHITE,D2,CastellaBot
1294,WHITE,D8,CastellaBot
1295,WHITE,E2,CastellaBot
1296,WHITE,E3,CastellaBot
1297,WHITE,E7,CastellaBot
1298,WHITE,E8,CastellaBot
1299,WHITE,F3,CastellaBot
1300,BLACK,G5,Human
1301,WHITE,C8,CastellaBot
1302,WHITE,D2,CastellaBot
1303,BLACK,G6,Human
1304,WHITE,C8,CastellaBot
1305,WHITE,D2,CastellaBot
1306,BLACK,G7,Human
1307,WHITE,C2,CastellaBot
1308,WHITE,C8,CastellaBot
1309,WHITE,D2,CastellaBot
1310,WHITE,C8,CastellaBot
1311,BLACK,B2,Human
1312,WHITE,A1,CastellaBot
1313,WHITE,C2,CastellaBot
1314,WHITE,C7,CastellaBot
1315,WHITE,D2,CastellaBot
1316,WHITE,E2,CastellaBot
1317,WHITE,E3,CastellaBot
1318,WHITE,E7,CastellaBot
1319,WHITE,F3,CastellaBot
1320,BLACK,B3,Human
1321,WHITE,A2,CastellaBot
1322,WHITE,B2,CastellaBot
1323,WHITE,B4,CastellaBot
1324,WHITE,C2,CastellaBot
1325,WHITE,C7,CastellaBot
1326,WHITE,D2,CastellaBot
1327,WHITE,E3,CastellaBot
1328,WHITE,E7,CastellaBot
1329,WHITE,F3,CastellaBot
1330,BLACK,B4,Human
1331,WHITE,A4,CastellaBot
1332,BLACK,B5,Human
1333,WHITE,A4,CastellaBot
1334,WHITE,A5,CastellaBot
1335,WHITE,B3,CastellaBot
1336,WHITE,B4,CastellaBot
1337,WHITE,C2,CastellaBot
1338,WHITE,C7,CastellaBot
1339,WHITE,D2,CastellaBot
1340,BLACK,B6,Human
1341,WHITE,A6,CastellaBot
1342,WHITE,B5,CastellaBot
1343,BLACK,B7,Human
1344,WHITE,A6,CastellaBot
1345,WHITE,B5,CastellaBot
1346,BLACK,D8,Human
1347,WHITE,C2,CastellaBot
1348,WHITE,C7,CastellaBot
1349,WHITE,E2,CastellaBot
1350,WHITE,E3,CastellaBot
1351,BLACK,E7,Human
1352,WHITE,C2,CastellaBot
1353,WHITE,C7,CastellaBot
1354,WHITE,D2,CastellaBot
1355,BLACK,F7,Human
1356,WHITE,C2,CastellaBot
1357,WHITE,C7,CastellaBot
1358,WHITE,D2,CastellaBot
1359,BLACK,G3,Human
1360,WHITE,C2,CastellaBot
1361,WHITE,D2,CastellaBot
1362,BLACK,G4,Human
1363,WHITE,C2,CastellaBot
1364,WHITE,C7,CastellaBot
1365,WHITE,D2,CastellaBot
1366,BLACK,G5,Human
1367,WHITE,C7,CastellaBot
1368,WHITE,D2,CastellaBot
1369,BLACK,G6,Human
1370,WHITE,C7,CastellaBot
1371,WHITE,D2,CastellaBot
1372,WHITE,E2,CastellaBot
1373,WHITE,E3,CastellaBot
1374,WHITE,E7,CastellaBot
1375,WHITE,F3,CastellaBot
1376,WHITE,F7,CastellaBot
1377,BLACK,G7,Human
1378,WHITE,C2,CastellaBot
1379,WHITE,C7,CastellaBot
1380,WHITE,D2,CastellaBot
1381,WHITE,E2,CastellaBot
1382,BLACK,B2,Human
1383,WHITE,A1,CastellaBot
1384,WHITE,B3,CastellaBot
1385,WHITE,C2,CastellaBot
1386,WHITE,C7,CastellaBot
1387,WHITE,C8,CastellaBot
1388,WHITE,D8,CastellaBot
1389,WHITE,E3,CastellaBot
1390,WHITE,E7,CastellaBot
1391,WHITE,E8,CastellaBot
1392,WHITE,F3,CastellaBot
1393,BLACK,B3,Human
1394,WHITE,A2,CastellaBot
1395,WHITE,A3,CastellaBot
1396,WHITE,B4,CastellaBot
1397,WHITE,B5,CastellaBot
1398,WHITE,C7,CastellaBot
1399,WHITE,C8,CastellaBot
1400,WHITE,D8,CastellaBot
1401,WHITE,E3,CastellaBot
1402,WHITE,E7,CastellaBot
1403,WHITE,E8,CastellaBot
1404,WHITE,F3,CastellaBot
1405,BLACK,B4,Human
1406,WHITE,A4,CastellaBot
1407,WHITE,A5,CastellaBot
1408,WHITE,B3,CastellaBot
1409,WHITE,B5,CastellaBot
1410,WHITE,C7,CastellaBot
1411,WHITE,C8,CastellaBot
1412,WHITE,D8,CastellaBot
1413,WHITE,E3,CastellaBot
1414,WHITE,E8,CastellaBot
1415,WHITE,F3,CastellaBot
1416,BLACK,B5,Human
1417,WHITE,A5,CastellaBot
1418,WHITE,A6,CastellaBot
1419,WHITE,B6,CastellaBot
1420,WHITE,C7,CastellaBot
1421,WHITE,C8,CastellaBot
1422,WHITE,D8,CastellaBot
1423,WHITE,E3,CastellaBot
1424,BLACK,B6,Human
1425,WHITE,A6,CastellaBot
1426,WHITE,B5,CastellaBot
1427,WHITE,C7,CastellaBot
1428,WHITE,C8,CastellaBot
1429,WHITE,D8,CastellaBot
1430,BLACK,B7,Human
1431,WHITE,B6,CastellaBot
1432,BLACK,C2,Human
1433,WHITE,B1,CastellaBot
1434,WHITE,C1,CastellaBot
1435,WHITE,C7,CastellaBot
1436,WHITE,C8,CastellaBot
1437,WHITE,E3,CastellaBot
1438,BLACK,D2,Human
1439,WHITE,C2,CastellaBot
1440,WHITE,C7,CastellaBot
1441,WHITE,C8,CastellaBot
1442,WHITE,E1,CastellaBot
1443,WHITE,E3,CastellaBot
1444,BLACK,E7,Human
1445,WHITE,C7,CastellaBot
1446,WHITE,C8,CastellaBot
1447,WHITE,D8,CastellaBot
1448,WHITE,E3,CastellaBot
1449,WHITE,E8,CastellaBot
1450,WHITE,F3,CastellaBot
1451,WHITE,F7,CastellaBot
1452,WHITE,F8,CastellaBot
1453,BLACK,F7,Human
1454,WHITE,C7,CastellaBot
1455,WHITE,C8,CastellaBot
1456,WHITE,D8,CastellaBot
1457,BLACK,G3,Human
1458,WHITE,C8,CastellaBot
1459,WHITE,D8,CastellaBot
1460,BLACK,G4,Human
1461,WHITE,C7,CastellaBot
1462,WHITE,D8,CastellaBot
1463,BLACK,G5,Human
1464,WHITE,C7,CastellaBot
1465,WHITE,C8,CastellaBot
1466,WHITE,D8,CastellaBot
1467,BLACK,G6,Human
1468,WHITE,C7,CastellaBot
1469,WHITE,D8,CastellaBot
1470,WHITE,E3,CastellaBot
1471,WHITE,E7,CastellaBot
1472,WHITE,E8,CastellaBot
1473,WHITE,F3,CastellaBot
1474,WHITE,F7,CastellaBot
1475,BLACK,G7,Human
1476,WHITE,C7,CastellaBot
1477,WHITE,C8,CastellaBot
1478,WHITE,D8,CastellaBot
1479,WHITE,E3,CastellaBot
1480,BLACK,B3,Human
1481,WHITE,A2,CastellaBot
1482,WHITE,A3,CastellaBot
1483,WHITE,B4,CastellaBot
1484,WHITE,B5,CastellaBot
1485,WHITE,C7,CastellaBot
1486,WHITE,C8,CastellaBot
1487,WHITE,D8,CastellaBot
1488,WHITE,E7,CastellaBot
1489,WHITE,E8,CastellaBot
1490,BLACK,B4,Human
1491,WHITE,A4,CastellaBot
1492,WHITE,A5,CastellaBot
1493,WHITE,B5,CastellaBot
1494,BLACK,B5,Human
1495,WHITE,A5,CastellaBot
1496,WHITE,A6,CastellaBot
1497,WHITE,B6,CastellaBot
1498,WHITE,B7,CastellaBot
1499,WHITE,C7,CastellaBot
1500,WHITE,C8,CastellaBot
1501,WHITE,D8,CastellaBot
1502,BLACK,B6,Human
1503,WHITE,A6,CastellaBot
1504,BLACK,B7,Human
1505,WHITE,A8,CastellaBot
1506,BLACK,D2,Human
1507,WHITE,C1,CastellaBot
1508,WHITE,C2,CastellaBot
1509,WHITE,C7,CastellaBot
1510,WHITE,C8,CastellaBot
1511,WHITE,E1,CastellaBot
1512,WHITE,E2,CastellaBot
1513,WHITE,E7,CastellaBot
1514,WHITE,E8,CastellaBot
1515,BLACK,F3,Human
1516,WHITE,C7,CastellaBot
1517,BLACK,F7,Human
1518,WHITE,C7,CastellaBot
1519,BLACK,G3,Human
1520,WHITE,C8,CastellaBot
1521,WHITE,D8,CastellaBot
1522,BLACK,G4,Human
1523,WHITE,C7,CastellaBot
1524,WHITE,D8,CastellaBot
1525,BLACK,G5,Human
1526,WHITE,C7,CastellaBot
1527,BLACK,G6,Human
1528,WHITE,C7,CastellaBot
1529,WHITE,C8,CastellaBot
1530,WHITE,D8,CastellaBot
1531,WHITE,E7,CastellaBot
1532,BLACK,B2,Human
1533,WHITE,A1,CastellaBot
1534,WHITE,C2,CastellaBot
1535,WHITE,C7,CastellaBot
1536,WHITE,C8,CastellaBot
1537,WHITE,D2,CastellaBot
1538,WHITE,D8,CastellaBot
1539,WHITE,E2,CastellaBot
1540,WHITE,E3,CastellaBot
1541,WHITE,E8,CastellaBot
1542,WHITE,F3,CastellaBot
1543,BLACK,B3,Human
1544,WHITE,A2,CastellaBot
1545,WHITE,B2,CastellaBot
1546,WHITE,B4,CastellaBot
1547,WHITE,C2,CastellaBot
1548,WHITE,C7,CastellaBot
1549,WHITE,C8,CastellaBot
1550,WHITE,D2,CastellaBot
1551,WHITE,D8,CastellaBot
1552,WHITE,E3,CastellaBot
1553,WHITE,E8,CastellaBot
1554,WHITE,F3,CastellaBot
1555,BLACK,B4,Human
1556,WHITE,A3,CastellaBot
1557,WHITE,A4,CastellaBot
1558,BLACK,B5,Human
1559,WHITE,A5,CastellaBot
1560,WHITE,B3,CastellaBot
1561,WHITE,B4,CastellaBot
1562,WHITE,B6,CastellaBot
1563,WHITE,C2,CastellaBot
1564,WHITE,C7,CastellaBot
1565,WHITE,C8,CastellaBot
1566,WHITE,D2,CastellaBot
1567,WHITE,D8,CastellaBot
1568,WHITE,E3,CastellaBot
1569,BLACK,B6,Human
1570,WHITE,A6,CastellaBot
1571,WHITE,B4,CastellaBot
1572,WHITE,B5,CastellaBot
1573,BLACK,B7,Human
1574,WHITE,B6,CastellaBot
1575,BLACK,E8,Human
1576,WHITE,C2,CastellaBot
1577,WHITE,C8,CastellaBot
1578,WHITE,D2,CastellaBot
1579,WHITE,D8,CastellaBot
1580,WHITE,E2,CastellaBot
1581,WHITE,E3,CastellaBot
1582,WHITE,F3,CastellaBot
1583,WHITE,F7,CastellaBot
1584,WHITE,F8,CastellaBot
1585,BLACK,F7,Human
1586,WHITE,C2,CastellaBot
1587,BLACK,G4,Human
1588,WHITE,C7,CastellaBot
1589,WHITE,D2,CastellaBot
1590,BLACK,G5,Human
1591,WHITE,C7,CastellaBot
1592,WHITE,C8,CastellaBot
1593,WHITE,D2,CastellaBot
1594,BLACK,G6,Human
1595,WHITE,C7,CastellaBot
1596,WHITE,C8,CastellaBot
1597,BLACK,G7,Human
1598,WHITE,C2,CastellaBot
1599,WHITE,E8,CastellaBot
1600,BLACK,B2,Human
1601,WHITE,A1,CastellaBot
1602,WHITE,C2,CastellaBot
1603,WHITE,C7,CastellaBot
1604,WHITE,D2,CastellaBot
1605,WHITE,E2,CastellaBot
1606,WHITE,E3,CastellaBot
1607,WHITE,E7,CastellaBot
1608,WHITE,F3,CastellaBot
1609,BLACK,B3,Human
1610,WHITE,A2,CastellaBot
1611,WHITE,B2,CastellaBot
1612,WHITE,B4,CastellaBot
1613,WHITE,C2,CastellaBot
1614,WHITE,C7,CastellaBot
1615,WHITE,D2,CastellaBot
1616,WHITE,E3,CastellaBot
1617,WHITE,E7,CastellaBot
1618,WHITE,F3,CastellaBot
1619,BLACK,B4,Human
1620,WHITE,A4,CastellaBot
1621,BLACK,B5,Human
1622,WHITE,A4,CastellaBot
1623,WHITE,A5,CastellaBot
1624,WHITE,B3,CastellaBot
1625,WHITE,B4,CastellaBot
1626,WHITE,C2,CastellaBot
1627,WHITE,C7,CastellaBot
1628,WHITE,D2,CastellaBot
1629,BLACK,B6,Human
1630,WHITE,A6,CastellaBot
1631,WHITE,B5,CastellaBot
1632,BLACK,B7,Human
1633,WHITE,B5,CastellaBot
1634,BLACK,D8,Human
1635,WHITE,C2,CastellaBot
1636,WHITE,C7,CastellaBot
1637,WHITE,C8,CastellaBot
1638,BLACK,E7,Human
1639,WHITE,C2,CastellaBot
1640,WHITE,C7,CastellaBot
1641,WHITE,D2,CastellaBot
1642,BLACK,F7,Human
1643,WHITE,C2,CastellaBot
1644,WHITE,C7,CastellaBot
1645,WHITE,D2,CastellaBot
1646,BLACK,G3,Human
1647,WHITE,C2,CastellaBot
1648,WHITE,D2,CastellaBot
1649,BLACK,G4,Human
1650,WHITE,C2,CastellaBot
1651,WHITE,C7,CastellaBot
1652,WHITE,D2,CastellaBot
1653,BLACK,G5,Human
1654,WHITE,C7,CastellaBot
1655,WHITE,D2,CastellaBot
1656,BLACK,G6,Human
1657,WHITE,C7,CastellaBot
1658,WHITE,D2,CastellaBot
1659,WHITE,E2,CastellaBot
1660,WHITE,E3,CastellaBot
1661,WHITE,E7,CastellaBot
1662,WHITE,F3,CastellaBot
1663,WHITE,F7,CastellaBot
1664,BLACK,G7,Human
1665,WHITE,C2,CastellaBot
1666,WHITE,C7,CastellaBot
1667,WHITE,D2,CastellaBot
1668,WHITE,F3,CastellaBot
1669,BLACK,B2,Human
1670,WHITE,A1,CastellaBot
1671,WHITE,C2,CastellaBot
1672,WHITE,C7,CastellaBot
1673,WHITE,C8,CastellaBot
1674,WHITE,D2,CastellaBot
1675,WHITE,D8,CastellaBot
1676,WHITE,E2,CastellaBot
1677,WHITE,E3,CastellaBot
1678,WHITE,E7,CastellaBot
1679,WHITE,E8,CastellaBot
1680,BLACK,B3,Human
1681,WHITE,A2,CastellaBot
1682,WHITE,B2,CastellaBot
1683,WHITE,C2,CastellaBot
1684,WHITE,C7,CastellaBot
1685,WHITE,C8,CastellaBot
1686,WHITE,D2,CastellaBot
1687,WHITE,D8,CastellaBot
1688,WHITE,E2,CastellaBot
1689,WHITE,E3,CastellaBot
1690,WHITE,E7,CastellaBot
1691,WHITE,E8,CastellaBot
1692,BLACK,B4,Human
1693,WHITE,A4,CastellaBot
1694,BLACK,B5,Human
1695,WHITE,A5,CastellaBot
1696,WHITE,B3,CastellaBot
1697,WHITE,B4,CastellaBot
1698,WHITE,B6,CastellaBot
1699,WHITE,B7,CastellaBot
1700,WHITE,C2,CastellaBot
1701,WHITE,C7,CastellaBot
1702,WHITE,C8,CastellaBot
1703,WHITE,D2,CastellaBot
1704,WHITE,D8,CastellaBot
1705,WHITE,E3,CastellaBot
1706,WHITE,E7,CastellaBot
1707,BLACK,B6,Human
1708,WHITE,A6,CastellaBot
1709,BLACK,G3,Human
1710,WHITE,C2,CastellaBot
1711,WHITE,C8,CastellaBot
1712,WHITE,D2,CastellaBot
1713,WHITE,D8,CastellaBot
1714,WHITE,E2,CastellaBot
1715,WHITE,E3,CastellaBot
1716,WHITE,E7,CastellaBot
1717,WHITE,E8,CastellaBot
1718,WHITE,G4,CastellaBot
1719,WHITE,H3,CastellaBot
1720,BLACK,G4,Human
1721,WHITE,C7,CastellaBot
1722,WHITE,D2,CastellaBot
1723,WHITE,D8,CastellaBot
1724,WHITE,E2,CastellaBot
1725,WHITE,E3,CastellaBot
1726,WHITE,E7,CastellaBot
1727,WHITE,E8,CastellaBot
1728,WHITE,F7,CastellaBot
1729,WHITE,G3,CastellaBot
1730,WHITE,G5,CastellaBot
1731,WHITE,H4,CastellaBot
1732,BLACK,G6,Human
1733,WHITE,C7,CastellaBot
1734,WHITE,D2,CastellaBot
1735,WHITE,D8,CastellaBot
1736,WHITE,E2,CastellaBot
1737,WHITE,E3,CastellaBot
1738,WHITE,E7,CastellaBot
1739,WHITE,E8,CastellaBot
1740,WHITE,F7,CastellaBot
1741,BLACK,G7,Human
1742,WHITE,C2,CastellaBot
1743,WHITE,C2,CastellaBot
1744,BLACK,D2,Human
1745,WHITE,C7,CastellaBot
1746,BLACK,B1,Human
1747,WHITE,C1,CastellaBot
1748,WHITE,C8,CastellaBot
1749,WHITE,D1,CastellaBot
1750,WHITE,D8,CastellaBot
1751,WHITE,E1,CastellaBot
1752,WHITE,E2,CastellaBot
1753,WHITE,E3,CastellaBot
1754,WHITE,E7,CastellaBot
1755,WHITE,E8,CastellaBot
1756,BLACK,B2,Human
1757,WHITE,A1,CastellaBot
1758,BLACK,B3,Human
1759,WHITE,A2,CastellaBot
1760,WHITE,A4,CastellaBot
1761,WHITE,B2,CastellaBot
1762,WHITE,B4,CastellaBot
1763,WHITE,C8,CastellaBot
1764,WHITE,D1,CastellaBot
1765,WHITE,D8,CastellaBot
1766,WHITE,E2,CastellaBot
1767,WHITE,E3,CastellaBot
1768,WHITE,E7,CastellaBot
1769,WHITE,E8,CastellaBot
1770,BLACK,B4,Human
1771,WHITE,A3,CastellaBot
1772,WHITE,A4,CastellaBot
1773,WHITE,B2,CastellaBot
1774,WHITE,B3,CastellaBot
1775,WHITE,C8,CastellaBot
1776,WHITE,D1,CastellaBot
1777,WHITE,D8,CastellaBot
1778,WHITE,E2,CastellaBot
1779,WHITE,E3,CastellaBot
1780,WHITE,E7,CastellaBot
1781,WHITE,E8,CastellaBot
1782,BLACK,B5,Human
1783,WHITE,A5,CastellaBot
1784,WHITE,B3,CastellaBot
1785,WHITE,B4,CastellaBot
1786,WHITE,B6,CastellaBot
1787,WHITE,B7,CastellaBot
1788,WHITE,C8,CastellaBot
1789,WHITE,D1,CastellaBot
1790,WHITE,D8,CastellaBot
1791,WHITE,E1,CastellaBot
1792,WHITE,E2,CastellaBot
1793,WHITE,E3,CastellaBot
1794,WHITE,E7,CastellaBot
1795,BLACK,B6,Human
1796,WHITE,A5,CastellaBot
1797,WHITE,A6,CastellaBot
1798,BLACK,B7,Human
1799,WHITE,A8,CastellaBot
1800,BLACK,F3,Human
1801,WHITE,C8,CastellaBot
1802,WHITE,D1,CastellaBot
1803,BLACK,F7,Human
1804,WHITE,C8,CastellaBot
1805,BLACK,G4,Human
1806,WHITE,D1,CastellaBot
1807,BLACK,G5,Human
1808,WHITE,C8,CastellaBot
1809,WHITE,D1,CastellaBot
1810,BLACK,G6,Human
1811,WHITE,C8,CastellaBot
1812,WHITE,D1,CastellaBot
1813,BLACK,G7,Human
1814,WHITE,C8,CastellaBot
1815,WHITE,D1,CastellaBot
1816,WHITE,C8,CastellaBot
1817,BLACK,B1,Human
1818,WHITE,C1,CastellaBot
1819,WHITE,C7,CastellaBot
1820,WHITE,D1,CastellaBot
1821,WHITE,E1,CastellaBot
1822,WHITE,E2,CastellaBot
1823,WHITE,E3,CastellaBot
1824,WHITE,E7,CastellaBot
1825,BLACK,B2,Human
1826,WHITE,A1,CastellaBot
1827,WHITE,B1,CastellaBot
1828,WHITE,C1,CastellaBot
1829,WHITE,C7,CastellaBot
1830,WHITE,D1,CastellaBot
1831,WHITE,E2,CastellaBot
1832,WHITE,E3,CastellaBot
1833,WHITE,E7,CastellaBot
1834,BLACK,B3,Human
1835,WHITE,A2,CastellaBot
1836,WHITE,A4,CastellaBot
1837,WHITE,B2,CastellaBot
1838,WHITE,B4,CastellaBot
1839,WHITE,C7,CastellaBot
1840,WHITE,D1,CastellaBot
1841,WHITE,E2,CastellaBot
1842,WHITE,E3,CastellaBot
1843,WHITE,E7,CastellaBot
1844,BLACK,B4,Human
1845,WHITE,A4,CastellaBot
1846,WHITE,B2,CastellaBot
1847,WHITE,B3,CastellaBot
1848,WHITE,B5,CastellaBot
1849,WHITE,C7,CastellaBot
1850,WHITE,D1,CastellaBot
1851,WHITE,E2,CastellaBot
1852,BLACK,B5,Human
1853,WHITE,A4,CastellaBot
1854,WHITE,A5,CastellaBot
1855,WHITE,B3,CastellaBot
1856,WHITE,B4,CastellaBot
1857,WHITE,C7,CastellaBot
1858,WHITE,D1,CastellaBot
1859,BLACK,B6,Human
1860,WHITE,A6,CastellaBot
1861,WHITE,B5,CastellaBot
1862,BLACK,B7,Human
1863,WHITE,A6,CastellaBot
1864,WHITE,A8,CastellaBot
1865,BLACK,D8,Human
1866,WHITE,C7,CastellaBot
1867,WHITE,E1,CastellaBot
1868,WHITE,E2,CastellaBot
1869,WHITE,E3,CastellaBot
1870,BLACK,F3,Human
1871,WHITE,C7,CastellaBot
1872,WHITE,D1,CastellaBot
1873,BLACK,F7,Human
1874,WHITE,C7,CastellaBot
1875,WHITE,D1,CastellaBot
1876,BLACK,G3,Human
1877,WHITE,D1,CastellaBot
1878,BLACK,G4,Human
1879,WHITE,C7,CastellaBot
1880,WHITE,D1,CastellaBot
1881,BLACK,G5,Human
1882,WHITE,C7,CastellaBot
1883,WHITE,D1,CastellaBot
1884,BLACK,G6,Human
1885,WHITE,C7,CastellaBot
1886,WHITE,D1,CastellaBot
1887,WHITE,E1,CastellaBot
1888,WHITE,E2,CastellaBot
1889,WHITE,E3,CastellaBot
1890,WHITE,E7,CastellaBot
1891,WHITE,F3,CastellaBot
1892,WHITE,F7,CastellaBot
1893,WHITE,G4,CastellaBot
1894,WHITE,G5,CastellaBot
1895,WHITE,G7,CastellaBot
1896,WHITE,H6,CastellaBot
1897,WHITE,H7,CastellaBot
1898,BLACK,G7,Human
1899,WHITE,C7,CastellaBot
1900,WHITE,D1,CastellaBot
1901,WHITE,E1,CastellaBot
1902,BLACK,B1,Human
1903,WHITE,B2,CastellaBot
1904,WHITE,C1,CastellaBot
1905,WHITE,C7,CastellaBot
1906,WHITE,C8,CastellaBot
1907,WHITE,D8,CastellaBot
1908,WHITE,E2,CastellaBot
1909,WHITE,E3,CastellaBot
1910,WHITE,E7,CastellaBot
1911,WHITE,E8,CastellaBot
1912,BLACK,B2,Human
1913,WHITE,A1,CastellaBot
1914,WHITE,A2,CastellaBot
1915,WHITE,B4,CastellaBot
1916,WHITE,C7,CastellaBot
1917,WHITE,C8,CastellaBot
1918,WHITE,D8,CastellaBot
1919,WHITE,E2,CastellaBot
1920,WHITE,E3,CastellaBot
1921,WHITE,E7,CastellaBot
1922,WHITE,E8,CastellaBot
1923,BLACK,B3,Human
1924,WHITE,A2,CastellaBot
1925,WHITE,A4,CastellaBot
1926,WHITE,B2,CastellaBot
1927,WHITE,B4,CastellaBot
1928,WHITE,C7,CastellaBot
1929,WHITE,C8,CastellaBot
1930,WHITE,D8,CastellaBot
1931,WHITE,E3,CastellaBot
1932,WHITE,E7,CastellaBot
1933,WHITE,E8,CastellaBot
1934,BLACK,B4,Human
1935,WHITE,A4,CastellaBot
1936,WHITE,A5,CastellaBot
1937,WHITE,B3,CastellaBot
1938,WHITE,B5,CastellaBot
1939,WHITE,C7,CastellaBot
1940,WHITE,C8,CastellaBot
1941,WHITE,D8,CastellaBot
1942,BLACK,B5,Human
1943,WHITE,A5,CastellaBot
1944,WHITE,B3,CastellaBot
1945,WHITE,B4,CastellaBot
1946,WHITE,B6,CastellaBot
1947,WHITE,B7,CastellaBot
1948,WHITE,C7,CastellaBot
1949,WHITE,C8,CastellaBot
1950,WHITE,D8,CastellaBot
1951,WHITE,E3,CastellaBot
1952,BLACK,B6,Human
1953,WHITE,A6,CastellaBot
1954,WHITE,B5,CastellaBot
1955,WHITE,B7,CastellaBot
1956,WHITE,C7,CastellaBot
1957,WHITE,C8,CastellaBot
1958,WHITE,D8,CastellaBot
1959,BLACK,B7,Human
1960,WHITE,A8,CastellaBot
1961,BLACK,D1,Human
1962,WHITE,C1,CastellaBot
1963,WHITE,C7,CastellaBot
1964,WHITE,C8,CastellaBot
1965,WHITE,E2,CastellaBot
1966,WHITE,E3,CastellaBot
1967,WHITE,E7,CastellaBot
1968,WHITE,E8,CastellaBot
1969,BLACK,F3,Human
1970,WHITE,C7,CastellaBot
1971,WHITE,C8,CastellaBot
1972,WHITE,D8,CastellaBot
1973,BLACK,F7,Human
1974,WHITE,C7,CastellaBot
1975,WHITE,C8,CastellaBot
1976,WHITE,D8,CastellaBot
1977,BLACK,G3,Human
1978,WHITE,C8,CastellaBot
1979,WHITE,D8,CastellaBot
1980,BLACK,G4,Human
1981,WHITE,C7,CastellaBot
1982,WHITE,D8,CastellaBot
1983,BLACK,G5,Human
1984,WHITE,C7,CastellaBot
1985,WHITE,C8,CastellaBot
1986,WHITE,D8,CastellaBot
1987,BLACK,G6,Human
1988,WHITE,C7,CastellaBot
1989,WHITE,D8,CastellaBot
1990,WHITE,E2,CastellaBot
1991,WHITE,E3,CastellaBot
1992,WHITE,E7,CastellaBot
1993,WHITE,E8,CastellaBot
1994,WHITE,F3,CastellaBot
1995,WHITE,F7,CastellaBot
1996,WHITE,G5,CastellaBot
1997,WHITE,G7,CastellaBot
1998,WHITE,H6,CastellaBot
1999,WHITE,H7,CastellaBot
2000,BLACK,G7,Human
2001,WHITE,C7,CastellaBot
2002,WHITE,E2,CastellaBot
2003,BLACK,B2,Human
2004,WHITE,A1,CastellaBot
2005,WHITE,A2,CastellaBot
2006,WHITE,B3,CastellaBot
2007,WHITE,B4,CastellaBot
2008,WHITE,C7,CastellaBot
2009,WHITE,C8,CastellaBot
2010,WHITE,D8,CastellaBot
2011,WHITE,E3,CastellaBot
2012,WHITE,E7,CastellaBot
2013,WHITE,E8,CastellaBot
2014,BLACK,B3,Human
2015,WHITE,A2,CastellaBot
2016,WHITE,A3,CastellaBot
2017,WHITE,A4,CastellaBot
2018,WHITE,B4,CastellaBot
2019,WHITE,B5,CastellaBot
2020,WHITE,C7,CastellaBot
2021,WHITE,C8,CastellaBot
2022,WHITE,D8,CastellaBot
2023,WHITE,E3,CastellaBot
2024,WHITE,E7,CastellaBot
2025,WHITE,E8,CastellaBot
2026,BLACK,B4,Human
2027,WHITE,A4,CastellaBot
2028,WHITE,A5,CastellaBot
2029,WHITE,B3,CastellaBot
2030,WHITE,B5,CastellaBot
2031,WHITE,C7,CastellaBot
2032,WHITE,C8,CastellaBot
2033,WHITE,D8,CastellaBot
2034,WHITE,E8,CastellaBot
2035,BLACK,B5,Human
2036,WHITE,A5,CastellaBot
2037,WHITE,A6,CastellaBot
2038,WHITE,B6,CastellaBot
2039,WHITE,B7,CastellaBot
2040,WHITE,C7,CastellaBot
2041,WHITE,C8,CastellaBot
2042,WHITE,D8,CastellaBot
2043,BLACK,B6,Human
2044,WHITE,A6,CastellaBot
2045,WHITE,B5,CastellaBot
2046,WHITE,B7,CastellaBot
2047,WHITE,C7,CastellaBot
2048,WHITE,C8,CastellaBot
2049,WHITE,D8,CastellaBot
2050,BLACK,B7,Human
2051,WHITE,A8,CastellaBot
2052,BLACK,D1,Human
2053,WHITE,C7,CastellaBot
2054,WHITE,C8,CastellaBot
2055,WHITE,E1,CastellaBot
2056,WHITE,E3,CastellaBot
2057,WHITE,E7,CastellaBot
2058,WHITE,E8,CastellaBot
2059,BLACK,F3,Human
2060,WHITE,C7,CastellaBot
2061,WHITE,C8,CastellaBot
2062,WHITE,D8,CastellaBot
2063,BLACK,F7,Human
2064,WHITE,C7,CastellaBot
2065,WHITE,C8,CastellaBot
2066,BLACK,G3,Human
2067,WHITE,C8,CastellaBot
2068,WHITE,D8,CastellaBot
2069,BLACK,G4,Human
2070,WHITE,C7,CastellaBot
2071,WHITE,D8,CastellaBot
2072,BLACK,G5,Human
2073,WHITE,C7,CastellaBot
2074,BLACK,G6,Human
2075,WHITE,C7,CastellaBot
2076,WHITE,C8,CastellaBot
2077,WHITE,D8,CastellaBot
2078,BLACK,G7,Human
2079,WHITE,C7,CastellaBot
2080,WHITE,E3,CastellaBot
2081,BLACK,B2,Human
2082,WHITE,A1,CastellaBot
2083,WHITE,B1,CastellaBot
2084,WHITE,C1,CastellaBot
2085,WHITE,C7,CastellaBot
2086,WHITE,C8,CastellaBot
2087,WHITE,D1,CastellaBot
2088,WHITE,D8,CastellaBot
2089,WHITE,E1,CastellaBot
2090,WHITE,E7,CastellaBot
2091,WHITE,E8,CastellaBot
2092,BLACK,B3,Human
2093,WHITE,A2,CastellaBot
2094,WHITE,A3,CastellaBot
2095,WHITE,A4,CastellaBot
2096,WHITE,B4,CastellaBot
2097,WHITE,B5,CastellaBot
2098,WHITE,C1,CastellaBot
2099,WHITE,C7,CastellaBot
2100,WHITE,C8,CastellaBot
2101,WHITE,D1,CastellaBot
2102,WHITE,D8,CastellaBot
2103,WHITE,E1,CastellaBot
2104,WHITE,E2,CastellaBot
2105,WHITE,E7,CastellaBot
2106,WHITE,E8,CastellaBot
2107,BLACK,B4,Human
2108,WHITE,A4,CastellaBot
2109,WHITE,B2,CastellaBot
2110,WHITE,B3,CastellaBot
2111,WHITE,B5,CastellaBot
2112,WHITE,B6,CastellaBot
2113,WHITE,C1,CastellaBot
2114,WHITE,C7,CastellaBot
2115,WHITE,C8,CastellaBot
2116,WHITE,D1,CastellaBot
2117,WHITE,D8,CastellaBot
2118,WHITE,E2,CastellaBot
2119,WHITE,E8,CastellaBot
2120,BLACK,B5,Human
2121,WHITE,A5,CastellaBot
2122,BLACK,B6,Human
2123,WHITE,A6,CastellaBot
2124,BLACK,B7,Human
2125,WHITE,A8,CastellaBot
2126,BLACK,F3,Human
2127,WHITE,C1,CastellaBot
2128,WHITE,C7,CastellaBot
2129,WHITE,C8,CastellaBot
2130,WHITE,D1,CastellaBot
2131,WHITE,D8,CastellaBot
2132,BLACK,F7,Human
2133,WHITE,C1,CastellaBot
2134,WHITE,C7,CastellaBot
2135,BLACK,G3,Human
2136,WHITE,C1,CastellaBot
2137,WHITE,C8,CastellaBot
2138,WHITE,D1,CastellaBot
2139,WHITE,D8,CastellaBot
2140,BLACK,G4,Human
2141,WHITE,C1,CastellaBot
2142,WHITE,C7,CastellaBot
2143,WHITE,D1,CastellaBot
2144,WHITE,D8,CastellaBot
2145,BLACK,G5,Human
2146,WHITE,C8,CastellaBot
2147,WHITE,D1,CastellaBot
2148,WHITE,D8,CastellaBot
2149,WHITE,E1,CastellaBot
2150,WHITE,E2,CastellaBot
2151,WHITE,E7,CastellaBot
2152,WHITE,E8,CastellaBot
2153,WHITE,F2,CastellaBot
2154,WHITE,F3,CastellaBot
2155,BLACK,G6,Human
2156,WHITE,C1,CastellaBot
2157,WHITE,C7,CastellaBot
2158,WHITE,C8,CastellaBot
2159,WHITE,D1,CastellaBot
2160,WHITE,D8,CastellaBot
2161,WHITE,E1,CastellaBot
2162,WHITE,E2,CastellaBot
2163,WHITE,E7,CastellaBot
2164,WHITE,E8,CastellaBot
2165,WHITE,F7,CastellaBot
2166,WHITE,E7,CastellaBot
2167,BLACK,B1,Human
2168,WHITE,C1,CastellaBot
2169,WHITE,C7,CastellaBot
2170,WHITE,C8,CastellaBot
2171,WHITE,D1,CastellaBot
2172,WHITE,D8,CastellaBot
2173,WHITE,E1,CastellaBot
2174,WHITE,E2,CastellaBot
2175,WHITE,E3,CastellaBot
2176,WHITE,E8,CastellaBot
2177,BLACK,B2,Human
2178,WHITE,A1,CastellaBot
2179,BLACK,B3,Human
2180,WHITE,A2,CastellaBot
2181,WHITE,A4,CastellaBot
2182,WHITE,B2,CastellaBot
2183,WHITE,B4,CastellaBot
2184,WHITE,C7,CastellaBot
2185,WHITE,C8,CastellaBot
2186,WHITE,D1,CastellaBot
2187,WHITE,D8,CastellaBot
2188,WHITE,E2,CastellaBot
2189,WHITE,E3,CastellaBot
2190,WHITE,E8,CastellaBot
2191,BLACK,B4,Human
2192,WHITE,A3,CastellaBot
2193,WHITE,A4,CastellaBot
2194,WHITE,B2,CastellaBot
2195,WHITE,B3,CastellaBot
2196,WHITE,C7,CastellaBot
2197,WHITE,C8,CastellaBot
2198,WHITE,D1,CastellaBot
2199,WHITE,D8,CastellaBot
2200,WHITE,E2,CastellaBot
2201,WHITE,E3,CastellaBot
2202,WHITE,E8,CastellaBot
2203,BLACK,B5,Human
2204,WHITE,A5,CastellaBot
2205,WHITE,B3,CastellaBot
2206,WHITE,B4,CastellaBot
2207,WHITE,B6,CastellaBot
2208,WHITE,B7,CastellaBot
2209,WHITE,C7,CastellaBot
2210,WHITE,C8,CastellaBot
2211,WHITE,D1,CastellaBot
2212,WHITE,D8,CastellaBot
2213,WHITE,E1,CastellaBot
2214,WHITE,E2,CastellaBot
2215,WHITE,E3,CastellaBot
2216,BLACK,B6,Human
2217,WHITE,A6,CastellaBot
2218,WHITE,B4,CastellaBot
2219,BLACK,B7,Human
2220,WHITE,A8,CastellaBot
2221,BLACK,F3,Human
2222,WHITE,C7,CastellaBot
2223,WHITE,C8,CastellaBot
2224,WHITE,D1,CastellaBot
2225,BLACK,F7,Human
2226,WHITE,C8,CastellaBot
2227,BLACK,G4,Human
2228,WHITE,C7,CastellaBot
2229,WHITE,D1,CastellaBot
2230,BLACK,G5,Human
2231,WHITE,C7,CastellaBot
2232,WHITE,C8,CastellaBot
2233,WHITE,D1,CastellaBot
2234,BLACK,G6,Human
2235,WHITE,C7,CastellaBot
2236,WHITE,C8,CastellaBot
2237,WHITE,D1,CastellaBot
2238,BLACK,G7,Human
2239,WHITE,C7,CastellaBot
2240,WHITE,C8,CastellaBot
2241,WHITE,D1,CastellaBot
2242,WHITE,E8,CastellaBot
2243,BLACK,B1,Human
2244,WHITE,C1,CastellaBot
2245,WHITE,C7,CastellaBot
2246,WHITE,D1,CastellaBot
2247,WHITE,E1,CastellaBot
2248,WHITE,E2,CastellaBot
2249,WHITE,E3,CastellaBot
2250,WHITE,E7,CastellaBot
2251,BLACK,B2,Human
2252,WHITE,A1,CastellaBot
2253,WHITE,B1,CastellaBot
2254,WHITE,C1,CastellaBot
2255,WHITE,C7,CastellaBot
2256,WHITE,D1,CastellaBot
2257,WHITE,E2,CastellaBot
2258,WHITE,E3,CastellaBot
2259,WHITE,E7,CastellaBot
2260,BLACK,B3,Human
2261,WHITE,A2,CastellaBot
2262,WHITE,A4,CastellaBot
2263,WHITE,B2,CastellaBot
2264,WHITE,B4,CastellaBot
2265,WHITE,C7,CastellaBot
2266,WHITE,D1,CastellaBot
2267,WHITE,E2,CastellaBot
2268,WHITE,E3,CastellaBot
2269,WHITE,E7,CastellaBot
2270,BLACK,B4,Human
2271,WHITE,A4,CastellaBot
2272,WHITE,B2,CastellaBot
2273,WHITE,B3,CastellaBot
2274,WHITE,B5,CastellaBot
2275,WHITE,C7,CastellaBot
2276,WHITE,D1,CastellaBot
2277,WHITE,E2,CastellaBot
2278,BLACK,B5,Human
2279,WHITE,A4,CastellaBot
2280,WHITE,A5,CastellaBot
2281,WHITE,B3,CastellaBot
2282,WHITE,B4,CastellaBot
2283,WHITE,C7,CastellaBot
2284,WHITE,D1,CastellaBot
2285,BLACK,B6,Human
2286,WHITE,A6,CastellaBot
2287,WHITE,B5,CastellaBot
2288,BLACK,B7,Human
2289,WHITE,A8,CastellaBot
2290,BLACK,D8,Human
2291,WHITE,C7,CastellaBot
2292,WHITE,C8,CastellaBot
2293,BLACK,F3,Human
2294,WHITE,C7,CastellaBot
2295,WHITE,D1,CastellaBot
2296,BLACK,F7,Human
2297,WHITE,C7,CastellaBot
2298,WHITE,D1,CastellaBot
2299,BLACK,G3,Human
2300,WHITE,D1,CastellaBot
2301,BLACK,G4,Human
2302,WHITE,C7,CastellaBot
2303,WHITE,D1,CastellaBot
2304,BLACK,G5,Human
2305,WHITE,C7,CastellaBot
2306,WHITE,D1,CastellaBot
2307,BLACK,G6,Human
2308,WHITE,C7,CastellaBot
2309,WHITE,D1,CastellaBot
2310,WHITE,E1,CastellaBot
2311,WHITE,E2,CastellaBot
2312,WHITE,E3,CastellaBot
2313,WHITE,E7,CastellaBot
2314,WHITE,F3,CastellaBot
2315,WHITE,F7,CastellaBot
2316,WHITE,G4,CastellaBot
2317,WHITE,G5,CastellaBot
2318,WHITE,G7,CastellaBot
2319,WHITE,H6,CastellaBot
2320,WHITE,H7,CastellaBot
2321,BLACK,G7,Human
2322,WHITE,C7,CastellaBot
2323,WHITE,D1,CastellaBot
2324,WHITE,E3,CastellaBot
2325,BLACK,F3,Human
2326,WHITE,C1,CastellaBot
2327,BLACK,B1,Human
2328,WHITE,A1,CastellaBot
2329,WHITE,B2,CastellaBot
2330,WHITE,C7,CastellaBot
2331,WHITE,C8,CastellaBot
2332,WHITE,D8,CastellaBot
2333,WHITE,E2,CastellaBot
2334,WHITE,E7,CastellaBot
2335,WHITE,E8,CastellaBot
2336,WHITE,F2,CastellaBot
2337,WHITE,G2,CastellaBot
2338,WHITE,G3,CastellaBot
2339,BLACK,B3,Human
2340,WHITE,A2,CastellaBot
2341,WHITE,A4,CastellaBot
2342,WHITE,B2,CastellaBot
2343,WHITE,B4,CastellaBot
2344,WHITE,C7,CastellaBot
2345,WHITE,C8,CastellaBot
2346,WHITE,D8,CastellaBot
2347,WHITE,E2,CastellaBot
2348,WHITE,E7,CastellaBot
2349,WHITE,E8,CastellaBot
2350,WHITE,F2,CastellaBot
2351,WHITE,G2,CastellaBot
2352,BLACK,B4,Human
2353,WHITE,A4,CastellaBot
2354,BLACK,B5,Human
2355,WHITE,A5,CastellaBot
2356,BLACK,B6,Human
2357,WHITE,A6,CastellaBot
2358,BLACK,B7,Human
2359,WHITE,B6,CastellaBot
2360,BLACK,D1,Human
2361,WHITE,C7,CastellaBot
2362,WHITE,C8,CastellaBot
2363,WHITE,E1,CastellaBot
2364,BLACK,E2,Human
2365,WHITE,C7,CastellaBot
2366,BLACK,E7,Human
2367,WHITE,C7,CastellaBot
2368,BLACK,F7,Human
2369,WHITE,C7,CastellaBot
2370,WHITE,D8,CastellaBot
2371,WHITE,E7,CastellaBot
2372,WHITE,E8,CastellaBot
2373,WHITE,G2,CastellaBot
2374,WHITE,G3,CastellaBot
2375,WHITE,G4,CastellaBot
2376,WHITE,G5,CastellaBot
2377,WHITE,G6,CastellaBot
2378,BLACK,G3,Human
2379,WHITE,C8,CastellaBot
2380,WHITE,D8,CastellaBot
2381,BLACK,G4,Human
2382,WHITE,C7,CastellaBot
2383,WHITE,D8,CastellaBot
2384,BLACK,G5,Human
2385,WHITE,C7,CastellaBot
2386,BLACK,G6,Human
2387,WHITE,C7,CastellaBot
2388,WHITE,D8,CastellaBot
2389,WHITE,C7,CastellaBot
2390,BLACK,B1,Human
2391,WHITE,C1,CastellaBot
2392,WHITE,C8,CastellaBot
2393,WHITE,D1,CastellaBot
2394,WHITE,D8,CastellaBot
2395,WHITE,E1,CastellaBot
2396,WHITE,E2,CastellaBot
2397,WHITE,E7,CastellaBot
2398,WHITE,E8,CastellaBot
2399,WHITE,F2,CastellaBot
2400,WHITE,G2,CastellaBot
2401,WHITE,G3,CastellaBot
2402,BLACK,B2,Human
2403,WHITE,A1,CastellaBot
2404,BLACK,B3,Human
2405,WHITE,A2,CastellaBot
2406,WHITE,A4,CastellaBot
2407,WHITE,B2,CastellaBot
2408,WHITE,B4,CastellaBot
2409,WHITE,C1,CastellaBot
2410,WHITE,C8,CastellaBot
2411,WHITE,D1,CastellaBot
2412,WHITE,D8,CastellaBot
2413,WHITE,E2,CastellaBot
2414,WHITE,E7,CastellaBot
2415,WHITE,E8,CastellaBot
2416,WHITE,F2,CastellaBot
2417,WHITE,G2,CastellaBot
2418,BLACK,B4,Human
2419,WHITE,A3,CastellaBot
2420,WHITE,A4,CastellaBot
2421,BLACK,B5,Human
2422,WHITE,A5,CastellaBot
2423,BLACK,B7,Human
2424,WHITE,B6,CastellaBot
2425,BLACK,E2,Human
2426,WHITE,C1,CastellaBot
2427,BLACK,E7,Human
2428,WHITE,C1,CastellaBot
2429,BLACK,F7,Human
2430,WHITE,C1,CastellaBot
2431,WHITE,D1,CastellaBot
2432,WHITE,D8,CastellaBot
2433,WHITE,E1,CastellaBot
2434,WHITE,E2,CastellaBot
2435,WHITE,E7,CastellaBot
2436,WHITE,E8,CastellaBot
2437,WHITE,G2,CastellaBot
2438,BLACK,G4,Human
2439,WHITE,C1,CastellaBot
2440,BLACK,G5,Human
2441,WHITE,C8,CastellaBot
2442,WHITE,D1,CastellaBot
2443,WHITE,D8,CastellaBot
2444,WHITE,E1,CastellaBot
2445,WHITE,E2,CastellaBot
2446,BLACK,G6,Human
2447,WHITE,C1,CastellaBot
2448,WHITE,C8,CastellaBot
2449,BLACK,B1,Human
2450,WHITE,C1,CastellaBot
2451,WHITE,C7,CastellaBot
2452,WHITE,D1,CastellaBot
2453,WHITE,E1,CastellaBot
2454,WHITE,E2,CastellaBot
2455,WHITE,E7,CastellaBot
2456,WHITE,F2,CastellaBot
2457,WHITE,G2,CastellaBot
2458,WHITE,G3,CastellaBot
2459,BLACK,B2,Human
2460,WHITE,A1,CastellaBot
2461,BLACK,B3,Human
2462,WHITE,A2,CastellaBot
2463,WHITE,A4,CastellaBot
2464,WHITE,B2,CastellaBot
2465,WHITE,B4,CastellaBot
2466,WHITE,C1,CastellaBot
2467,WHITE,C7,CastellaBot
2468,WHITE,D1,CastellaBot
2469,WHITE,E2,CastellaBot
2470,WHITE,E7,CastellaBot
2471,WHITE,F2,CastellaBot
2472,WHITE,G2,CastellaBot
2473,BLACK,B4,Human
2474,WHITE,A4,CastellaBot
2475,BLACK,B5,Human
2476,WHITE,A4,CastellaBot
2477,BLACK,B6,Human
2478,WHITE,A6,CastellaBot
2479,BLACK,B7,Human
2480,WHITE,A6,CastellaBot
2481,BLACK,D8,Human
2482,WHITE,C1,CastellaBot
2483,BLACK,E2,Human
2484,WHITE,C1,CastellaBot
2485,BLACK,E7,Human
2486,WHITE,C1,CastellaBot
2487,BLACK,F7,Human
2488,WHITE,C1,CastellaBot
2489,WHITE,C7,CastellaBot
2490,BLACK,G3,Human
2491,WHITE,C1,CastellaBot
2492,BLACK,G4,Human
2493,WHITE,C1,CastellaBot
2494,BLACK,G5,Human
2495,WHITE,D1,CastellaBot
2496,BLACK,G6,Human
2497,WHITE,C1,CastellaBot
2498,WHITE,D1,CastellaBot
2499,BLACK,B1,Human
2500,WHITE,B2,CastellaBot
2501,WHITE,B3,CastellaBot
2502,WHITE,C1,CastellaBot
2503,WHITE,C7,CastellaBot
2504,WHITE,C8,CastellaBot
2505,WHITE,D8,CastellaBot
2506,WHITE,E2,CastellaBot
2507,WHITE,E7,CastellaBot
2508,WHITE,E8,CastellaBot
2509,WHITE,F2,CastellaBot
2510,WHITE,G2,CastellaBot
2511,WHITE,G3,CastellaBot
2512,BLACK,B3,Human
2513,WHITE,A2,CastellaBot
2514,WHITE,A4,CastellaBot
2515,WHITE,B2,CastellaBot
2516,WHITE,B4,CastellaBot
2517,WHITE,C7,CastellaBot
2518,WHITE,C8,CastellaBot
2519,WHITE,D8,CastellaBot
2520,WHITE,E2,CastellaBot
2521,WHITE,E7,CastellaBot
2522,WHITE,E8,CastellaBot
2523,WHITE,F2,CastellaBot
2524,WHITE,G2,CastellaBot
2525,BLACK,B4,Human
2526,WHITE,A4,CastellaBot
2527,BLACK,B5,Human
2528,WHITE,A5,CastellaBot
2529,BLACK,B6,Human
2530,WHITE,A6,CastellaBot
2531,BLACK,B7,Human
2532,WHITE,B6,CastellaBot
2533,BLACK,E2,Human
2534,WHITE,C7,CastellaBot
2535,BLACK,E7,Human
2536,WHITE,C7,CastellaBot
2537,BLACK,F7,Human
2538,WHITE,C7,CastellaBot
2539,WHITE,D8,CastellaBot
2540,WHITE,E7,CastellaBot
2541,WHITE,E8,CastellaBot
2542,WHITE,G2,CastellaBot
2543,WHITE,G3,CastellaBot
2544,WHITE,G4,CastellaBot
2545,WHITE,G5,CastellaBot
2546,WHITE,G6,CastellaBot
2547,BLACK,G3,Human
2548,WHITE,C8,CastellaBot
2549,WHITE,D8,CastellaBot
2550,BLACK,G4,Human
2551,WHITE,C7,CastellaBot
2552,WHITE,D8,CastellaBot
2553,BLACK,G5,Human
2554,WHITE,C7,CastellaBot
2555,BLACK,G6,Human
2556,WHITE,C7,CastellaBot
2557,WHITE,D8,CastellaBot
2558,WHITE,D8,CastellaBot
2559,BLACK,B1,Human
2560,WHITE,C1,CastellaBot
2561,WHITE,D1,CastellaBot
2562,WHITE,E1,CastellaBot
2563,WHITE,E2,CastellaBot
2564,WHITE,F2,CastellaBot
2565,WHITE,G2,CastellaBot
2566,WHITE,G3,CastellaBot
2567,BLACK,B2,Human
2568,WHITE,A1,CastellaBot
2569,BLACK,B3,Human
2570,WHITE,A2,CastellaBot
2571,WHITE,A4,CastellaBot
2572,WHITE,B2,CastellaBot
2573,WHITE,C1,CastellaBot
2574,WHITE,D1,CastellaBot
2575,WHITE,E2,CastellaBot
2576,WHITE,F2,CastellaBot
2577,WHITE,G2,CastellaBot
2578,BLACK,B4,Human
2579,WHITE,A3,CastellaBot
2580,WHITE,A4,CastellaBot
2581,BLACK,B7,Human
2582,WHITE,B5,CastellaBot
2583,BLACK,E2,Human
2584,WHITE,C1,CastellaBot
2585,BLACK,E7,Human
2586,WHITE,C1,CastellaBot
2587,WHITE,D1,CastellaBot
2588,WHITE,E1,CastellaBot
2589,WHITE,E2,CastellaBot
2590,WHITE,E8,CastellaBot
2591,BLACK,F7,Human
2592,WHITE,C1,CastellaBot
2593,WHITE,D1,CastellaBot
2594,WHITE,E1,CastellaBot
2595,WHITE,E2,CastellaBot
2596,WHITE,G2,CastellaBot
2597,WHITE,G3,CastellaBot
2598,WHITE,G4,CastellaBot
2599,BLACK,G4,Human
2600,WHITE,C1,CastellaBot
2601,WHITE,D1,CastellaBot
2602,WHITE,E1,CastellaBot
2603,WHITE,E2,CastellaBot
2604,WHITE,F2,CastellaBot
2605,BLACK,G5,Human
2606,WHITE,D1,CastellaBot
2607,WHITE,E1,CastellaBot
2608,WHITE,E2,CastellaBot
2609,BLACK,G6,Human
2610,WHITE,C1,CastellaBot
2611,WHITE,D1,CastellaBot
2612,WHITE,E1,CastellaBot
2613,WHITE,E2,CastellaBot
2614,WHITE,F2,CastellaBot
2615,WHITE,E1,CastellaBot
2616,BLACK,B1,Human
2617,WHITE,B2,CastellaBot
2618,WHITE,C1,CastellaBot
2619,WHITE,C7,CastellaBot
2620,WHITE,C8,CastellaBot
2621,WHITE,D8,CastellaBot
2622,WHITE,E2,CastellaBot
2623,WHITE,E7,CastellaBot
2624,WHITE,E8,CastellaBot
2625,WHITE,F2,CastellaBot
2626,WHITE,G2,CastellaBot
2627,WHITE,G3,CastellaBot
2628,BLACK,B3,Human
2629,WHITE,A2,CastellaBot
2630,WHITE,A4,CastellaBot
2631,WHITE,B2,CastellaBot
2632,WHITE,B4,CastellaBot
2633,WHITE,C7,CastellaBot
2634,WHITE,C8,CastellaBot
2635,WHITE,D8,CastellaBot
2636,WHITE,E2,CastellaBot
2637,WHITE,E7,CastellaBot
2638,WHITE,E8,CastellaBot
2639,WHITE,F2,CastellaBot
2640,WHITE,G2,CastellaBot
2641,BLACK,B4,Human
2642,WHITE,A4,CastellaBot
2643,BLACK,B5,Human
2644,WHITE,A5,CastellaBot
2645,BLACK,B6,Human
2646,WHITE,A6,CastellaBot
2647,BLACK,B7,Human
2648,WHITE,B6,CastellaBot
2649,BLACK,D1,Human
2650,WHITE,C1,CastellaBot
2651,BLACK,E2,Human
2652,WHITE,C7,CastellaBot
2653,BLACK,E7,Human
2654,WHITE,C7,CastellaBot
2655,BLACK,F7,Human
2656,WHITE,C7,CastellaBot
2657,WHITE,D8,CastellaBot
2658,WHITE,E7,CastellaBot
2659,WHITE,E8,CastellaBot
2660,WHITE,G2,CastellaBot
2661,WHITE,G3,CastellaBot
2662,WHITE,G4,CastellaBot
2663,WHITE,G5,CastellaBot
2664,WHITE,G6,CastellaBot
2665,BLACK,G3,Human
2666,WHITE,C8,CastellaBot
2667,WHITE,D8,CastellaBot
2668,BLACK,G4,Human
2669,WHITE,C7,CastellaBot
2670,WHITE,D8,CastellaBot
2671,BLACK,G5,Human
2672,WHITE,C7,CastellaBot
2673,BLACK,G6,Human
2674,WHITE,C7,CastellaBot
2675,WHITE,D8,CastellaBot
2676,WHITE,E2,CastellaBot
2677,BLACK,B1,Human
2678,WHITE,B2,CastellaBot
2679,WHITE,C1,CastellaBot
2680,WHITE,C7,CastellaBot
2681,WHITE,C8,CastellaBot
2682,WHITE,D8,CastellaBot
2683,WHITE,E7,CastellaBot
2684,WHITE,E8,CastellaBot
2685,WHITE,F2,CastellaBot
2686,WHITE,G2,CastellaBot
2687,WHITE,G3,CastellaBot
2688,WHITE,G4,CastellaBot
2689,BLACK,B3,Human
2690,WHITE,A2,CastellaBot
2691,WHITE,A4,CastellaBot
2692,WHITE,B2,CastellaBot
2693,WHITE,B4,CastellaBot
2694,WHITE,B5,CastellaBot
2695,WHITE,C7,CastellaBot
2696,WHITE,C8,CastellaBot
2697,WHITE,D8,CastellaBot
2698,WHITE,E7,CastellaBot
2699,WHITE,E8,CastellaBot
2700,WHITE,F2,CastellaBot
2701,WHITE,G2,CastellaBot
2702,WHITE,G4,CastellaBot
2703,BLACK,B4,Human
2704,WHITE,A4,CastellaBot
2705,BLACK,B5,Human
2706,WHITE,A5,CastellaBot
2707,BLACK,B6,Human
2708,WHITE,A6,CastellaBot
2709,BLACK,B7,Human
2710,WHITE,B6,CastellaBot
2711,BLACK,D1,Human
2712,WHITE,C1,CastellaBot
2713,BLACK,E1,Human
2714,WHITE,C7,CastellaBot
2715,BLACK,E7,Human
2716,WHITE,C7,CastellaBot
2717,BLACK,F7,Human
2718,WHITE,C7,CastellaBot
2719,WHITE,D8,CastellaBot
2720,WHITE,E7,CastellaBot
2721,WHITE,E8,CastellaBot
2722,WHITE,G2,CastellaBot
2723,WHITE,G3,CastellaBot
2724,WHITE,G4,CastellaBot
2725,BLACK,G3,Human
2726,WHITE,C8,CastellaBot
2727,BLACK,G4,Human
2728,WHITE,C7,CastellaBot
2729,BLACK,G5,Human
2730,WHITE,C7,CastellaBot
2731,BLACK,G6,Human
2732,WHITE,C7,CastellaBot
2733,WHITE,E7,CastellaBot
2734,BLACK,B1,Human
2735,WHITE,C1,CastellaBot
2736,WHITE,C7,CastellaBot
2737,WHITE,C8,CastellaBot
2738,WHITE,D1,CastellaBot
2739,WHITE,D8,CastellaBot
2740,WHITE,E1,CastellaBot
2741,WHITE,E2,CastellaBot
2742,WHITE,E8,CastellaBot
2743,WHITE,F2,CastellaBot
2744,WHITE,G2,CastellaBot
2745,WHITE,G3,CastellaBot
2746,BLACK,B2,Human
2747,WHITE,A1,CastellaBot
2748,BLACK,B3,Human
2749,WHITE,A2,CastellaBot
2750,WHITE,A4,CastellaBot
2751,WHITE,B2,CastellaBot
2752,WHITE,B4,CastellaBot
2753,WHITE,C1,CastellaBot
2754,WHITE,C7,CastellaBot
2755,WHITE,C8,CastellaBot
2756,WHITE,D1,CastellaBot
2757,WHITE,D8,CastellaBot
2758,WHITE,E2,CastellaBot
2759,WHITE,E8,CastellaBot
2760,WHITE,F2,CastellaBot
2761,WHITE,G2,CastellaBot
2762,BLACK,B4,Human
2763,WHITE,A3,CastellaBot
2764,WHITE,A4,CastellaBot
2765,BLACK,B5,Human
2766,WHITE,A5,CastellaBot
2767,BLACK,B7,Human
2768,WHITE,B6,CastellaBot
2769,BLACK,E2,Human
2770,WHITE,C1,CastellaBot
2771,BLACK,E8,Human
2772,WHITE,C1,CastellaBot
2773,WHITE,C8,CastellaBot
2774,BLACK,F7,Human
2775,WHITE,C1,CastellaBot
2776,WHITE,D1,CastellaBot
2777,WHITE,D8,CastellaBot
2778,WHITE,E1,CastellaBot
2779,WHITE,E2,CastellaBot
2780,WHITE,E8,CastellaBot
2781,WHITE,F8,CastellaBot
2782,WHITE,G2,CastellaBot
2783,BLACK,G4,Human
2784,WHITE,C1,CastellaBot
2785,BLACK,G5,Human
2786,WHITE,C7,CastellaBot
2787,WHITE,C8,CastellaBot
2788,WHITE,D1,CastellaBot
2789,WHITE,D8,CastellaBot
2790,WHITE,E1,CastellaBot
2791,WHITE,E2,CastellaBot
2792,BLACK,G6,Human
2793,WHITE,C1,CastellaBot
2794,WHITE,E8,CastellaBot
2795,BLACK,B1,Human
2796,WHITE,C1,CastellaBot
2797,WHITE,C7,CastellaBot
2798,WHITE,D1,CastellaBot
2799,WHITE,E1,CastellaBot
2800,WHITE,E2,CastellaBot
2801,WHITE,E7,CastellaBot
2802,WHITE,F2,CastellaBot
2803,WHITE,G2,CastellaBot
2804,WHITE,G3,CastellaBot
2805,BLACK,B2,Human
2806,WHITE,A1,CastellaBot
2807,BLACK,B3,Human
2808,WHITE,A2,CastellaBot
2809,WHITE,A4,CastellaBot
2810,WHITE,B2,CastellaBot
2811,WHITE,B4,CastellaBot
2812,WHITE,C1,CastellaBot
2813,WHITE,C7,CastellaBot
2814,WHITE,D1,CastellaBot
2815,WHITE,E2,CastellaBot
2816,WHITE,E7,CastellaBot
2817,WHITE,F2,CastellaBot
2818,WHITE,G2,CastellaBot
2819,BLACK,B4,Human
2820,WHITE,A4,CastellaBot
2821,BLACK,B5,Human
2822,WHITE,A4,CastellaBot
2823,BLACK,B6,Human
2824,WHITE,A6,CastellaBot
2825,BLACK,B7,Human
2826,WHITE,B5,CastellaBot
2827,BLACK,D8,Human
2828,WHITE,C1,CastellaBot
2829,BLACK,E2,Human
2830,WHITE,C1,CastellaBot
2831,BLACK,E7,Human
2832,WHITE,C1,CastellaBot
2833,BLACK,F7,Human
2834,WHITE,C1,CastellaBot
2835,WHITE,C7,CastellaBot
2836,WHITE,D1,CastellaBot
2837,WHITE,E1,CastellaBot
2838,WHITE,E2,CastellaBot
2839,WHITE,E7,CastellaBot
2840,BLACK,G3,Human
2841,WHITE,C1,CastellaBot
2842,BLACK,G4,Human
2843,WHITE,C1,CastellaBot
2844,BLACK,G5,Human
2845,WHITE,D1,CastellaBot
2846,WHITE,E1,CastellaBot
2847,WHITE,E2,CastellaBot
2848,BLACK,G6,Human
2849,WHITE,C1,CastellaBot
2850,WHITE,F2,CastellaBot
2851,BLACK,B1,Human
2852,WHITE,C1,CastellaBot
2853,WHITE,C7,CastellaBot
2854,WHITE,C8,CastellaBot
2855,WHITE,D1,CastellaBot
2856,WHITE,D8,CastellaBot
2857,WHITE,E1,CastellaBot
2858,WHITE,E2,CastellaBot
2859,WHITE,E7,CastellaBot
2860,WHITE,E8,CastellaBot
2861,BLACK,B2,Human
2862,WHITE,A1,CastellaBot
2863,BLACK,B3,Human
2864,WHITE,A2,CastellaBot
2865,WHITE,A3,CastellaBot
2866,WHITE,A4,CastellaBot
2867,WHITE,B4,CastellaBot
2868,WHITE,B5,CastellaBot
2869,WHITE,C1,CastellaBot
2870,WHITE,C7,CastellaBot
2871,WHITE,C8,CastellaBot
2872,WHITE,D1,CastellaBot
2873,WHITE,D8,CastellaBot
2874,BLACK,B4,Human
2875,WHITE,A4,CastellaBot
2876,WHITE,B2,CastellaBot
2877,WHITE,B3,CastellaBot
2878,WHITE,B5,CastellaBot
2879,WHITE,B6,CastellaBot
2880,WHITE,C1,CastellaBot
2881,WHITE,C7,CastellaBot
2882,WHITE,C8,CastellaBot
2883,WHITE,D1,CastellaBot
2884,WHITE,D8,CastellaBot
2885,WHITE,E2,CastellaBot
2886,WHITE,E8,CastellaBot
2887,BLACK,B5,Human
2888,WHITE,A5,CastellaBot
2889,BLACK,B6,Human
2890,WHITE,A6,CastellaBot
2891,BLACK,B7,Human
2892,WHITE,A8,CastellaBot
2893,BLACK,E2,Human
2894,WHITE,C1,CastellaBot
2895,BLACK,E7,Human
2896,WHITE,C1,CastellaBot
2897,WHITE,C7,CastellaBot
2898,BLACK,F7,Human
2899,WHITE,C1,CastellaBot
2900,BLACK,G2,Human
2901,WHITE,C1,CastellaBot
2902,BLACK,G3,Human
2903,WHITE,C1,CastellaBot
2904,WHITE,C8,CastellaBot
2905,WHITE,D1,CastellaBot
2906,WHITE,D8,CastellaBot
2907,BLACK,G4,Human
2908,WHITE,C1,CastellaBot
2909,WHITE,C7,CastellaBot
2910,WHITE,D1,CastellaBot
2911,WHITE,D8,CastellaBot
2912,BLACK,G5,Human
2913,WHITE,C8,CastellaBot
2914,WHITE,D1,CastellaBot
2915,WHITE,D8,CastellaBot
2916,WHITE,E1,CastellaBot
2917,WHITE,E2,CastellaBot
2918,BLACK,G6,Human
2919,WHITE,C1,CastellaBot
2920,WHITE,C7,CastellaBot
2921,WHITE,D1,CastellaBot
2922,WHITE,D8,CastellaBot
2923,WHITE,G2,CastellaBot
2924,BLACK,B2,Human
2925,WHITE,A1,CastellaBot
2926,WHITE,B1,CastellaBot
2927,WHITE,C1,CastellaBot
2928,WHITE,C7,CastellaBot
2929,WHITE,C8,CastellaBot
2930,WHITE,D1,CastellaBot
2931,WHITE,D8,CastellaBot
2932,WHITE,E1,CastellaBot
2933,WHITE,E7,CastellaBot
2934,WHITE,E8,CastellaBot
2935,BLACK,B4,Human
2936,WHITE,A4,CastellaBot
2937,WHITE,B2,CastellaBot
2938,WHITE,B3,CastellaBot
2939,WHITE,B5,CastellaBot
2940,WHITE,B6,CastellaBot
2941,WHITE,C1,CastellaBot
2942,WHITE,C7,CastellaBot
2943,WHITE,C8,CastellaBot
2944,WHITE,D1,CastellaBot
2945,WHITE,D8,CastellaBot
2946,WHITE,E2,CastellaBot
2947,WHITE,E8,CastellaBot
2948,BLACK,B5,Human
2949,WHITE,A5,CastellaBot
2950,WHITE,A6,CastellaBot
2951,BLACK,B6,Human
2952,WHITE,A6,CastellaBot
2953,BLACK,G3,Human
2954,WHITE,C1,CastellaBot
2955,WHITE,C8,CastellaBot
2956,WHITE,D1,CastellaBot
2957,WHITE,D8,CastellaBot
2958,WHITE,E1,CastellaBot
2959,WHITE,E2,CastellaBot
2960,WHITE,E7,CastellaBot
2961,WHITE,E8,CastellaBot
2962,WHITE,G4,CastellaBot
2963,WHITE,G5,CastellaBot
2964,WHITE,H3,CastellaBot
2965,BLACK,G4,Human
2966,WHITE,C1,CastellaBot
2967,WHITE,C7,CastellaBot
2968,WHITE,D1,CastellaBot
2969,WHITE,D8,CastellaBot
2970,BLACK,G5,Human
2971,WHITE,C7,CastellaBot
2972,WHITE,C8,CastellaBot
2973,WHITE,D1,CastellaBot
2974,WHITE,D8,CastellaBot
2975,BLACK,G6,Human
2976,WHITE,C1,CastellaBot
2977,WHITE,C7,CastellaBot
2978,WHITE,C8,CastellaBot
2979,WHITE,G3,CastellaBot
2980,BLACK,B1,Human
2981,WHITE,C1,CastellaBot
2982,WHITE,C7,CastellaBot
2983,WHITE,C8,CastellaBot
2984,WHITE,D1,CastellaBot
2985,WHITE,D8,CastellaBot
2986,WHITE,E1,CastellaBot
2987,WHITE,E2,CastellaBot
2988,WHITE,E7,CastellaBot
2989,WHITE,E8,CastellaBot
2990,BLACK,B2,Human
2991,WHITE,A1,CastellaBot
2992,BLACK,B3,Human
2993,WHITE,A2,CastellaBot
2994,WHITE,A3,CastellaBot
2995,WHITE,A4,CastellaBot
2996,WHITE,B4,CastellaBot
2997,WHITE,B5,CastellaBot
2998,WHITE,C1,CastellaBot
2999,WHITE,C7,CastellaBot
3000,WHITE,C8,CastellaBot
3001,WHITE,D1,CastellaBot
3002,WHITE,D8,CastellaBot
3003,BLACK,B4,Human
3004,WHITE,A4,CastellaBot
3005,WHITE,B2,CastellaBot
3006,WHITE,B3,CastellaBot
3007,WHITE,B5,CastellaBot
3008,WHITE,B6,CastellaBot
3009,WHITE,C1,CastellaBot
3010,WHITE,C7,CastellaBot
3011,WHITE,C8,CastellaBot
3012,WHITE,D1,CastellaBot
3013,WHITE,D8,CastellaBot
3014,WHITE,E2,CastellaBot
3015,WHITE,E8,CastellaBot
3016,BLACK,B5,Human
3017,WHITE,A5,CastellaBot
3018,BLACK,B6,Human
3019,WHITE,A6,CastellaBot
3020,BLACK,B7,Human
3021,WHITE,A8,CastellaBot
3022,BLACK,E2,Human
3023,WHITE,C1,CastellaBot
3024,BLACK,E7,Human
3025,WHITE,C1,CastellaBot
3026,WHITE,C7,CastellaBot
3027,BLACK,F7,Human
3028,WHITE,C1,CastellaBot
3029,BLACK,G2,Human
3030,WHITE,C1,CastellaBot
3031,BLACK,G4,Human
3032,WHITE,C1,CastellaBot
3033,WHITE,C7,CastellaBot
3034,WHITE,D1,CastellaBot
3035,WHITE,D8,CastellaBot
3036,BLACK,G5,Human
3037,WHITE,C7,CastellaBot
3038,BLACK,G6,Human
3039,WHITE,C1,CastellaBot
3040,WHITE,C7,CastellaBot
3041,WHITE,D1,CastellaBot
3042,WHITE,D8,CastellaBot
3043,BLACK,H2,Human
3044,WHITE,C1,CastellaBot
3045,WHITE,C8,CastellaBot
3046,WHITE,D8,CastellaBot
3047,BLACK,E2,Human
3048,WHITE,C1,CastellaBot
3049,BLACK,B1,Human
3050,WHITE,A1,CastellaBot
3051,WHITE,B2,CastellaBot
3052,WHITE,E1,CastellaBot
3053,WHITE,F1,CastellaBot
3054,WHITE,F2,CastellaBot
3055,WHITE,G2,CastellaBot
3056,WHITE,G3,CastellaBot
3057,BLACK,B2,Human
3058,WHITE,A1,CastellaBot
3059,WHITE,A3,CastellaBot
3060,WHITE,B1,CastellaBot
3061,WHITE,D1,CastellaBot
3062,WHITE,E1,CastellaBot
3063,WHITE,F1,CastellaBot
3064,WHITE,F2,CastellaBot
3065,WHITE,G2,CastellaBot
3066,WHITE,G3,CastellaBot
3067,BLACK,B3,Human
3068,WHITE,A2,CastellaBot
3069,WHITE,A4,CastellaBot
3070,WHITE,B2,CastellaBot
3071,WHITE,B4,CastellaBot
3072,WHITE,E1,CastellaBot
3073,WHITE,F1,CastellaBot
3074,WHITE,F2,CastellaBot
3075,WHITE,G2,CastellaBot
3076,BLACK,B4,Human
3077,WHITE,A3,CastellaBot
3078,WHITE,A4,CastellaBot
3079,BLACK,B5,Human
3080,WHITE,A4,CastellaBot
3081,WHITE,A5,CastellaBot
3082,WHITE,B3,CastellaBot
3083,WHITE,B4,CastellaBot
3084,WHITE,E1,CastellaBot
3085,WHITE,F2,CastellaBot
3086,WHITE,G2,CastellaBot
3087,WHITE,G3,CastellaBot
3088,BLACK,B7,Human
3089,WHITE,B5,CastellaBot
3090,BLACK,E7,Human
3091,WHITE,E1,CastellaBot
3092,WHITE,E8,CastellaBot
3093,BLACK,F7,Human
3094,WHITE,E1,CastellaBot
3095,WHITE,F1,CastellaBot
3096,WHITE,F2,CastellaBot
3097,WHITE,G2,CastellaBot
3098,WHITE,G3,CastellaBot
3099,BLACK,G4,Human
3100,WHITE,E1,CastellaBot
3101,BLACK,G6,Human
3102,WHITE,E1,CastellaBot
3103,WHITE,D1,CastellaBot
3104,BLACK,B1,Human
3105,WHITE,B2,CastellaBot
3106,WHITE,B3,CastellaBot
3107,WHITE,C1,CastellaBot
3108,WHITE,E1,CastellaBot
3109,WHITE,F1,CastellaBot
3110,WHITE,F2,CastellaBot
3111,WHITE,G2,CastellaBot
3112,WHITE,G3,CastellaBot
3113,WHITE,G4,CastellaBot
3114,BLACK,B2,Human
3115,WHITE,A1,CastellaBot
3116,WHITE,B1,CastellaBot
3117,WHITE,B3,CastellaBot
3118,WHITE,C1,CastellaBot
3119,BLACK,B3,Human
3120,WHITE,A2,CastellaBot
3121,WHITE,A4,CastellaBot
3122,WHITE,B2,CastellaBot
3123,WHITE,B4,CastellaBot
3124,WHITE,E1,CastellaBot
3125,WHITE,F1,CastellaBot
3126,WHITE,F2,CastellaBot
3127,WHITE,G2,CastellaBot
3128,WHITE,G4,CastellaBot
3129,BLACK,B4,Human
3130,WHITE,A3,CastellaBot
3131,WHITE,A4,CastellaBot
3132,BLACK,B5,Human
3133,WHITE,A4,CastellaBot
3134,WHITE,A5,CastellaBot
3135,WHITE,B3,CastellaBot
3136,WHITE,B4,CastellaBot
3137,WHITE,E1,CastellaBot
3138,BLACK,B6,Human
3139,WHITE,A6,CastellaBot
3140,WHITE,B4,CastellaBot
3141,WHITE,B5,CastellaBot
3142,WHITE,E1,CastellaBot
3143,BLACK,B7,Human
3144,WHITE,B5,CastellaBot
3145,WHITE,B6,CastellaBot
3146,BLACK,C1,Human
3147,WHITE,B1,CastellaBot
3148,WHITE,E1,CastellaBot
3149,BLACK,E7,Human
3150,WHITE,F1,CastellaBot
3151,WHITE,F2,CastellaBot
3152,WHITE,F7,CastellaBot
3153,WHITE,F8,CastellaBot
3154,WHITE,G2,CastellaBot
3155,WHITE,G3,CastellaBot
3156,WHITE,G4,CastellaBot
3157,BLACK,F7,Human
3158,WHITE,E1,CastellaBot
3159,WHITE,F1,CastellaBot
3160,WHITE,F2,CastellaBot
3161,WHITE,G2,CastellaBot
3162,WHITE,G3,CastellaBot
3163,BLACK,G4,Human
3164,WHITE,E1,CastellaBot
3165,BLACK,G5,Human
3166,WHITE,E1,CastellaBot
3167,BLACK,G6,Human
3168,WHITE,E1,CastellaBot
3169,WHITE,E1,CastellaBot
3170,BLACK,B3,Human
3171,WHITE,A2,CastellaBot
3172,WHITE,A4,CastellaBot
3173,WHITE,B2,CastellaBot
3174,WHITE,B4,CastellaBot
3175,WHITE,F2,CastellaBot
3176,WHITE,G2,CastellaBot
3177,WHITE,G4,CastellaBot
3178,BLACK,B7,Human
3179,WHITE,B5,CastellaBot
3180,BLACK,D1,Human
3181,WHITE,C1,CastellaBot
3182,BLACK,F7,Human
3183,WHITE,G2,CastellaBot
3184,WHITE,G3,CastellaBot
3185,WHITE,F1,CastellaBot
3186,BLACK,B1,Human
3187,WHITE,B2,CastellaBot
3188,WHITE,C1,CastellaBot
3189,WHITE,D1,CastellaBot
3190,WHITE,E1,CastellaBot
3191,WHITE,F2,CastellaBot
3192,WHITE,G2,CastellaBot
3193,WHITE,G3,CastellaBot
3194,WHITE,G4,CastellaBot
3195,BLACK,B2,Human
3196,WHITE,A1,CastellaBot
3197,BLACK,B3,Human
3198,WHITE,A2,CastellaBot
3199,WHITE,A4,CastellaBot
3200,WHITE,B2,CastellaBot
3201,WHITE,C1,CastellaBot
3202,WHITE,D1,CastellaBot
3203,WHITE,F2,CastellaBot
3204,WHITE,G2,CastellaBot
3205,WHITE,G4,CastellaBot
3206,BLACK,B4,Human
3207,WHITE,A3,CastellaBot
3208,WHITE,A4,CastellaBot
3209,BLACK,B6,Human
3210,WHITE,A6,CastellaBot
3211,WHITE,B4,CastellaBot
3212,WHITE,B5,CastellaBot
3213,WHITE,C1,CastellaBot
3214,BLACK,B7,Human
3215,WHITE,B5,CastellaBot
3216,BLACK,D1,Human
3217,WHITE,C1,CastellaBot
3218,BLACK,E1,Human
3219,WHITE,C1,CastellaBot
3220,BLACK,E7,Human
3221,WHITE,C1,CastellaBot
3222,WHITE,D1,CastellaBot
3223,WHITE,E1,CastellaBot
3224,WHITE,E8,CastellaBot
3225,BLACK,F2,Human
3226,WHITE,C1,CastellaBot
3227,BLACK,F7,Human
3228,WHITE,D1,CastellaBot
3229,WHITE,E1,CastellaBot
3230,WHITE,F2,CastellaBot
3231,WHITE,G2,CastellaBot
3232,WHITE,G3,CastellaBot
3233,BLACK,G4,Human
3234,WHITE,D1,CastellaBot
3235,WHITE,E1,CastellaBot
3236,WHITE,F2,CastellaBot
3237,BLACK,G5,Human
3238,WHITE,D1,CastellaBot
3239,WHITE,E1,CastellaBot
3240,WHITE,F2,CastellaBot
3241,BLACK,G6,Human
3242,WHITE,C1,CastellaBot
3243,WHITE,F2,CastellaBot
3244,BLACK,B1,Human
3245,WHITE,B2,CastellaBot
3246,WHITE,C1,CastellaBot
3247,BLACK,B4,Human
3248,WHITE,A3,CastellaBot
3249,WHITE,A4,CastellaBot
3250,BLACK,B7,Human
3251,WHITE,A8,CastellaBot
3252,BLACK,E1,Human
3253,WHITE,D1,CastellaBot
3254,WHITE,F1,CastellaBot
3255,BLACK,E7,Human
3256,WHITE,E8,CastellaBot
3257,BLACK,G2,Human
3258,WHITE,G3,CastellaBot
3259,BLACK,G4,Human
3260,WHITE,G3,CastellaBot
3261,BLACK,G6,Human
3262,WHITE,G4,CastellaBot
3263,WHITE,G2,CastellaBot
3264,BLACK,B2,Human
3265,WHITE,A1,CastellaBot
3266,WHITE,B1,CastellaBot
3267,WHITE,C1,CastellaBot
3268,WHITE,D1,CastellaBot
3269,WHITE,E1,CastellaBot
3270,WHITE,F1,CastellaBot
3271,WHITE,F2,CastellaBot
3272,BLACK,B3,Human
3273,WHITE,A2,CastellaBot
3274,WHITE,A3,CastellaBot
3275,WHITE,A4,CastellaBot
3276,WHITE,B2,CastellaBot
3277,WHITE,C1,CastellaBot
3278,WHITE,D1,CastellaBot
3279,WHITE,E1,CastellaBot
3280,WHITE,F1,CastellaBot
3281,WHITE,F2,CastellaBot
3282,BLACK,B4,Human
3283,WHITE,A3,CastellaBot
3284,WHITE,A4,CastellaBot
3285,WHITE,B2,CastellaBot
3286,WHITE,B3,CastellaBot
3287,WHITE,C1,CastellaBot
3288,WHITE,D1,CastellaBot
3289,WHITE,E1,CastellaBot
3290,WHITE,F1,CastellaBot
3291,WHITE,F2,CastellaBot
3292,BLACK,B5,Human
3293,WHITE,A4,CastellaBot
3294,WHITE,A5,CastellaBot
3295,WHITE,B3,CastellaBot
3296,WHITE,B4,CastellaBot
3297,WHITE,C1,CastellaBot
3298,WHITE,D1,CastellaBot
3299,WHITE,E1,CastellaBot
3300,WHITE,F2,CastellaBot
3301,BLACK,B6,Human
3302,WHITE,A6,CastellaBot
3303,WHITE,B4,CastellaBot
3304,WHITE,B5,CastellaBot
3305,WHITE,C1,CastellaBot
3306,BLACK,E7,Human
3307,WHITE,C1,CastellaBot
3308,WHITE,D1,CastellaBot
3309,WHITE,E1,CastellaBot
3310,WHITE,F1,CastellaBot
3311,WHITE,F2,CastellaBot
3312,WHITE,F7,CastellaBot
3313,WHITE,F8,CastellaBot
3314,BLACK,G3,Human
3315,WHITE,C1,CastellaBot
3316,BLACK,G4,Human
3317,WHITE,C1,CastellaBot
3318,BLACK,G5,Human
3319,WHITE,D1,CastellaBot
3320,WHITE,G3,CastellaBot
3321,BLACK,B1,Human
3322,WHITE,C1,CastellaBot
3323,WHITE,D1,CastellaBot
3324,WHITE,E1,CastellaBot
3325,WHITE,F1,CastellaBot
3326,BLACK,B2,Human
3327,WHITE,A1,CastellaBot
3328,BLACK,B4,Human
3329,WHITE,A3,CastellaBot
3330,WHITE,A4,CastellaBot
3331,WHITE,B2,CastellaBot
3332,WHITE,B3,CastellaBot
3333,WHITE,B5,CastellaBot
3334,WHITE,C1,CastellaBot
3335,WHITE,D1,CastellaBot
3336,WHITE,E1,CastellaBot
3337,WHITE,F1,CastellaBot
3338,WHITE,F2,CastellaBot
3339,BLACK,B5,Human
3340,WHITE,A4,CastellaBot
3341,WHITE,A5,CastellaBot
3342,WHITE,B3,CastellaBot
3343,WHITE,B4,CastellaBot
3344,WHITE,C1,CastellaBot
3345,WHITE,D1,CastellaBot
3346,WHITE,E1,CastellaBot
3347,WHITE,F2,CastellaBot
3348,BLACK,B7,Human
3349,WHITE,A8,CastellaBot
3350,BLACK,E7,Human
3351,WHITE,C1,CastellaBot
3352,WHITE,D1,CastellaBot
3353,WHITE,E1,CastellaBot
3354,WHITE,E8,CastellaBot
3355,BLACK,G2,Human
3356,WHITE,C1,CastellaBot
3357,BLACK,G4,Human
3358,WHITE,C1,CastellaBot
3359,WHITE,D1,CastellaBot
3360,WHITE,E1,CastellaBot
3361,WHITE,F1,CastellaBot
3362,WHITE,F2,CastellaBot
3363,BLACK,G5,Human
3364,WHITE,D1,CastellaBot
3365,WHITE,E1,CastellaBot
3366,BLACK,G6,Human
3367,WHITE,C1,CastellaBot
3368,WHITE,G3,CastellaBot
3369,BLACK,B1,Human
3370,WHITE,C1,CastellaBot
3371,BLACK,B2,Human
3372,WHITE,A1,CastellaBot
3373,WHITE,A3,CastellaBot
3374,WHITE,D1,CastellaBot
3375,WHITE,E1,CastellaBot
3376,WHITE,F1,CastellaBot
3377,BLACK,B3,Human
3378,WHITE,A1,CastellaBot
3379,WHITE,A2,CastellaBot
3380,WHITE,A3,CastellaBot
3381,BLACK,B4,Human
3382,WHITE,A1,CastellaBot
3383,WHITE,A3,CastellaBot
3384,WHITE,A4,CastellaBot
3385,WHITE,A5,CastellaBot
3386,WHITE,B3,CastellaBot
3387,WHITE,D1,CastellaBot
3388,WHITE,E1,CastellaBot
3389,WHITE,F2,CastellaBot
3390,BLACK,B5,Human
3391,WHITE,A1,CastellaBot
3392,BLACK,B7,Human
3393,WHITE,A1,CastellaBot
3394,BLACK,D1,Human
3395,WHITE,E1,CastellaBot
3396,WHITE,F1,CastellaBot
3397,WHITE,F2,CastellaBot
3398,BLACK,E7,Human
3399,WHITE,A1,CastellaBot
3400,BLACK,G2,Human
3401,WHITE,A1,CastellaBot
3402,BLACK,G4,Human
3403,WHITE,A1,CastellaBot
3404,BLACK,G6,Human
3405,WHITE,A1,CastellaBot
3406,BLACK,H3,Human
3407,WHITE,A1,CastellaBot
3408,WHITE,D1,CastellaBot
3409,BLACK,B4,Human
3410,WHITE,A3,CastellaBot
3411,WHITE,A4,CastellaBot
3412,WHITE,A5,CastellaBot
3413,WHITE,B2,CastellaBot
3414,WHITE,B3,CastellaBot
3415,WHITE,B5,CastellaBot
3416,WHITE,C1,CastellaBot
3417,BLACK,B7,Human
3418,WHITE,A8,CastellaBot
3419,BLACK,C7,Human
3420,WHITE,B2,CastellaBot
3421,WHITE,B3,CastellaBot
3422,WHITE,B4,CastellaBot
3423,WHITE,B5,CastellaBot
3424,WHITE,B6,CastellaBot
3425,WHITE,B7,CastellaBot
3426,WHITE,B8,CastellaBot
3427,BLACK,E1,Human
3428,WHITE,B2,CastellaBot
3429,WHITE,B3,CastellaBot
3430,WHITE,C1,CastellaBot
3431,WHITE,F1,CastellaBot
3432,BLACK,E7,Human
3433,WHITE,B2,CastellaBot
3434,WHITE,B3,CastellaBot
3435,WHITE,C1,CastellaBot
3436,WHITE,E8,CastellaBot
3437,BLACK,F2,Human
3438,WHITE,B3,CastellaBot
3439,BLACK,G2,Human
3440,WHITE,B2,CastellaBot
3441,WHITE,B3,CastellaBot
3442,BLACK,G4,Human
3443,WHITE,B2,CastellaBot
3444,WHITE,B3,CastellaBot
3445,WHITE,C1,CastellaBot
3446,BLACK,G6,Human
3447,WHITE,B2,CastellaBot
3448,WHITE,B3,CastellaBot
3449,WHITE,E1,CastellaBot
3450,BLACK,B3,Human
3451,WHITE,A2,CastellaBot
3452,WHITE,A3,CastellaBot
3453,WHITE,B2,CastellaBot
3454,WHITE,B4,CastellaBot
3455,WHITE,C1,CastellaBot
3456,BLACK,B4,Human
3457,WHITE,A3,CastellaBot
3458,WHITE,A4,CastellaBot
3459,WHITE,A5,CastellaBot
3460,WHITE,B2,CastellaBot
3461,WHITE,B3,CastellaBot
3462,WHITE,B5,CastellaBot
3463,WHITE,C1,CastellaBot
3464,BLACK,B5,Human
3465,WHITE,A4,CastellaBot
3466,WHITE,A5,CastellaBot
3467,WHITE,A6,CastellaBot
3468,BLACK,B7,Human
3469,WHITE,A8,CastellaBot
3470,BLACK,C7,Human
3471,WHITE,B2,CastellaBot
3472,WHITE,B3,CastellaBot
3473,WHITE,B4,CastellaBot
3474,WHITE,B5,CastellaBot
3475,WHITE,B6,CastellaBot
3476,WHITE,B7,CastellaBot
3477,WHITE,B8,CastellaBot
3478,BLACK,D1,Human
3479,WHITE,B2,CastellaBot
3480,WHITE,C1,CastellaBot
3481,BLACK,E7,Human
3482,WHITE,B2,CastellaBot
3483,WHITE,C1,CastellaBot
3484,WHITE,E8,CastellaBot
3485,BLACK,F1,Human
3486,WHITE,B2,CastellaBot
3487,WHITE,C1,CastellaBot
3488,WHITE,D1,CastellaBot
3489,WHITE,F2,CastellaBot
3490,WHITE,G1,CastellaBot
3491,BLACK,F2,Human
3492,WHITE,C1,CastellaBot
3493,BLACK,G2,Human
3494,WHITE,B2,CastellaBot
3495,WHITE,C1,CastellaBot
3496,BLACK,G4,Human
3497,WHITE,B2,CastellaBot
3498,WHITE,C1,CastellaBot
3499,WHITE,G5,CastellaBot
3500,WHITE,H3,CastellaBot
3501,WHITE,H4,CastellaBot
3502,BLACK,G6,Human
3503,WHITE,B2,CastellaBot
3504,WHITE,C1,CastellaBot
3505,WHITE,G4,CastellaBot
3506,WHITE,G5,CastellaBot
3507,WHITE,H6,CastellaBot
3508,BLACK,H3,Human
3509,WHITE,B2,CastellaBot
3510,WHITE,C1,CastellaBot
3511,WHITE,F2,CastellaBot
3512,WHITE,G2,CastellaBot
3513,WHITE,G4,CastellaBot
3514,WHITE,H2,CastellaBot
3515,WHITE,F1,CastellaBot
3516,BLACK,B4,Human
3517,WHITE,A3,CastellaBot
3518,WHITE,A4,CastellaBot
3519,WHITE,B2,CastellaBot
3520,WHITE,B3,CastellaBot
3521,WHITE,B5,CastellaBot
3522,WHITE,C1,CastellaBot
3523,WHITE,D1,CastellaBot
3524,BLACK,B7,Human
3525,WHITE,A8,CastellaBot
3526,BLACK,C7,Human
3527,WHITE,B2,CastellaBot
3528,WHITE,B3,CastellaBot
3529,WHITE,B4,CastellaBot
3530,WHITE,B5,CastellaBot
3531,WHITE,B6,CastellaBot
3532,WHITE,B7,CastellaBot
3533,WHITE,B8,CastellaBot
3534,WHITE,C1,CastellaBot
3535,WHITE,D1,CastellaBot
3536,BLACK,E1,Human
3537,WHITE,C1,CastellaBot
3538,BLACK,E7,Human
3539,WHITE,B2,CastellaBot
3540,WHITE,C1,CastellaBot
3541,BLACK,F2,Human
3542,WHITE,C1,CastellaBot
3543,BLACK,G2,Human
3544,WHITE,B2,CastellaBot
3545,BLACK,G4,Human
3546,WHITE,B2,CastellaBot
3547,WHITE,C1,CastellaBot
3548,BLACK,G5,Human
3549,WHITE,B2,CastellaBot
3550,WHITE,C1,CastellaBot
3551,BLACK,G6,Human
3552,WHITE,B2,CastellaBot
3553,WHITE,C1,CastellaBot
3554,WHITE,D1,CastellaBot
3555,BLACK,E1,Human
3556,WHITE,B2,CastellaBot
3557,BLACK,A2,Human
3558,WHITE,A1,CastellaBot
3559,WHITE,B3,CastellaBot
3560,WHITE,C1,CastellaBot
3561,WHITE,F1,CastellaBot
3562,WHITE,F2,CastellaBot
3563,BLACK,B3,Human
3564,WHITE,A1,CastellaBot
3565,WHITE,A2,CastellaBot
3566,WHITE,A3,CastellaBot
3567,WHITE,A4,CastellaBot
3568,WHITE,B4,CastellaBot
3569,WHITE,F1,CastellaBot
3570,WHITE,F2,CastellaBot
3571,BLACK,B4,Human
3572,WHITE,A3,CastellaBot
3573,WHITE,A4,CastellaBot
3574,WHITE,B3,CastellaBot
3575,WHITE,B5,CastellaBot
3576,WHITE,C1,CastellaBot
3577,WHITE,F1,CastellaBot
3578,WHITE,F2,CastellaBot
3579,BLACK,B5,Human
3580,WHITE,A4,CastellaBot
3581,WHITE,A5,CastellaBot
3582,WHITE,B3,CastellaBot
3583,WHITE,B4,CastellaBot
3584,WHITE,F1,CastellaBot
3585,BLACK,B6,Human
3586,WHITE,A6,CastellaBot
3587,WHITE,B4,CastellaBot
3588,WHITE,B5,CastellaBot
3589,BLACK,B7,Human
3590,WHITE,A8,CastellaBot
3591,BLACK,C1,Human
3592,WHITE,F1,CastellaBot
3593,WHITE,F2,CastellaBot
3594,BLACK,E7,Human
3595,WHITE,F1,CastellaBot
3596,BLACK,G2,Human
3597,WHITE,F1,CastellaBot
3598,BLACK,G4,Human
3599,WHITE,F1,CastellaBot
3600,BLACK,G5,Human
3601,WHITE,F1,CastellaBot
3602,BLACK,G6,Human
3603,WHITE,F1,CastellaBot
3604,BLACK,H3,Human
3605,WHITE,F1,CastellaBot
3606,WHITE,B3,CastellaBot
3607,BLACK,A3,Human
3608,WHITE,A2,CastellaBot
3609,WHITE,A4,CastellaBot
3610,WHITE,B2,CastellaBot
3611,WHITE,B4,CastellaBot
3612,WHITE,F1,CastellaBot
3613,WHITE,F2,CastellaBot
3614,BLACK,B2,Human
3615,WHITE,A1,CastellaBot
3616,BLACK,B4,Human
3617,WHITE,A3,CastellaBot
3618,WHITE,A4,CastellaBot
3619,WHITE,B2,CastellaBot
3620,WHITE,B5,CastellaBot
3621,WHITE,C1,CastellaBot
3622,WHITE,F1,CastellaBot
3623,WHITE,F2,CastellaBot
3624,BLACK,B5,Human
3625,WHITE,A4,CastellaBot
3626,WHITE,A5,CastellaBot
3627,WHITE,B4,CastellaBot
3628,WHITE,F1,CastellaBot
3629,BLACK,B6,Human
3630,WHITE,A6,CastellaBot
3631,WHITE,B4,CastellaBot
3632,WHITE,B5,CastellaBot
3633,BLACK,B7,Human
3634,WHITE,A8,CastellaBot
3635,BLACK,C1,Human
3636,WHITE,F1,CastellaBot
3637,WHITE,F2,CastellaBot
3638,BLACK,E7,Human
3639,WHITE,F1,CastellaBot
3640,BLACK,G2,Human
3641,WHITE,F1,CastellaBot
3642,BLACK,G4,Human
3643,WHITE,F1,CastellaBot
3644,BLACK,G5,Human
3645,WHITE,F1,CastellaBot
3646,BLACK,G6,Human
3647,WHITE,F1,CastellaBot
3648,BLACK,H3,Human
3649,WHITE,F1,CastellaBot
3650,WHITE,C1,CastellaBot
3651,BLACK,B2,Human
3652,WHITE,A1,CastellaBot
3653,WHITE,A3,CastellaBot
3654,WHITE,B3,CastellaBot
3655,WHITE,F1,CastellaBot
3656,WHITE,F2,CastellaBot
3657,BLACK,B3,Human
3658,WHITE,A1,CastellaBot
3659,WHITE,A2,CastellaBot
3660,WHITE,A3,CastellaBot
3661,BLACK,B4,Human
3662,WHITE,A1,CastellaBot
3663,WHITE,A3,CastellaBot
3664,WHITE,A4,CastellaBot
3665,WHITE,B2,CastellaBot
3666,WHITE,B3,CastellaBot
3667,WHITE,B5,CastellaBot
3668,WHITE,F1,CastellaBot
3669,WHITE,F2,CastellaBot
3670,BLACK,B5,Human
3671,WHITE,A1,CastellaBot
3672,BLACK,B6,Human
3673,WHITE,A1,CastellaBot
3674,BLACK,B7,Human
3675,WHITE,A1,CastellaBot
3676,BLACK,E7,Human
3677,WHITE,A1,CastellaBot
3678,BLACK,G2,Human
3679,WHITE,A1,CastellaBot
3680,BLACK,G4,Human
3681,WHITE,A1,CastellaBot
3682,BLACK,G5,Human
3683,WHITE,A1,CastellaBot
3684,BLACK,G6,Human
3685,WHITE,A1,CastellaBot
3686,BLACK,H3,Human
3687,WHITE,A1,CastellaBot
3688,WHITE,F1,CastellaBot
3689,BLACK,B3,Human
3690,WHITE,A2,CastellaBot
3691,WHITE,A3,CastellaBot
3692,WHITE,A4,CastellaBot
3693,WHITE,B2,CastellaBot
3694,WHITE,B4,CastellaBot
3695,WHITE,C1,CastellaBot
3696,WHITE,F2,CastellaBot
3697,BLACK,B4,Human
3698,WHITE,A3,CastellaBot
3699,WHITE,A4,CastellaBot
3700,WHITE,A5,CastellaBot
3701,WHITE,B2,CastellaBot
3702,WHITE,B3,CastellaBot
3703,WHITE,B5,CastellaBot
3704,WHITE,C1,CastellaBot
3705,WHITE,F2,CastellaBot
3706,BLACK,B6,Human
3707,WHITE,A6,CastellaBot
3708,WHITE,B2,CastellaBot
3709,WHITE,B3,CastellaBot
3710,WHITE,B4,CastellaBot
3711,WHITE,B5,CastellaBot
3712,WHITE,C1,CastellaBot
3713,BLACK,B7,Human
3714,WHITE,A8,CastellaBot
3715,BLACK,C1,Human
3716,WHITE,A1,CastellaBot
3717,BLACK,C7,Human
3718,WHITE,B2,CastellaBot
3719,WHITE,B3,CastellaBot
3720,WHITE,B4,CastellaBot
3721,WHITE,B5,CastellaBot
3722,WHITE,B6,CastellaBot
3723,WHITE,B7,CastellaBot
3724,WHITE,B8,CastellaBot
3725,WHITE,F2,CastellaBot
3726,BLACK,E7,Human
3727,WHITE,B2,CastellaBot
3728,WHITE,B3,CastellaBot
3729,WHITE,C1,CastellaBot
3730,BLACK,F2,Human
3731,WHITE,B3,CastellaBot
3732,BLACK,G2,Human
3733,WHITE,B2,CastellaBot
3734,BLACK,G4,Human
3735,WHITE,B2,CastellaBot
3736,WHITE,B3,CastellaBot
3737,BLACK,G5,Human
3738,WHITE,B2,CastellaBot
3739,WHITE,B3,CastellaBot
3740,BLACK,G6,Human
3741,WHITE,B2,CastellaBot
3742,WHITE,B3,CastellaBot
3743,BLACK,H3,Human
3744,WHITE,B2,CastellaBot
3745,WHITE,B3,CastellaBot
3746,WHITE,C1,CastellaBot
3747,WHITE,F2,CastellaBot
3748,WHITE,F2,CastellaBot
3749,BLACK,B4,Human
3750,WHITE,A3,CastellaBot
3751,WHITE,A4,CastellaBot
3752,WHITE,B2,CastellaBot
3753,WHITE,B3,CastellaBot
3754,WHITE,B5,CastellaBot
3755,WHITE,C1,CastellaBot
3756,WHITE,F1,CastellaBot
3757,BLACK,B7,Human
3758,WHITE,A8,CastellaBot
3759,BLACK,C1,Human
3760,WHITE,B2,CastellaBot
3761,BLACK,C7,Human
3762,WHITE,B2,CastellaBot
3763,WHITE,B3,CastellaBot
3764,BLACK,E7,Human
3765,WHITE,B2,CastellaBot
3766,BLACK,G2,Human
3767,WHITE,B3,CastellaBot
3768,BLACK,G4,Human
3769,WHITE,B2,CastellaBot
3770,BLACK,G6,Human
3771,WHITE,B2,CastellaBot
3772,BLACK,H4,Human
3773,WHITE,B2,CastellaBot
3774,WHITE,C1,CastellaBot
3775,BLACK,H3,Human
3776,WHITE,A1,CastellaBot
3777,BLACK,B2,Human
3778,WHITE,A3,CastellaBot
3779,WHITE,B3,CastellaBot
3780,WHITE,F1,CastellaBot
3781,WHITE,F2,CastellaBot
3782,WHITE,G2,CastellaBot
3783,WHITE,G4,CastellaBot
3784,WHITE,H2,CastellaBot
3785,BLACK,B3,Human
3786,WHITE,A2,CastellaBot
3787,WHITE,A4,CastellaBot
3788,WHITE,B2,CastellaBot
3789,WHITE,B4,CastellaBot
3790,WHITE,F1,CastellaBot
3791,WHITE,F2,CastellaBot
3792,WHITE,G2,CastellaBot
3793,WHITE,G4,CastellaBot
3794,WHITE,H2,CastellaBot
3795,BLACK,B4,Human
3796,WHITE,A3,CastellaBot
3797,WHITE,A4,CastellaBot
3798,WHITE,B2,CastellaBot
3799,WHITE,B3,CastellaBot
3800,WHITE,B5,CastellaBot
3801,WHITE,F1,CastellaBot
3802,WHITE,F2,CastellaBot
3803,BLACK,B5,Human
3804,WHITE,A4,CastellaBot
3805,WHITE,A5,CastellaBot
3806,WHITE,B3,CastellaBot
3807,WHITE,B4,CastellaBot
3808,WHITE,F1,CastellaBot
3809,WHITE,F2,CastellaBot
3810,BLACK,B6,Human
3811,WHITE,A6,CastellaBot
3812,WHITE,B4,CastellaBot
3813,WHITE,B5,CastellaBot
3814,WHITE,F1,CastellaBot
3815,WHITE,F2,CastellaBot
3816,WHITE,G2,CastellaBot
3817,WHITE,G4,CastellaBot
3818,WHITE,H2,CastellaBot
3819,BLACK,B7,Human
3820,WHITE,B5,CastellaBot
3821,WHITE,B6,CastellaBot
3822,WHITE,C7,CastellaBot
3823,WHITE,F1,CastellaBot
3824,BLACK,C7,Human
3825,WHITE,B6,CastellaBot
3826,WHITE,B7,CastellaBot
3827,WHITE,C8,CastellaBot
3828,WHITE,E7,CastellaBot
3829,WHITE,F1,CastellaBot
3830,WHITE,F2,CastellaBot
3831,BLACK,E7,Human
3832,WHITE,F1,CastellaBot
3833,WHITE,F2,CastellaBot
3834,BLACK,F7,Human
3835,WHITE,F1,CastellaBot
3836,WHITE,F2,CastellaBot
3837,WHITE,G2,CastellaBot
3838,WHITE,G4,CastellaBot
3839,BLACK,G4,Human
3840,WHITE,F1,CastellaBot
3841,BLACK,G5,Human
3842,WHITE,F1,CastellaBot
3843,BLACK,G6,Human
3844,WHITE,F1,CastellaBot
3845,WHITE,F1,CastellaBot
3846,BLACK,B3,Human
3847,WHITE,A1,CastellaBot
3848,WHITE,A2,CastellaBot
3849,WHITE,A4,CastellaBot
3850,WHITE,B2,CastellaBot
3851,WHITE,B4,CastellaBot
3852,WHITE,F2,CastellaBot
3853,WHITE,G2,CastellaBot
3854,WHITE,G4,CastellaBot
3855,WHITE,H2,CastellaBot
3856,BLACK,B4,Human
3857,WHITE,A1,CastellaBot
3858,BLACK,B6,Human
3859,WHITE,A1,CastellaBot
3860,BLACK,B7,Human
3861,WHITE,A1,CastellaBot
3862,BLACK,C7,Human
3863,WHITE,A1,CastellaBot
3864,BLACK,E7,Human
3865,WHITE,A1,CastellaBot
3866,BLACK,F7,Human
3867,WHITE,A1,CastellaBot
3868,WHITE,F2,CastellaBot
3869,WHITE,G2,CastellaBot
3870,WHITE,G4,CastellaBot
3871,WHITE,G5,CastellaBot
3872,WHITE,G6,CastellaBot
3873,WHITE,G7,CastellaBot
3874,WHITE,G8,CastellaBot
3875,WHITE,H2,CastellaBot
3876,BLACK,G1,Human
3877,WHITE,F2,CastellaBot
3878,WHITE,G2,CastellaBot
3879,WHITE,G4,CastellaBot
3880,WHITE,H2,CastellaBot
3881,BLACK,G4,Human
3882,WHITE,A1,CastellaBot
3883,BLACK,G5,Human
3884,WHITE,A1,CastellaBot
3885,BLACK,G6,Human
3886,WHITE,A1,CastellaBot
3887,WHITE,F2,CastellaBot
3888,BLACK,B3,Human
3889,WHITE,A1,CastellaBot
3890,WHITE,A2,CastellaBot
3891,WHITE,A4,CastellaBot
3892,WHITE,B2,CastellaBot
3893,WHITE,B4,CastellaBot
3894,WHITE,F1,CastellaBot
3895,WHITE,G2,CastellaBot
3896,WHITE,G4,CastellaBot
3897,WHITE,H2,CastellaBot
3898,WHITE,H4,CastellaBot
3899,BLACK,B4,Human
3900,WHITE,A1,CastellaBot
3901,BLACK,B7,Human
3902,WHITE,A1,CastellaBot
3903,BLACK,C7,Human
3904,WHITE,A1,CastellaBot
3905,BLACK,E7,Human
3906,WHITE,A1,CastellaBot
3907,BLACK,G2,Human
3908,WHITE,A1,CastellaBot
3909,BLACK,G4,Human
3910,WHITE,A1,CastellaBot
3911,BLACK,G6,Human
3912,WHITE,A1,CastellaBot
3913,WHITE,G2,CastellaBot
3914,BLACK,B2,Human
3915,WHITE,A1,CastellaBot
3916,WHITE,A3,CastellaBot
3917,WHITE,B3,CastellaBot
3918,WHITE,F1,CastellaBot
3919,WHITE,F2,CastellaBot
3920,WHITE,G4,CastellaBot
3921,WHITE,H2,CastellaBot
3922,BLACK,B3,Human
3923,WHITE,A1,CastellaBot
3924,WHITE,A2,CastellaBot
3925,WHITE,A3,CastellaBot
3926,WHITE,A4,CastellaBot
3927,WHITE,B2,CastellaBot
3928,WHITE,B4,CastellaBot
3929,WHITE,F1,CastellaBot
3930,WHITE,F2,CastellaBot
3931,WHITE,G4,CastellaBot
3932,WHITE,H2,CastellaBot
3933,BLACK,B4,Human
3934,WHITE,A1,CastellaBot
3935,WHITE,A3,CastellaBot
3936,WHITE,A4,CastellaBot
3937,WHITE,B2,CastellaBot
3938,WHITE,B3,CastellaBot
3939,WHITE,F1,CastellaBot
3940,WHITE,F2,CastellaBot
3941,WHITE,G4,CastellaBot
3942,WHITE,H2,CastellaBot
3943,BLACK,B5,Human
3944,WHITE,A1,CastellaBot
3945,WHITE,A4,CastellaBot
3946,WHITE,A5,CastellaBot
3947,WHITE,B3,CastellaBot
3948,WHITE,B4,CastellaBot
3949,WHITE,F1,CastellaBot
3950,WHITE,F2,CastellaBot
3951,WHITE,G4,CastellaBot
3952,WHITE,H2,CastellaBot
3953,BLACK,B6,Human
3954,WHITE,A1,CastellaBot
3955,BLACK,C7,Human
3956,WHITE,A1,CastellaBot
3957,WHITE,B6,CastellaBot
3958,WHITE,B7,CastellaBot
3959,WHITE,C8,CastellaBot
3960,WHITE,E7,CastellaBot
3961,WHITE,F1,CastellaBot
3962,WHITE,F2,CastellaBot
3963,WHITE,G4,CastellaBot
3964,WHITE,G5,CastellaBot
3965,BLACK,E7,Human
3966,WHITE,A1,CastellaBot
3967,WHITE,F1,CastellaBot
3968,WHITE,F2,CastellaBot
3969,WHITE,F7,CastellaBot
3970,WHITE,F8,CastellaBot
3971,WHITE,G4,CastellaBot
3972,WHITE,H2,CastellaBot
3973,BLACK,F1,Human
3974,WHITE,A1,CastellaBot
3975,BLACK,G1,Human
3976,WHITE,A1,CastellaBot
3977,BLACK,G4,Human
3978,WHITE,A1,CastellaBot
3979,BLACK,G5,Human
3980,WHITE,A1,CastellaBot
3981,BLACK,G6,Human
3982,WHITE,A1,CastellaBot
3983,WHITE,B2,CastellaBot
3984,WHITE,B3,CastellaBot
3985,WHITE,F1,CastellaBot
3986,WHITE,F2,CastellaBot
3987,WHITE,G4,CastellaBot
3988,WHITE,G5,CastellaBot
3989,WHITE,H2,CastellaBot
3990,WHITE,H6,CastellaBot
3991,WHITE,G4,CastellaBot
3992,BLACK,B3,Human
3993,WHITE,A1,CastellaBot
3994,WHITE,A2,CastellaBot
3995,WHITE,A3,CastellaBot
3996,WHITE,A4,CastellaBot
3997,WHITE,B2,CastellaBot
3998,WHITE,B4,CastellaBot
3999,WHITE,F1,CastellaBot
4000,WHITE,F2,CastellaBot
4001,WHITE,G2,CastellaBot
4002,WHITE,H2,CastellaBot
4003,BLACK,B4,Human
4004,WHITE,A1,CastellaBot
4005,WHITE,A3,CastellaBot
4006,WHITE,A4,CastellaBot
4007,WHITE,B2,CastellaBot
4008,WHITE,B3,CastellaBot
4009,WHITE,B5,CastellaBot
4010,WHITE,F1,CastellaBot
4011,WHITE,F2,CastellaBot
4012,WHITE,G2,CastellaBot
4013,WHITE,H2,CastellaBot
4014,BLACK,B6,Human
4015,WHITE,A1,CastellaBot
4016,BLACK,B7,Human
4017,WHITE,A1,CastellaBot
4018,BLACK,C7,Human
4019,WHITE,A1,CastellaBot
4020,BLACK,C8,Human
4021,WHITE,A1,CastellaBot
4022,BLACK,E7,Human
4023,WHITE,A1,CastellaBot
4024,BLACK,G2,Human
4025,WHITE,A1,CastellaBot
4026,BLACK,G5,Human
4027,WHITE,A1,CastellaBot
4028,BLACK,G6,Human
4029,WHITE,A1,CastellaBot
4030,BLACK,H4,Human
4031,WHITE,A1,CastellaBot
4032,WHITE,H2,CastellaBot
4033,BLACK,B2,Human
4034,WHITE,A1,CastellaBot
4035,WHITE,A3,CastellaBot
4036,WHITE,B3,CastellaBot
4037,WHITE,F1,CastellaBot
4038,WHITE,F2,CastellaBot
4039,WHITE,G2,CastellaBot
4040,WHITE,G4,CastellaBot
4041,WHITE,H4,CastellaBot
4042,BLACK,B3,Human
4043,WHITE,A1,CastellaBot
4044,WHITE,A2,CastellaBot
4045,WHITE,A3,CastellaBot
4046,BLACK,B4,Human
4047,WHITE,A1,CastellaBot
4048,WHITE,A3,CastellaBot
4049,WHITE,A4,CastellaBot
4050,WHITE,B2,CastellaBot
4051,WHITE,B3,CastellaBot
4052,WHITE,B5,CastellaBot
4053,WHITE,F1,CastellaBot
4054,WHITE,F2,CastellaBot
4055,WHITE,G2,CastellaBot
4056,WHITE,G4,CastellaBot
4057,WHITE,H4,CastellaBot
4058,BLACK,B5,Human
4059,WHITE,A1,CastellaBot
4060,BLACK,B6,Human
4061,WHITE,A1,CastellaBot
4062,BLACK,B7,Human
4063,WHITE,A1,CastellaBot
4064,BLACK,E7,Human
4065,WHITE,A1,CastellaBot
4066,BLACK,F7,Human
4067,WHITE,A1,CastellaBot
4068,WHITE,F1,CastellaBot
4069,WHITE,F2,CastellaBot
4070,WHITE,G2,CastellaBot
4071,WHITE,G4,CastellaBot
4072,BLACK,G4,Human
4073,WHITE,A1,CastellaBot
4074,BLACK,G5,Human
4075,WHITE,A1,CastellaBot
4076,BLACK,G6,Human
4077,WHITE,A1,CastellaBot
4078,BLACK,H1,Human
4079,WHITE,A1,CastellaBot
4080,WHITE,F1,CastellaBot
4081,WHITE,F2,CastellaBot
4082,WHITE,G2,CastellaBot
4083,WHITE,G4,CastellaBot
4084,WHITE,A1,CastellaBot
4085,BLACK,E7,Human
4086,WHITE,F1,CastellaBot
4087,BLACK,B2,Human
4088,WHITE,A2,CastellaBot
4089,WHITE,A3,CastellaBot
4090,WHITE,B3,CastellaBot
4091,WHITE,B4,CastellaBot
4092,WHITE,E8,CastellaBot
4093,WHITE,F2,CastellaBot
4094,WHITE,F7,CastellaBot
4095,WHITE,F8,CastellaBot
4096,WHITE,G2,CastellaBot
4097,WHITE,G4,CastellaBot
4098,WHITE,H2,CastellaBot
4099,BLACK,B3,Human
4100,WHITE,A4,CastellaBot
4101,WHITE,B2,CastellaBot
4102,WHITE,B4,CastellaBot
4103,WHITE,B5,CastellaBot
4104,WHITE,E8,CastellaBot
4105,WHITE,F2,CastellaBot
4106,WHITE,F7,CastellaBot
4107,WHITE,F8,CastellaBot
4108,WHITE,G2,CastellaBot
4109,WHITE,G4,CastellaBot
4110,WHITE,H2,CastellaBot
4111,BLACK,B4,Human
4112,WHITE,A4,CastellaBot
4113,WHITE,A5,CastellaBot
4114,WHITE,B3,CastellaBot
4115,WHITE,B5,CastellaBot
4116,WHITE,C7,CastellaBot
4117,WHITE,E8,CastellaBot
4118,BLACK,B5,Human
4119,WHITE,A4,CastellaBot
4120,WHITE,A5,CastellaBot
4121,BLACK,B6,Human
4122,WHITE,A6,CastellaBot
4123,BLACK,B7,Human
4124,WHITE,B5,CastellaBot
4125,WHITE,B6,CastellaBot
4126,WHITE,C7,CastellaBot
4127,BLACK,C7,Human
4128,WHITE,B6,CastellaBot
4129,WHITE,B8,CastellaBot
4130,BLACK,C8,Human
4131,WHITE,B8,CastellaBot
4132,WHITE,E8,CastellaBot
4133,BLACK,F7,Human
4134,WHITE,E8,CastellaBot
4135,BLACK,G4,Human
4136,WHITE,E8,CastellaBot
4137,BLACK,G5,Human
4138,WHITE,E8,CastellaBot
4139,BLACK,G6,Human
4140,WHITE,E8,CastellaBot
4141,BLACK,G7,Human
4142,WHITE,E8,CastellaBot
4143,WHITE,F2,CastellaBot
4144,BLACK,B2,Human
4145,WHITE,A2,CastellaBot
4146,WHITE,A3,CastellaBot
4147,WHITE,B3,CastellaBot
4148,WHITE,B4,CastellaBot
4149,WHITE,E8,CastellaBot
4150,WHITE,F1,CastellaBot
4151,WHITE,F7,CastellaBot
4152,WHITE,F8,CastellaBot
4153,WHITE,H2,CastellaBot
4154,WHITE,H4,CastellaBot
4155,BLACK,B3,Human
4156,WHITE,A4,CastellaBot
4157,WHITE,B2,CastellaBot
4158,WHITE,B4,CastellaBot
4159,WHITE,B5,CastellaBot
4160,WHITE,E8,CastellaBot
4161,WHITE,F1,CastellaBot
4162,WHITE,F7,CastellaBot
4163,WHITE,F8,CastellaBot
4164,WHITE,G2,CastellaBot
4165,WHITE,G4,CastellaBot
4166,WHITE,H2,CastellaBot
4167,WHITE,H4,CastellaBot
4168,BLACK,B4,Human
4169,WHITE,A4,CastellaBot
4170,WHITE,B2,CastellaBot
4171,WHITE,B3,CastellaBot
4172,WHITE,B5,CastellaBot
4173,WHITE,B6,CastellaBot
4174,WHITE,C7,CastellaBot
4175,WHITE,E8,CastellaBot
4176,WHITE,F1,CastellaBot
4177,WHITE,F7,CastellaBot
4178,WHITE,H2,CastellaBot
4179,WHITE,H4,CastellaBot
4180,BLACK,B5,Human
4181,WHITE,A4,CastellaBot
4182,BLACK,B6,Human
4183,WHITE,A6,CastellaBot
4184,BLACK,B7,Human
4185,WHITE,A8,CastellaBot
4186,BLACK,C7,Human
4187,WHITE,B6,CastellaBot
4188,BLACK,C8,Human
4189,WHITE,B8,CastellaBot
4190,BLACK,G2,Human
4191,WHITE,E8,CastellaBot
4192,BLACK,G4,Human
4193,WHITE,E8,CastellaBot
4194,BLACK,G5,Human
4195,WHITE,E8,CastellaBot
4196,BLACK,G6,Human
4197,WHITE,E8,CastellaBot
4198,BLACK,G7,Human
4199,WHITE,E8,CastellaBot
4200,WHITE,F7,CastellaBot
4201,BLACK,B2,Human
4202,WHITE,A3,CastellaBot
4203,WHITE,B3,CastellaBot
4204,WHITE,F1,CastellaBot
4205,WHITE,F2,CastellaBot
4206,WHITE,G2,CastellaBot
4207,WHITE,G4,CastellaBot
4208,WHITE,H2,CastellaBot
4209,BLACK,B3,Human
4210,WHITE,A2,CastellaBot
4211,WHITE,A4,CastellaBot
4212,WHITE,B2,CastellaBot
4213,WHITE,B4,CastellaBot
4214,WHITE,F1,CastellaBot
4215,WHITE,F2,CastellaBot
4216,WHITE,G2,CastellaBot
4217,WHITE,G4,CastellaBot
4218,WHITE,H2,CastellaBot
4219,BLACK,B4,Human
4220,WHITE,A3,CastellaBot
4221,WHITE,A4,CastellaBot
4222,WHITE,B2,CastellaBot
4223,WHITE,B3,CastellaBot
4224,WHITE,B5,CastellaBot
4225,WHITE,F1,CastellaBot
4226,WHITE,F2,CastellaBot
4227,WHITE,G2,CastellaBot
4228,WHITE,G4,CastellaBot
4229,WHITE,H2,CastellaBot
4230,BLACK,B5,Human
4231,WHITE,A4,CastellaBot
4232,WHITE,A5,CastellaBot
4233,WHITE,B3,CastellaBot
4234,WHITE,B4,CastellaBot
4235,WHITE,B6,CastellaBot
4236,WHITE,F1,CastellaBot
4237,WHITE,F2,CastellaBot
4238,WHITE,G2,CastellaBot
4239,WHITE,G4,CastellaBot
4240,WHITE,H2,CastellaBot
4241,BLACK,B6,Human
4242,WHITE,A6,CastellaBot
4243,BLACK,B7,Human
4244,WHITE,B5,CastellaBot
4245,BLACK,C7,Human
4246,WHITE,B6,CastellaBot
4247,WHITE,B7,CastellaBot
4248,WHITE,B8,CastellaBot
4249,BLACK,E8,Human
4250,WHITE,F1,CastellaBot
4251,BLACK,F8,Human
4252,WHITE,F1,CastellaBot
4253,WHITE,F2,CastellaBot
4254,WHITE,G2,CastellaBot
4255,WHITE,G4,CastellaBot
4256,BLACK,G4,Human
4257,WHITE,F1,CastellaBot
4258,BLACK,G5,Human
4259,WHITE,F1,CastellaBot
4260,BLACK,G6,Human
4261,WHITE,F1,CastellaBot
4262,BLACK,G7,Human
4263,WHITE,F1,CastellaBot
4264,WHITE,F8,CastellaBot
4265,BLACK,B2,Human
4266,WHITE,A3,CastellaBot
4267,WHITE,B3,CastellaBot
4268,WHITE,F1,CastellaBot
4269,WHITE,F2,CastellaBot
4270,WHITE,F7,CastellaBot
4271,WHITE,G2,CastellaBot
4272,WHITE,G4,CastellaBot
4273,WHITE,H2,CastellaBot
4274,BLACK,B3,Human
4275,WHITE,A4,CastellaBot
4276,WHITE,B2,CastellaBot
4277,WHITE,B4,CastellaBot
4278,WHITE,F1,CastellaBot
4279,WHITE,F2,CastellaBot
4280,WHITE,G2,CastellaBot
4281,WHITE,G4,CastellaBot
4282,WHITE,H2,CastellaBot
4283,BLACK,B4,Human
4284,WHITE,A3,CastellaBot
4285,WHITE,A4,CastellaBot
4286,BLACK,B5,Human
4287,WHITE,A4,CastellaBot
4288,WHITE,A5,CastellaBot
4289,BLACK,B6,Human
4290,WHITE,A6,CastellaBot
4291,BLACK,B7,Human
4292,WHITE,B5,CastellaBot
4293,BLACK,C7,Human
4294,WHITE,B6,CastellaBot
4295,WHITE,B7,CastellaBot
4296,WHITE,B8,CastellaBot
4297,BLACK,C8,Human
4298,WHITE,B8,CastellaBot
4299,BLACK,E8,Human
4300,WHITE,F1,CastellaBot
4301,BLACK,F7,Human
4302,WHITE,F1,CastellaBot
4303,BLACK,G4,Human
4304,WHITE,F1,CastellaBot
4305,BLACK,G5,Human
4306,WHITE,F1,CastellaBot
4307,BLACK,G6,Human
4308,WHITE,F1,CastellaBot
4309,BLACK,G7,Human
4310,WHITE,F1,CastellaBot
4311,WHITE,G2,CastellaBot
4312,BLACK,B2,Human
4313,WHITE,A3,CastellaBot
4314,WHITE,B3,CastellaBot
4315,WHITE,E8,CastellaBot
4316,WHITE,F1,CastellaBot
4317,WHITE,F2,CastellaBot
4318,WHITE,F7,CastellaBot
4319,WHITE,F8,CastellaBot
4320,WHITE,G4,CastellaBot
4321,WHITE,H2,CastellaBot
4322,BLACK,B3,Human
4323,WHITE,A3,CastellaBot
4324,WHITE,A4,CastellaBot
4325,WHITE,B2,CastellaBot
4326,WHITE,B4,CastellaBot
4327,WHITE,E8,CastellaBot
4328,WHITE,F1,CastellaBot
4329,WHITE,F2,CastellaBot
4330,WHITE,F7,CastellaBot
4331,WHITE,F8,CastellaBot
4332,WHITE,G4,CastellaBot
4333,WHITE,H2,CastellaBot
4334,BLACK,B4,Human
4335,WHITE,A4,CastellaBot
4336,WHITE,B2,CastellaBot
4337,WHITE,B3,CastellaBot
4338,WHITE,B5,CastellaBot
4339,WHITE,B6,CastellaBot
4340,WHITE,C7,CastellaBot
4341,WHITE,E8,CastellaBot
4342,WHITE,F1,CastellaBot
4343,WHITE,F2,CastellaBot
4344,WHITE,F7,CastellaBot
4345,WHITE,G4,CastellaBot
4346,WHITE,H2,CastellaBot
4347,BLACK,B5,Human
4348,WHITE,A4,CastellaBot
4349,WHITE,A5,CastellaBot
4350,BLACK,B6,Human
4351,WHITE,A6,CastellaBot
4352,BLACK,C7,Human
4353,WHITE,B6,CastellaBot
4354,WHITE,B8,CastellaBot
4355,BLACK,C8,Human
4356,WHITE,B8,CastellaBot
4357,BLACK,F1,Human
4358,WHITE,E8,CastellaBot
4359,BLACK,G1,Human
4360,WHITE,E8,CastellaBot
4361,BLACK,G4,Human
4362,WHITE,E8,CastellaBot
4363,BLACK,G5,Human
4364,WHITE,E8,CastellaBot
4365,BLACK,G6,Human
4366,WHITE,E8,CastellaBot
4367,BLACK,G7,Human
4368,WHITE,E8,CastellaBot
4369,WHITE,G4,CastellaBot
4370,BLACK,B2,Human
4371,WHITE,A2,CastellaBot
4372,WHITE,A3,CastellaBot
4373,WHITE,B3,CastellaBot
4374,WHITE,B4,CastellaBot
4375,WHITE,E8,CastellaBot
4376,WHITE,F1,CastellaBot
4377,WHITE,F2,CastellaBot
4378,WHITE,F7,CastellaBot
4379,WHITE,F8,CastellaBot
4380,WHITE,G2,CastellaBot
4381,WHITE,H2,CastellaBot
4382,BLACK,B3,Human
4383,WHITE,A3,CastellaBot
4384,WHITE,A4,CastellaBot
4385,WHITE,B2,CastellaBot
4386,WHITE,B4,CastellaBot
4387,WHITE,B5,CastellaBot
4388,WHITE,E8,CastellaBot
4389,WHITE,F1,CastellaBot
4390,WHITE,F2,CastellaBot
4391,WHITE,F7,CastellaBot
4392,WHITE,F8,CastellaBot
4393,WHITE,G2,CastellaBot
4394,WHITE,H2,CastellaBot
4395,BLACK,B4,Human
4396,WHITE,A4,CastellaBot
4397,WHITE,B2,CastellaBot
4398,WHITE,B3,CastellaBot
4399,WHITE,B5,CastellaBot
4400,WHITE,C7,CastellaBot
4401,WHITE,E8,CastellaBot
4402,WHITE,F1,CastellaBot
4403,WHITE,F7,CastellaBot
4404,WHITE,G2,CastellaBot
4405,WHITE,H2,CastellaBot
4406,BLACK,B5,Human
4407,WHITE,A4,CastellaBot
4408,BLACK,B6,Human
4409,WHITE,A6,CastellaBot
4410,BLACK,B7,Human
4411,WHITE,A8,CastellaBot
4412,BLACK,C7,Human
4413,WHITE,B6,CastellaBot
4414,BLACK,C8,Human
4415,WHITE,B8,CastellaBot
4416,BLACK,G2,Human
4417,WHITE,E8,CastellaBot
4418,BLACK,G5,Human
4419,WHITE,E8,CastellaBot
4420,BLACK,G6,Human
4421,WHITE,E8,CastellaBot
4422,BLACK,G7,Human
4423,WHITE,E8,CastellaBot
4424,BLACK,H4,Human
4425,WHITE,E8,CastellaBot
4426,WHITE,H2,CastellaBot
4427,BLACK,B2,Human
4428,WHITE,A3,CastellaBot
4429,WHITE,B3,CastellaBot
4430,WHITE,F1,CastellaBot
4431,WHITE,F2,CastellaBot
4432,WHITE,F7,CastellaBot
4433,WHITE,F8,CastellaBot
4434,WHITE,G2,CastellaBot
4435,WHITE,G4,CastellaBot
4436,WHITE,H4,CastellaBot
4437,BLACK,B3,Human
4438,WHITE,A3,CastellaBot
4439,BLACK,B4,Human
4440,WHITE,A4,CastellaBot
4441,WHITE,B2,CastellaBot
4442,WHITE,B3,CastellaBot
4443,WHITE,B5,CastellaBot
4444,WHITE,C7,CastellaBot
4445,WHITE,F1,CastellaBot
4446,WHITE,F2,CastellaBot
4447,WHITE,F7,CastellaBot
4448,WHITE,G2,CastellaBot
4449,WHITE,G4,CastellaBot
4450,WHITE,H4,CastellaBot
4451,BLACK,B5,Human
4452,WHITE,A4,CastellaBot
4453,WHITE,A5,CastellaBot
4454,BLACK,B6,Human
4455,WHITE,A6,CastellaBot
4456,BLACK,B7,Human
4457,WHITE,B5,CastellaBot
4458,BLACK,C7,Human
4459,WHITE,B6,CastellaBot
4460,BLACK,C8,Human
4461,WHITE,B8,CastellaBot
4462,BLACK,F7,Human
4463,WHITE,F1,CastellaBot
4464,BLACK,G4,Human
4465,WHITE,F1,CastellaBot
4466,BLACK,G5,Human
4467,WHITE,F1,CastellaBot
4468,BLACK,G6,Human
4469,WHITE,F1,CastellaBot
4470,BLACK,G7,Human
4471,WHITE,F1,CastellaBot
4472,BLACK,H1,Human
4473,WHITE,F1,CastellaBot
4474,WHITE,F1,CastellaBot
4475,BLACK,C8,Human
4476,WHITE,B8,CastellaBot
4477,BLACK,B2,Human
4478,WHITE,A2,CastellaBot
4479,WHITE,A3,CastellaBot
4480,WHITE,B3,CastellaBot
4481,WHITE,B4,CastellaBot
4482,WHITE,E8,CastellaBot
4483,WHITE,F2,CastellaBot
4484,WHITE,F7,CastellaBot
4485,WHITE,F8,CastellaBot
4486,WHITE,G2,CastellaBot
4487,WHITE,G4,CastellaBot
4488,WHITE,H2,CastellaBot
4489,BLACK,B3,Human
4490,WHITE,A4,CastellaBot
4491,WHITE,B2,CastellaBot
4492,WHITE,B4,CastellaBot
4493,WHITE,B5,CastellaBot
4494,WHITE,E8,CastellaBot
4495,WHITE,F2,CastellaBot
4496,WHITE,F8,CastellaBot
4497,WHITE,G2,CastellaBot
4498,WHITE,G4,CastellaBot
4499,WHITE,H2,CastellaBot
4500,BLACK,B4,Human
4501,WHITE,A4,CastellaBot
4502,WHITE,A5,CastellaBot
4503,WHITE,B3,CastellaBot
4504,WHITE,B5,CastellaBot
4505,WHITE,C7,CastellaBot
4506,WHITE,E8,CastellaBot
4507,BLACK,B5,Human
4508,WHITE,A5,CastellaBot
4509,WHITE,A6,CastellaBot
4510,WHITE,B4,CastellaBot
4511,WHITE,B6,CastellaBot
4512,WHITE,C7,CastellaBot
4513,WHITE,E8,CastellaBot
4514,BLACK,B6,Human
4515,WHITE,A6,CastellaBot
4516,WHITE,B5,CastellaBot
4517,WHITE,B7,CastellaBot
4518,WHITE,C7,CastellaBot
4519,WHITE,E8,CastellaBot
4520,WHITE,F2,CastellaBot
4521,WHITE,F7,CastellaBot
4522,WHITE,G2,CastellaBot
4523,WHITE,G4,CastellaBot
4524,WHITE,H2,CastellaBot
4525,BLACK,B7,Human
4526,WHITE,A6,CastellaBot
4527,WHITE,B6,CastellaBot
4528,WHITE,C7,CastellaBot
4529,BLACK,C7,Human
4530,WHITE,B6,CastellaBot
4531,WHITE,E8,CastellaBot
4532,BLACK,F7,Human
4533,WHITE,E8,CastellaBot
4534,BLACK,G4,Human
4535,WHITE,E8,CastellaBot
4536,BLACK,G5,Human
4537,WHITE,E8,CastellaBot
4538,BLACK,G6,Human
4539,WHITE,E8,CastellaBot
4540,BLACK,G7,Human
4541,WHITE,E8,CastellaBot
4542,WHITE,E8,CastellaBot
4543,BLACK,B3,Human
4544,WHITE,A2,CastellaBot
4545,WHITE,A4,CastellaBot
4546,WHITE,B2,CastellaBot
4547,WHITE,B4,CastellaBot
4548,WHITE,B8,CastellaBot
4549,WHITE,F2,CastellaBot
4550,WHITE,G2,CastellaBot
4551,WHITE,G4,CastellaBot
4552,WHITE,H2,CastellaBot
4553,BLACK,B7,Human
4554,WHITE,B5,CastellaBot
4555,BLACK,C7,Human
4556,WHITE,B6,CastellaBot
4557,WHITE,B7,CastellaBot
4558,WHITE,B8,CastellaBot
4559,WHITE,F2,CastellaBot
4560,WHITE,G2,CastellaBot
4561,WHITE,G4,CastellaBot
4562,BLACK,F7,Human
4563,WHITE,B8,CastellaBot
4564,WHITE,G2,CastellaBot
4565,WHITE,G4,CastellaBot
4566,BLACK,F8,Human
4567,WHITE,F2,CastellaBot
4568,WHITE,G2,CastellaBot
4569,WHITE,G4,CastellaBot
4570,WHITE,H2,CastellaBot
4571,BLACK,G4,Human
4572,WHITE,B8,CastellaBot
4573,WHITE,F2,CastellaBot
4574,BLACK,B2,Human
4575,WHITE,A2,CastellaBot
4576,WHITE,A3,CastellaBot
4577,WHITE,B3,CastellaBot
4578,WHITE,B4,CastellaBot
4579,WHITE,B8,CastellaBot
4580,WHITE,E8,CastellaBot
4581,WHITE,F7,CastellaBot
4582,WHITE,F8,CastellaBot
4583,WHITE,H2,CastellaBot
4584,WHITE,H4,CastellaBot
4585,BLACK,B3,Human
4586,WHITE,A4,CastellaBot
4587,WHITE,B2,CastellaBot
4588,WHITE,B4,CastellaBot
4589,WHITE,B5,CastellaBot
4590,WHITE,B8,CastellaBot
4591,WHITE,E8,CastellaBot
4592,WHITE,F8,CastellaBot
4593,WHITE,G2,CastellaBot
4594,WHITE,G4,CastellaBot
4595,WHITE,H2,CastellaBot
4596,WHITE,H4,CastellaBot
4597,BLACK,B4,Human
4598,WHITE,A4,CastellaBot
4599,BLACK,B5,Human
4600,WHITE,A5,CastellaBot
4601,BLACK,B6,Human
4602,WHITE,A6,CastellaBot
4603,BLACK,B7,Human
4604,WHITE,A8,CastellaBot
4605,BLACK,C7,Human
4606,WHITE,B6,CastellaBot
4607,BLACK,E8,Human
4608,WHITE,F7,CastellaBot
4609,BLACK,G2,Human
4610,WHITE,B8,CastellaBot
4611,BLACK,G4,Human
4612,WHITE,B8,CastellaBot
4613,BLACK,G5,Human
4614,WHITE,B8,CastellaBot
4615,BLACK,G6,Human
4616,WHITE,B8,CastellaBot
4617,BLACK,G7,Human
4618,WHITE,B8,CastellaBot
4619,WHITE,F7,CastellaBot
4620,BLACK,B2,Human
4621,WHITE,A2,CastellaBot
4622,WHITE,A3,CastellaBot
4623,WHITE,B3,CastellaBot
4624,WHITE,B4,CastellaBot
4625,WHITE,B8,CastellaBot
4626,WHITE,C7,CastellaBot
4627,WHITE,E8,CastellaBot
4628,WHITE,F2,CastellaBot
4629,WHITE,F8,CastellaBot
4630,WHITE,G2,CastellaBot
4631,WHITE,G4,CastellaBot
4632,WHITE,H2,CastellaBot
4633,BLACK,B3,Human
4634,WHITE,A2,CastellaBot
4635,WHITE,A4,CastellaBot
4636,WHITE,B2,CastellaBot
4637,WHITE,B4,CastellaBot
4638,WHITE,B8,CastellaBot
4639,WHITE,C7,CastellaBot
4640,WHITE,E8,CastellaBot
4641,WHITE,F2,CastellaBot
4642,WHITE,F8,CastellaBot
4643,WHITE,G2,CastellaBot
4644,WHITE,G4,CastellaBot
4645,WHITE,H2,CastellaBot
4646,BLACK,B4,Human
4647,WHITE,A4,CastellaBot
4648,WHITE,A5,CastellaBot
4649,WHITE,B3,CastellaBot
4650,WHITE,B5,CastellaBot
4651,WHITE,B8,CastellaBot
4652,WHITE,C7,CastellaBot
4653,WHITE,E8,CastellaBot
4654,WHITE,F2,CastellaBot
4655,WHITE,G2,CastellaBot
4656,WHITE,G4,CastellaBot
4657,WHITE,H2,CastellaBot
4658,BLACK,B5,Human
4659,WHITE,A5,CastellaBot
4660,BLACK,B6,Human
4661,WHITE,A6,CastellaBot
4662,BLACK,B7,Human
4663,WHITE,B6,CastellaBot
4664,BLACK,C7,Human
4665,WHITE,B6,CastellaBot
4666,WHITE,B7,CastellaBot
4667,WHITE,B8,CastellaBot
4668,BLACK,E8,Human
4669,WHITE,C7,CastellaBot
4670,WHITE,F2,CastellaBot
4671,BLACK,F8,Human
4672,WHITE,B8,CastellaBot
4673,WHITE,E8,CastellaBot
4674,WHITE,F2,CastellaBot
4675,WHITE,G2,CastellaBot
4676,WHITE,G4,CastellaBot
4677,BLACK,G4,Human
4678,WHITE,B8,CastellaBot
4679,WHITE,C7,CastellaBot
4680,WHITE,E8,CastellaBot
4681,BLACK,G5,Human
4682,WHITE,B8,CastellaBot
4683,WHITE,C7,CastellaBot
4684,WHITE,E8,CastellaBot
4685,WHITE,F2,CastellaBot
4686,BLACK,G6,Human
4687,WHITE,B8,CastellaBot
4688,BLACK,G7,Human
4689,WHITE,B8,CastellaBot
4690,WHITE,F8,CastellaBot
4691,BLACK,B2,Human
4692,WHITE,A2,CastellaBot
4693,WHITE,A3,CastellaBot
4694,WHITE,B3,CastellaBot
4695,WHITE,B4,CastellaBot
4696,WHITE,B8,CastellaBot
4697,WHITE,C7,CastellaBot
4698,WHITE,E8,CastellaBot
4699,WHITE,F2,CastellaBot
4700,WHITE,F7,CastellaBot
4701,WHITE,G2,CastellaBot
4702,WHITE,G4,CastellaBot
4703,WHITE,H2,CastellaBot
4704,BLACK,B3,Human
4705,WHITE,A4,CastellaBot
4706,WHITE,B2,CastellaBot
4707,WHITE,B4,CastellaBot
4708,WHITE,B5,CastellaBot
4709,WHITE,B8,CastellaBot
4710,WHITE,C7,CastellaBot
4711,WHITE,E8,CastellaBot
4712,WHITE,F2,CastellaBot
4713,WHITE,G2,CastellaBot
4714,WHITE,G4,CastellaBot
4715,WHITE,H2,CastellaBot
4716,BLACK,B4,Human
4717,WHITE,A3,CastellaBot
4718,BLACK,B5,Human
4719,WHITE,A5,CastellaBot
4720,BLACK,B6,Human
4721,WHITE,A6,CastellaBot
4722,BLACK,B7,Human
4723,WHITE,B6,CastellaBot
4724,BLACK,C7,Human
4725,WHITE,B6,CastellaBot
4726,WHITE,B7,CastellaBot
4727,WHITE,B8,CastellaBot
4728,BLACK,E8,Human
4729,WHITE,B8,CastellaBot
4730,BLACK,F7,Human
4731,WHITE,B8,CastellaBot
4732,WHITE,E8,CastellaBot
4733,BLACK,G4,Human
4734,WHITE,B8,CastellaBot
4735,BLACK,G5,Human
4736,WHITE,B8,CastellaBot
4737,BLACK,G6,Human
4738,WHITE,B8,CastellaBot
4739,BLACK,G7,Human
4740,WHITE,B8,CastellaBot
4741,WHITE,G2,CastellaBot
4742,BLACK,B2,Human
4743,WHITE,A2,CastellaBot
4744,WHITE,A3,CastellaBot
4745,WHITE,B3,CastellaBot
4746,WHITE,B4,CastellaBot
4747,WHITE,B8,CastellaBot
4748,WHITE,E8,CastellaBot
4749,WHITE,F2,CastellaBot
4750,WHITE,F7,CastellaBot
4751,WHITE,F8,CastellaBot
4752,WHITE,G4,CastellaBot
4753,WHITE,H2,CastellaBot
4754,BLACK,B3,Human
4755,WHITE,A3,CastellaBot
4756,WHITE,A4,CastellaBot
4757,WHITE,B2,CastellaBot
4758,WHITE,B4,CastellaBot
4759,WHITE,B5,CastellaBot
4760,WHITE,B8,CastellaBot
4761,WHITE,E8,CastellaBot
4762,WHITE,F2,CastellaBot
4763,WHITE,F8,CastellaBot
4764,WHITE,G4,CastellaBot
4765,WHITE,H2,CastellaBot
4766,BLACK,B4,Human
4767,WHITE,A4,CastellaBot
4768,WHITE,A5,CastellaBot
4769,WHITE,B5,CastellaBot
4770,WHITE,B6,CastellaBot
4771,WHITE,B8,CastellaBot
4772,BLACK,B5,Human
4773,WHITE,A5,CastellaBot
4774,BLACK,B6,Human
4775,WHITE,A6,CastellaBot
4776,BLACK,C7,Human
4777,WHITE,B6,CastellaBot
4778,WHITE,B8,CastellaBot
4779,BLACK,E8,Human
4780,WHITE,F2,CastellaBot
4781,WHITE,F7,CastellaBot
4782,WHITE,F8,CastellaBot
4783,WHITE,G4,CastellaBot
4784,WHITE,H2,CastellaBot
4785,BLACK,G1,Human
4786,WHITE,B8,CastellaBot
4787,BLACK,G4,Human
4788,WHITE,B8,CastellaBot
4789,BLACK,G5,Human
4790,WHITE,B8,CastellaBot
4791,WHITE,E8,CastellaBot
4792,BLACK,G6,Human
4793,WHITE,B8,CastellaBot
4794,BLACK,G7,Human
4795,WHITE,B8,CastellaBot
4796,WHITE,G4,CastellaBot
4797,BLACK,B2,Human
4798,WHITE,A2,CastellaBot
4799,WHITE,A3,CastellaBot
4800,WHITE,B3,CastellaBot
4801,WHITE,B4,CastellaBot
4802,WHITE,B8,CastellaBot
4803,WHITE,E8,CastellaBot
4804,WHITE,F2,CastellaBot
4805,WHITE,F7,CastellaBot
4806,WHITE,F8,CastellaBot
4807,WHITE,G2,CastellaBot
4808,WHITE,H2,CastellaBot
4809,BLACK,B3,Human
4810,WHITE,A3,CastellaBot
4811,WHITE,A4,CastellaBot
4812,WHITE,B2,CastellaBot
4813,WHITE,B4,CastellaBot
4814,WHITE,B5,CastellaBot
4815,WHITE,B8,CastellaBot
4816,WHITE,E8,CastellaBot
4817,WHITE,F2,CastellaBot
4818,WHITE,F8,CastellaBot
4819,WHITE,G2,CastellaBot
4820,WHITE,H2,CastellaBot
4821,BLACK,B4,Human
4822,WHITE,A4,CastellaBot
4823,WHITE,A5,CastellaBot
4824,WHITE,B3,CastellaBot
4825,WHITE,B5,CastellaBot
4826,WHITE,B8,CastellaBot
4827,WHITE,C7,CastellaBot
4828,WHITE,E8,CastellaBot
4829,BLACK,B5,Human
4830,WHITE,A5,CastellaBot
4831,WHITE,A6,CastellaBot
4832,WHITE,B4,CastellaBot
4833,WHITE,B6,CastellaBot
4834,WHITE,B7,CastellaBot
4835,WHITE,B8,CastellaBot
4836,WHITE,C7,CastellaBot
4837,WHITE,E8,CastellaBot
4838,BLACK,B6,Human
4839,WHITE,A6,CastellaBot
4840,WHITE,B5,CastellaBot
4841,WHITE,B7,CastellaBot
4842,WHITE,B8,CastellaBot
4843,WHITE,C7,CastellaBot
4844,WHITE,E8,CastellaBot
4845,WHITE,F7,CastellaBot
4846,WHITE,G2,CastellaBot
4847,WHITE,H2,CastellaBot
4848,BLACK,B7,Human
4849,WHITE,A8,CastellaBot
4850,BLACK,C7,Human
4851,WHITE,B6,CastellaBot
4852,WHITE,B8,CastellaBot
4853,BLACK,E8,Human
4854,WHITE,F2,CastellaBot
4855,WHITE,F7,CastellaBot
4856,WHITE,F8,CastellaBot
4857,WHITE,G2,CastellaBot
4858,WHITE,H2,CastellaBot
4859,BLACK,G2,Human
4860,WHITE,B8,CastellaBot
4861,BLACK,G5,Human
4862,WHITE,B8,CastellaBot
4863,WHITE,E8,CastellaBot
4864,BLACK,G6,Human
4865,WHITE,B8,CastellaBot
4866,BLACK,G7,Human
4867,WHITE,B8,CastellaBot
4868,BLACK,H4,Human
4869,WHITE,B8,CastellaBot
4870,WHITE,H2,CastellaBot
4871,BLACK,B2,Human
4872,WHITE,A2,CastellaBot
4873,WHITE,A3,CastellaBot
4874,WHITE,B3,CastellaBot
4875,WHITE,B4,CastellaBot
4876,WHITE,B8,CastellaBot
4877,WHITE,E8,CastellaBot
4878,WHITE,F2,CastellaBot
4879,WHITE,F7,CastellaBot
4880,WHITE,F8,CastellaBot
4881,WHITE,G2,CastellaBot
4882,WHITE,G4,CastellaBot
4883,WHITE,H4,CastellaBot
4884,BLACK,B3,Human
4885,WHITE,A3,CastellaBot
4886,WHITE,A4,CastellaBot
4887,WHITE,B2,CastellaBot
4888,WHITE,B4,CastellaBot
4889,WHITE,B5,CastellaBot
4890,WHITE,B8,CastellaBot
4891,WHITE,E8,CastellaBot
4892,WHITE,F2,CastellaBot
4893,WHITE,F8,CastellaBot
4894,WHITE,G2,CastellaBot
4895,WHITE,G4,CastellaBot
4896,WHITE,H4,CastellaBot
4897,BLACK,B4,Human
4898,WHITE,A4,CastellaBot
4899,WHITE,A5,CastellaBot
4900,WHITE,B3,CastellaBot
4901,WHITE,B5,CastellaBot
4902,WHITE,B8,CastellaBot
4903,WHITE,C7,CastellaBot
4904,WHITE,E8,CastellaBot
4905,WHITE,F2,CastellaBot
4906,WHITE,F7,CastellaBot
4907,WHITE,G2,CastellaBot
4908,WHITE,G4,CastellaBot
4909,WHITE,H4,CastellaBot
4910,BLACK,B5,Human
4911,WHITE,A5,CastellaBot
4912,WHITE,A6,CastellaBot
4913,WHITE,B4,CastellaBot
4914,WHITE,B6,CastellaBot
4915,WHITE,B8,CastellaBot
4916,WHITE,C7,CastellaBot
4917,WHITE,E8,CastellaBot
4918,BLACK,B6,Human
4919,WHITE,A6,CastellaBot
4920,WHITE,B5,CastellaBot
4921,WHITE,B7,CastellaBot
4922,WHITE,B8,CastellaBot
4923,WHITE,C7,CastellaBot
4924,WHITE,E8,CastellaBot
4925,WHITE,F2,CastellaBot
4926,WHITE,F7,CastellaBot
4927,WHITE,G2,CastellaBot
4928,WHITE,G4,CastellaBot
4929,WHITE,H4,CastellaBot
4930,BLACK,B7,Human
4931,WHITE,B6,CastellaBot
4932,WHITE,B8,CastellaBot
4933,BLACK,C7,Human
4934,WHITE,B6,CastellaBot
4935,WHITE,B8,CastellaBot
4936,BLACK,E8,Human
4937,WHITE,F2,CastellaBot
4938,WHITE,F7,CastellaBot
4939,WHITE,F8,CastellaBot
4940,WHITE,G2,CastellaBot
4941,WHITE,G4,CastellaBot
4942,WHITE,H4,CastellaBot
4943,BLACK,F7,Human
4944,WHITE,B8,CastellaBot
4945,WHITE,E8,CastellaBot
4946,BLACK,G4,Human
4947,WHITE,B8,CastellaBot
4948,WHITE,E8,CastellaBot
4949,BLACK,G5,Human
4950,WHITE,B8,CastellaBot
4951,WHITE,E8,CastellaBot
4952,BLACK,G6,Human
4953,WHITE,B8,CastellaBot
4954,WHITE,E8,CastellaBot
4955,BLACK,G7,Human
4956,WHITE,B8,CastellaBot
4957,BLACK,H1,Human
4958,WHITE,B8,CastellaBot
4959,WHITE,E8,CastellaBot
4960,WHITE,E8,CastellaBot
4961,BLACK,F8,Human
4962,WHITE,F2,CastellaBot
4963,BLACK,B3,Human
4964,WHITE,A2,CastellaBot
4965,WHITE,A4,CastellaBot
4966,WHITE,B2,CastellaBot
4967,WHITE,B4,CastellaBot
4968,WHITE,G2,CastellaBot
4969,WHITE,G4,CastellaBot
4970,WHITE,H2,CastellaBot
4971,WHITE,H4,CastellaBot
4972,BLACK,B4,Human
4973,WHITE,A4,CastellaBot
4974,BLACK,B5,Human
4975,WHITE,A5,CastellaBot
4976,BLACK,C7,Human
4977,WHITE,B7,CastellaBot
4978,WHITE,G4,CastellaBot
4979,BLACK,G4,Human
4980,WHITE,C7,CastellaBot
4981,BLACK,G5,Human
4982,WHITE,F7,CastellaBot
4983,WHITE,G2,CastellaBot
4984,BLACK,B3,Human
4985,WHITE,A2,CastellaBot
4986,WHITE,A4,CastellaBot
4987,WHITE,B2,CastellaBot
4988,WHITE,B4,CastellaBot
4989,WHITE,F2,CastellaBot
4990,WHITE,G4,CastellaBot
4991,WHITE,H2,CastellaBot
4992,BLACK,B4,Human
4993,WHITE,A4,CastellaBot
4994,BLACK,B5,Human
4995,WHITE,A5,CastellaBot
4996,BLACK,C7,Human
4997,WHITE,B7,CastellaBot
4998,WHITE,G4,CastellaBot
4999,BLACK,G1,Human
5000,WHITE,H1,CastellaBot
5001,BLACK,G4,Human
5002,WHITE,C7,CastellaBot
5003,BLACK,G5,Human
5004,WHITE,F7,CastellaBot
5005,WHITE,G4,CastellaBot
5006,BLACK,B3,Human
5007,WHITE,A2,CastellaBot
5008,WHITE,A4,CastellaBot
5009,WHITE,B2,CastellaBot
5010,WHITE,B4,CastellaBot
5011,WHITE,F2,CastellaBot
5012,WHITE,G2,CastellaBot
5013,WHITE,H2,CastellaBot
5014,BLACK,B4,Human
5015,WHITE,A4,CastellaBot
5016,BLACK,B5,Human
5017,WHITE,A5,CastellaBot
5018,BLACK,C7,Human
5019,WHITE,B7,CastellaBot
5020,WHITE,G2,CastellaBot
5021,WHITE,G5,CastellaBot
5022,BLACK,G5,Human
5023,WHITE,F7,CastellaBot
5024,WHITE,H2,CastellaBot
5025,BLACK,B3,Human
5026,WHITE,A2,CastellaBot
5027,WHITE,A3,CastellaBot
5028,WHITE,A4,CastellaBot
5029,WHITE,B2,CastellaBot
5030,WHITE,B4,CastellaBot
5031,WHITE,F2,CastellaBot
5032,WHITE,G2,CastellaBot
5033,WHITE,G4,CastellaBot
5034,WHITE,H4,CastellaBot
5035,BLACK,B4,Human
5036,WHITE,A4,CastellaBot
5037,WHITE,A5,CastellaBot
5038,WHITE,B5,CastellaBot
5039,WHITE,B6,CastellaBot
5040,WHITE,C7,CastellaBot
5041,WHITE,F2,CastellaBot
5042,WHITE,F7,CastellaBot
5043,WHITE,G2,CastellaBot
5044,WHITE,G4,CastellaBot
5045,WHITE,H4,CastellaBot
5046,BLACK,B5,Human
5047,WHITE,A5,CastellaBot
5048,WHITE,A6,CastellaBot
5049,WHITE,B6,CastellaBot
5050,WHITE,B7,CastellaBot
5051,WHITE,C7,CastellaBot
5052,WHITE,F2,CastellaBot
5053,WHITE,G2,CastellaBot
5054,WHITE,G4,CastellaBot
5055,WHITE,H4,CastellaBot
5056,BLACK,B7,Human
5057,WHITE,B5,CastellaBot
5058,WHITE,B6,CastellaBot
5059,WHITE,C7,CastellaBot
5060,WHITE,F2,CastellaBot
5061,WHITE,G4,CastellaBot
5062,WHITE,H4,CastellaBot
5063,BLACK,F7,Human
5064,WHITE,G2,CastellaBot
5065,WHITE,G4,CastellaBot
5066,WHITE,G5,CastellaBot
5067,WHITE,G6,CastellaBot
5068,WHITE,G7,CastellaBot
5069,WHITE,G8,CastellaBot
5070,WHITE,H4,CastellaBot
5071,BLACK,G4,Human
5072,WHITE,C7,CastellaBot
5073,WHITE,F2,CastellaBot
5074,WHITE,F7,CastellaBot
5075,WHITE,G2,CastellaBot
5076,WHITE,G5,CastellaBot
5077,WHITE,G6,CastellaBot
5078,WHITE,H4,CastellaBot
5079,BLACK,G5,Human
5080,WHITE,F2,CastellaBot
5081,WHITE,F7,CastellaBot
5082,BLACK,H1,Human
5083,WHITE,F2,CastellaBot
5084,WHITE,G2,CastellaBot
5085,WHITE,G4,CastellaBot
5086,WHITE,G4,CastellaBot
5087,BLACK,C7,Human
5088,WHITE,B7,CastellaBot
5089,BLACK,A6,Human
5090,WHITE,A7,CastellaBot
5091,WHITE,A8,CastellaBot
5092,WHITE,G2,CastellaBot
5093,WHITE,G5,CastellaBot
5094,WHITE,H2,CastellaBot
5095,BLACK,B2,Human
5096,WHITE,A2,CastellaBot
5097,WHITE,A3,CastellaBot
5098,WHITE,B3,CastellaBot
5099,WHITE,B4,CastellaBot
5100,WHITE,G2,CastellaBot
5101,WHITE,G5,CastellaBot
5102,WHITE,H2,CastellaBot
5103,BLACK,B3,Human
5104,WHITE,A2,CastellaBot
5105,WHITE,A4,CastellaBot
5106,WHITE,B2,CastellaBot
5107,WHITE,B4,CastellaBot
5108,WHITE,F2,CastellaBot
5109,WHITE,G2,CastellaBot
5110,WHITE,G5,CastellaBot
5111,WHITE,H2,CastellaBot
5112,BLACK,B4,Human
5113,WHITE,A3,CastellaBot
5114,BLACK,B5,Human
5115,WHITE,A5,CastellaBot
5116,WHITE,A6,CastellaBot
5117,WHITE,B4,CastellaBot
5118,WHITE,B6,CastellaBot
5119,BLACK,B6,Human
5120,WHITE,A6,CastellaBot
5121,BLACK,B8,Human
5122,WHITE,G2,CastellaBot
5123,WHITE,G5,CastellaBot
5124,BLACK,F2,Human
5125,WHITE,G1,CastellaBot
5126,WHITE,G2,CastellaBot
5127,WHITE,G5,CastellaBot
5128,WHITE,H2,CastellaBot
5129,BLACK,F7,Human
5130,WHITE,G2,CastellaBot
5131,WHITE,G5,CastellaBot
5132,BLACK,G5,Human
5133,WHITE,F7,CastellaBot
5134,BLACK,G6,Human
5135,WHITE,F7,CastellaBot
5136,BLACK,G7,Human
5137,WHITE,F7,CastellaBot
5138,BLACK,H4,Human
5139,WHITE,G5,CastellaBot
5140,WHITE,G2,CastellaBot
5141,BLACK,B2,Human
5142,WHITE,A2,CastellaBot
5143,WHITE,A3,CastellaBot
5144,WHITE,B3,CastellaBot
5145,WHITE,B4,CastellaBot
5146,WHITE,B7,CastellaBot
5147,WHITE,B8,CastellaBot
5148,WHITE,G5,CastellaBot
5149,BLACK,B3,Human
5150,WHITE,A2,CastellaBot
5151,WHITE,A4,CastellaBot
5152,WHITE,B2,CastellaBot
5153,WHITE,B4,CastellaBot
5154,WHITE,B7,CastellaBot
5155,WHITE,F2,CastellaBot
5156,WHITE,G5,CastellaBot
5157,BLACK,B4,Human
5158,WHITE,A3,CastellaBot
5159,BLACK,B5,Human
5160,WHITE,A5,CastellaBot
5161,BLACK,B6,Human
5162,WHITE,A6,CastellaBot
5163,BLACK,F2,Human
5164,WHITE,B7,CastellaBot
5165,WHITE,B8,CastellaBot
5166,BLACK,F7,Human
5167,WHITE,B8,CastellaBot
5168,BLACK,G5,Human
5169,WHITE,B7,CastellaBot
5170,WHITE,B8,CastellaBot
5171,BLACK,G6,Human
5172,WHITE,B7,CastellaBot
5173,WHITE,B8,CastellaBot
5174,BLACK,G7,Human
5175,WHITE,B7,CastellaBot
5176,WHITE,B8,CastellaBot
5177,BLACK,H2,Human
5178,WHITE,B7,CastellaBot
5179,WHITE,G5,CastellaBot
5180,BLACK,H4,Human
5181,WHITE,B7,CastellaBot
5182,WHITE,B8,CastellaBot
5183,WHITE,G5,CastellaBot
5184,BLACK,B2,Human
5185,WHITE,A2,CastellaBot
5186,WHITE,A3,CastellaBot
5187,WHITE,B3,CastellaBot
5188,WHITE,B4,CastellaBot
5189,WHITE,B7,CastellaBot
5190,WHITE,B8,CastellaBot
5191,WHITE,G2,CastellaBot
5192,WHITE,H2,CastellaBot
5193,BLACK,B3,Human
5194,WHITE,A2,CastellaBot
5195,WHITE,A4,CastellaBot
5196,WHITE,B2,CastellaBot
5197,WHITE,B4,CastellaBot
5198,WHITE,B7,CastellaBot
5199,WHITE,B8,CastellaBot
5200,WHITE,F2,CastellaBot
5201,WHITE,G2,CastellaBot
5202,WHITE,H2,CastellaBot
5203,BLACK,B4,Human
5204,WHITE,A3,CastellaBot
5205,BLACK,B5,Human
5206,WHITE,A5,CastellaBot
5207,BLACK,B6,Human
5208,WHITE,A6,CastellaBot
5209,BLACK,F7,Human
5210,WHITE,B8,CastellaBot
5211,BLACK,G6,Human
5212,WHITE,B7,CastellaBot
5213,WHITE,B8,CastellaBot
5214,BLACK,G7,Human
5215,WHITE,B7,CastellaBot
5216,WHITE,B8,CastellaBot
5217,BLACK,H4,Human
5218,WHITE,B7,CastellaBot
5219,WHITE,B8,CastellaBot
5220,BLACK,H5,Human
5221,WHITE,B7,CastellaBot
5222,WHITE,B8,CastellaBot
5223,WHITE,G5,CastellaBot
5224,BLACK,H4,Human
5225,WHITE,B7,CastellaBot
5226,BLACK,A6,Human
5227,WHITE,A7,CastellaBot
5228,WHITE,A8,CastellaBot
5229,WHITE,F7,CastellaBot
5230,WHITE,G2,CastellaBot
5231,WHITE,G6,CastellaBot
5232,WHITE,G7,CastellaBot
5233,WHITE,H2,CastellaBot
5234,WHITE,H5,CastellaBot
5235,WHITE,H6,CastellaBot
5236,BLACK,A7,Human
5237,WHITE,A8,CastellaBot
5238,BLACK,B2,Human
5239,WHITE,A2,CastellaBot
5240,WHITE,A3,CastellaBot
5241,WHITE,B3,CastellaBot
5242,WHITE,B4,CastellaBot
5243,WHITE,F7,CastellaBot
5244,WHITE,G2,CastellaBot
5245,WHITE,G6,CastellaBot
5246,WHITE,G7,CastellaBot
5247,WHITE,H2,CastellaBot
5248,WHITE,H5,CastellaBot
5249,WHITE,H6,CastellaBot
5250,BLACK,B3,Human
5251,WHITE,A2,CastellaBot
5252,WHITE,A4,CastellaBot
5253,WHITE,B2,CastellaBot
5254,WHITE,B4,CastellaBot
5255,WHITE,F2,CastellaBot
5256,WHITE,F7,CastellaBot
5257,WHITE,G2,CastellaBot
5258,WHITE,G6,CastellaBot
5259,WHITE,G7,CastellaBot
5260,WHITE,H2,CastellaBot
5261,WHITE,H5,CastellaBot
5262,WHITE,H6,CastellaBot
5263,BLACK,B4,Human
5264,WHITE,A5,CastellaBot
5265,WHITE,B3,CastellaBot
5266,WHITE,B5,CastellaBot
5267,WHITE,B6,CastellaBot
5268,WHITE,F7,CastellaBot
5269,WHITE,G6,CastellaBot
5270,WHITE,G7,CastellaBot
5271,WHITE,H2,CastellaBot
5272,WHITE,H5,CastellaBot
5273,WHITE,H6,CastellaBot
5274,BLACK,B5,Human
5275,WHITE,A5,CastellaBot
5276,BLACK,B6,Human
5277,WHITE,A6,CastellaBot
5278,BLACK,B8,Human
5279,WHITE,F7,CastellaBot
5280,BLACK,F2,Human
5281,WHITE,F7,CastellaBot
5282,WHITE,B8,CastellaBot
5283,BLACK,A8,Human
5284,WHITE,F7,CastellaBot
5285,WHITE,G2,CastellaBot
5286,WHITE,G6,CastellaBot
5287,WHITE,G7,CastellaBot
5288,WHITE,H2,CastellaBot
5289,WHITE,H5,CastellaBot
5290,WHITE,H6,CastellaBot
5291,BLACK,B2,Human
5292,WHITE,A2,CastellaBot
5293,WHITE,A3,CastellaBot
5294,WHITE,B3,CastellaBot
5295,WHITE,B4,CastellaBot
5296,BLACK,B3,Human
5297,WHITE,A2,CastellaBot
5298,WHITE,A4,CastellaBot
5299,WHITE,B2,CastellaBot
5300,WHITE,B4,CastellaBot
5301,WHITE,F2,CastellaBot
5302,BLACK,B4,Human
5303,WHITE,A5,CastellaBot
5304,WHITE,B3,CastellaBot
5305,WHITE,B5,CastellaBot
5306,WHITE,B6,CastellaBot
5307,WHITE,F7,CastellaBot
5308,WHITE,G6,CastellaBot
5309,WHITE,G7,CastellaBot
5310,WHITE,G8,CastellaBot
5311,BLACK,B5,Human
5312,WHITE,A6,CastellaBot
5313,WHITE,B4,CastellaBot
5314,WHITE,B6,CastellaBot
5315,WHITE,B7,CastellaBot
5316,WHITE,F7,CastellaBot
5317,BLACK,B6,Human
5318,WHITE,A7,CastellaBot
5319,WHITE,B5,CastellaBot
5320,BLACK,B7,Human
5321,WHITE,A8,CastellaBot
5322,BLACK,F2,Human
5323,WHITE,F7,CastellaBot
5324,WHITE,F7,CastellaBot
5325,BLACK,B2,Human
5326,WHITE,A2,CastellaBot
5327,WHITE,A3,CastellaBot
5328,WHITE,B3,CastellaBot
5329,WHITE,B4,CastellaBot
5330,WHITE,B7,CastellaBot
5331,WHITE,B8,CastellaBot
5332,WHITE,G2,CastellaBot
5333,WHITE,G6,CastellaBot
5334,WHITE,H2,CastellaBot
5335,WHITE,H5,CastellaBot
5336,WHITE,H6,CastellaBot
5337,BLACK,B3,Human
5338,WHITE,A2,CastellaBot
5339,WHITE,A4,CastellaBot
5340,WHITE,B2,CastellaBot
5341,WHITE,B4,CastellaBot
5342,WHITE,B7,CastellaBot
5343,WHITE,B8,CastellaBot
5344,WHITE,F2,CastellaBot
5345,WHITE,G2,CastellaBot
5346,WHITE,G6,CastellaBot
5347,WHITE,H2,CastellaBot
5348,WHITE,H5,CastellaBot
5349,WHITE,H6,CastellaBot
5350,BLACK,B4,Human
5351,WHITE,A3,CastellaBot
5352,WHITE,A5,CastellaBot
5353,WHITE,B3,CastellaBot
5354,WHITE,B5,CastellaBot
5355,WHITE,B6,CastellaBot
5356,WHITE,B7,CastellaBot
5357,WHITE,H5,CastellaBot
5358,WHITE,H6,CastellaBot
5359,BLACK,B5,Human
5360,WHITE,A5,CastellaBot
5361,BLACK,B6,Human
5362,WHITE,A6,CastellaBot
5363,BLACK,F2,Human
5364,WHITE,B7,CastellaBot
5365,WHITE,G1,CastellaBot
5366,WHITE,G2,CastellaBot
5367,WHITE,G6,CastellaBot
5368,WHITE,G7,CastellaBot
5369,WHITE,G8,CastellaBot
5370,WHITE,H5,CastellaBot
5371,WHITE,H6,CastellaBot
5372,BLACK,G6,Human
5373,WHITE,B7,CastellaBot
5374,WHITE,B8,CastellaBot
5375,BLACK,G7,Human
5376,WHITE,B8,CastellaBot
5377,WHITE,G2,CastellaBot
5378,BLACK,B2,Human
5379,WHITE,A2,CastellaBot
5380,WHITE,A3,CastellaBot
5381,WHITE,B3,CastellaBot
5382,WHITE,B4,CastellaBot
5383,WHITE,B7,CastellaBot
5384,WHITE,B8,CastellaBot
5385,WHITE,F7,CastellaBot
5386,WHITE,G6,CastellaBot
5387,WHITE,G7,CastellaBot
5388,WHITE,H5,CastellaBot
5389,WHITE,H6,CastellaBot
5390,BLACK,B3,Human
5391,WHITE,A2,CastellaBot
5392,WHITE,A4,CastellaBot
5393,WHITE,B2,CastellaBot
5394,WHITE,B4,CastellaBot
5395,WHITE,B7,CastellaBot
5396,WHITE,B8,CastellaBot
5397,WHITE,F2,CastellaBot
5398,WHITE,F7,CastellaBot
5399,WHITE,G6,CastellaBot
5400,WHITE,G7,CastellaBot
5401,WHITE,H2,CastellaBot
5402,WHITE,H5,CastellaBot
5403,WHITE,H6,CastellaBot
5404,BLACK,B4,Human
5405,WHITE,A5,CastellaBot
5406,WHITE,B3,CastellaBot
5407,WHITE,B5,CastellaBot
5408,WHITE,B6,CastellaBot
5409,WHITE,B7,CastellaBot
5410,WHITE,B8,CastellaBot
5411,WHITE,F7,CastellaBot
5412,WHITE,G6,CastellaBot
5413,WHITE,G7,CastellaBot
5414,WHITE,H5,CastellaBot
5415,WHITE,H6,CastellaBot
5416,BLACK,B5,Human
5417,WHITE,A5,CastellaBot
5418,BLACK,B6,Human
5419,WHITE,A6,CastellaBot
5420,BLACK,F2,Human
5421,WHITE,B7,CastellaBot
5422,WHITE,F7,CastellaBot
5423,BLACK,G1,Human
5424,WHITE,B7,CastellaBot
5425,BLACK,H2,Human
5426,WHITE,B7,CastellaBot
5427,WHITE,F7,CastellaBot
5428,WHITE,G6,CastellaBot
5429,BLACK,B2,Human
5430,WHITE,A2,CastellaBot
5431,WHITE,A3,CastellaBot
5432,WHITE,B3,CastellaBot
5433,WHITE,B4,CastellaBot
5434,WHITE,B7,CastellaBot
5435,WHITE,B8,CastellaBot
5436,WHITE,F7,CastellaBot
5437,WHITE,G2,CastellaBot
5438,WHITE,H2,CastellaBot
5439,BLACK,B3,Human
5440,WHITE,A2,CastellaBot
5441,WHITE,A4,CastellaBot
5442,WHITE,B2,CastellaBot
5443,WHITE,B4,CastellaBot
5444,WHITE,B7,CastellaBot
5445,WHITE,B8,CastellaBot
5446,WHITE,F2,CastellaBot
5447,WHITE,F7,CastellaBot
5448,WHITE,G2,CastellaBot
5449,WHITE,H2,CastellaBot
5450,BLACK,B4,Human
5451,WHITE,A5,CastellaBot
5452,WHITE,B3,CastellaBot
5453,WHITE,B5,CastellaBot
5454,WHITE,B6,CastellaBot
5455,WHITE,B7,CastellaBot
5456,WHITE,F7,CastellaBot
5457,WHITE,G2,CastellaBot
5458,WHITE,H5,CastellaBot
5459,BLACK,B5,Human
5460,WHITE,A5,CastellaBot
5461,BLACK,B6,Human
5462,WHITE,A6,CastellaBot
5463,BLACK,G7,Human
5464,WHITE,B7,CastellaBot
5465,BLACK,H5,Human
5466,WHITE,B7,CastellaBot
5467,WHITE,B8,CastellaBot
5468,BLACK,H6,Human
5469,WHITE,B7,CastellaBot
5470,WHITE,B8,CastellaBot
5471,WHITE,G7,CastellaBot
5472,BLACK,B3,Human
5473,WHITE,A2,CastellaBot
5474,WHITE,A4,CastellaBot
5475,WHITE,B2,CastellaBot
5476,WHITE,B4,CastellaBot
5477,WHITE,B7,CastellaBot
5478,WHITE,B8,CastellaBot
5479,WHITE,F2,CastellaBot
5480,WHITE,F7,CastellaBot
5481,WHITE,G2,CastellaBot
5482,WHITE,G6,CastellaBot
5483,WHITE,H2,CastellaBot
5484,WHITE,H5,CastellaBot
5485,WHITE,H6,CastellaBot
5486,BLACK,B4,Human
5487,WHITE,A5,CastellaBot
5488,WHITE,B3,CastellaBot
5489,WHITE,B5,CastellaBot
5490,WHITE,B6,CastellaBot
5491,WHITE,B7,CastellaBot
5492,WHITE,B8,CastellaBot
5493,WHITE,F7,CastellaBot
5494,WHITE,H2,CastellaBot
5495,WHITE,H5,CastellaBot
5496,WHITE,H6,CastellaBot
5497,BLACK,B5,Human
5498,WHITE,A6,CastellaBot
5499,WHITE,B6,CastellaBot
5500,BLACK,B6,Human
5501,WHITE,A6,CastellaBot
5502,BLACK,G6,Human
5503,WHITE,B7,CastellaBot
5504,WHITE,B8,CastellaBot
5505,WHITE,F7,CastellaBot
5506,BLACK,H6,Human
5507,WHITE,B7,CastellaBot
5508,WHITE,H2,CastellaBot
5509,BLACK,B2,Human
5510,WHITE,A2,CastellaBot
5511,WHITE,A3,CastellaBot
5512,WHITE,B3,CastellaBot
5513,WHITE,B4,CastellaBot
5514,WHITE,B7,CastellaBot
5515,WHITE,B8,CastellaBot
5516,WHITE,F7,CastellaBot
5517,WHITE,G6,CastellaBot
5518,WHITE,G7,CastellaBot
5519,WHITE,H5,CastellaBot
5520,WHITE,H6,CastellaBot
5521,BLACK,B3,Human
5522,WHITE,A2,CastellaBot
5523,WHITE,A4,CastellaBot
5524,WHITE,B2,CastellaBot
5525,WHITE,B4,CastellaBot
5526,WHITE,B7,CastellaBot
5527,WHITE,B8,CastellaBot
5528,WHITE,F2,CastellaBot
5529,WHITE,F7,CastellaBot
5530,WHITE,G2,CastellaBot
5531,WHITE,G6,CastellaBot
5532,WHITE,G7,CastellaBot
5533,WHITE,H5,CastellaBot
5534,WHITE,H6,CastellaBot
5535,BLACK,B4,Human
5536,WHITE,A5,CastellaBot
5537,WHITE,B3,CastellaBot
5538,WHITE,B5,CastellaBot
5539,WHITE,B6,CastellaBot
5540,WHITE,B7,CastellaBot
5541,WHITE,B8,CastellaBot
5542,WHITE,F7,CastellaBot
5543,WHITE,G6,CastellaBot
5544,WHITE,G7,CastellaBot
5545,WHITE,H5,CastellaBot
5546,BLACK,B5,Human
5547,WHITE,A5,CastellaBot
5548,BLACK,B6,Human
5549,WHITE,A6,CastellaBot
5550,BLACK,F2,Human
5551,WHITE,B7,CastellaBot
5552,WHITE,B8,CastellaBot
5553,WHITE,F7,CastellaBot
5554,BLACK,G2,Human
5555,WHITE,B7,CastellaBot
5556,WHITE,B8,CastellaBot
5557,BLACK,H1,Human
5558,WHITE,B7,CastellaBot
5559,WHITE,B8,CastellaBot
5560,WHITE,F7,CastellaBot
5561,WHITE,G6,CastellaBot
5562,WHITE,G7,CastellaBot
5563,WHITE,H5,CastellaBot
5564,WHITE,H6,CastellaBot
5565,WHITE,H5,CastellaBot
5566,BLACK,B2,Human
5567,WHITE,A2,CastellaBot
5568,WHITE,A3,CastellaBot
5569,WHITE,B3,CastellaBot
5570,WHITE,B4,CastellaBot
5571,WHITE,B7,CastellaBot
5572,WHITE,B8,CastellaBot
5573,WHITE,F7,CastellaBot
5574,WHITE,G2,CastellaBot
5575,WHITE,G6,CastellaBot
5576,WHITE,G7,CastellaBot
5577,WHITE,H2,CastellaBot
5578,BLACK,B3,Human
5579,WHITE,A2,CastellaBot
5580,WHITE,A4,CastellaBot
5581,WHITE,B2,CastellaBot
5582,WHITE,B4,CastellaBot
5583,WHITE,B7,CastellaBot
5584,WHITE,B8,CastellaBot
5585,WHITE,F2,CastellaBot
5586,WHITE,F7,CastellaBot
5587,WHITE,G2,CastellaBot
5588,WHITE,G6,CastellaBot
5589,WHITE,G7,CastellaBot
5590,WHITE,H2,CastellaBot
5591,BLACK,B4,Human
5592,WHITE,A5,CastellaBot
5593,WHITE,B3,CastellaBot
5594,WHITE,B5,CastellaBot
5595,WHITE,B6,CastellaBot
5596,WHITE,B7,CastellaBot
5597,WHITE,F7,CastellaBot
5598,WHITE,G2,CastellaBot
5599,WHITE,G6,CastellaBot
5600,WHITE,G7,CastellaBot
5601,WHITE,H2,CastellaBot
5602,BLACK,B5,Human
5603,WHITE,A5,CastellaBot
5604,BLACK,B6,Human
5605,WHITE,A6,CastellaBot
5606,BLACK,F2,Human
5607,WHITE,B7,CastellaBot
5608,WHITE,F7,CastellaBot
5609,BLACK,G6,Human
5610,WHITE,B7,CastellaBot
5611,WHITE,B8,CastellaBot
5612,BLACK,H6,Human
5613,WHITE,B7,CastellaBot
5614,WHITE,B8,CastellaBot
5615,WHITE,H6,CastellaBot
5616,BLACK,B2,Human
5617,WHITE,A2,CastellaBot
5618,WHITE,A3,CastellaBot
5619,WHITE,B3,CastellaBot
5620,WHITE,B4,CastellaBot
5621,WHITE,B7,CastellaBot
5622,WHITE,B8,CastellaBot
5623,WHITE,F7,CastellaBot
5624,WHITE,G2,CastellaBot
5625,WHITE,G6,CastellaBot
5626,WHITE,G7,CastellaBot
5627,WHITE,H2,CastellaBot
5628,BLACK,B3,Human
5629,WHITE,A2,CastellaBot
5630,WHITE,A4,CastellaBot
5631,WHITE,B2,CastellaBot
5632,WHITE,B4,CastellaBot
5633,WHITE,B7,CastellaBot
5634,WHITE,B8,CastellaBot
5635,WHITE,F2,CastellaBot
5636,WHITE,F7,CastellaBot
5637,WHITE,G2,CastellaBot
5638,WHITE,G6,CastellaBot
5639,WHITE,G7,CastellaBot
5640,WHITE,H2,CastellaBot
5641,BLACK,B4,Human
5642,WHITE,A5,CastellaBot
5643,WHITE,B3,CastellaBot
5644,WHITE,B5,CastellaBot
5645,WHITE,B6,CastellaBot
5646,WHITE,B7,CastellaBot
5647,WHITE,F7,CastellaBot
5648,WHITE,G2,CastellaBot
5649,WHITE,G6,CastellaBot
5650,WHITE,G7,CastellaBot
5651,WHITE,H5,CastellaBot
5652,BLACK,B5,Human
5653,WHITE,A5,CastellaBot
5654,BLACK,B6,Human
5655,WHITE,A6,CastellaBot
5656,BLACK,F2,Human
5657,WHITE,B7,CastellaBot
5658,WHITE,F7,CastellaBot
5659,BLACK,G6,Human
5660,WHITE,B7,CastellaBot
5661,WHITE,B8,CastellaBot
5662,BLACK,H5,Human
5663,WHITE,B7,CastellaBot
5664,WHITE,B8,CastellaBot
5665,WHITE,B8,CastellaBot
5666,BLACK,A8,Human
5667,WHITE,F7,CastellaBot
5668,BLACK,B3,Human
5669,WHITE,A2,CastellaBot
5670,WHITE,A4,CastellaBot
5671,WHITE,B2,CastellaBot
5672,WHITE,B4,CastellaBot
5673,WHITE,F2,CastellaBot
5674,WHITE,G2,CastellaBot
5675,WHITE,G6,CastellaBot
5676,WHITE,H2,CastellaBot
5677,WHITE,H5,CastellaBot
5678,WHITE,H6,CastellaBot
5679,BLACK,B4,Human
5680,WHITE,A5,CastellaBot
5681,WHITE,B3,CastellaBot
5682,WHITE,B5,CastellaBot
5683,WHITE,B6,CastellaBot
5684,WHITE,H2,CastellaBot
5685,WHITE,H5,CastellaBot
5686,WHITE,H6,CastellaBot
5687,BLACK,B5,Human
5688,WHITE,A6,CastellaBot
5689,WHITE,B4,CastellaBot
5690,WHITE,B6,CastellaBot
5691,BLACK,B6,Human
5692,WHITE,A6,CastellaBot
5693,BLACK,F2,Human
5694,WHITE,G1,CastellaBot
5695,WHITE,G2,CastellaBot
5696,WHITE,G6,CastellaBot
5697,BLACK,G6,Human
5698,WHITE,G2,CastellaBot
5699,WHITE,G2,CastellaBot
5700,BLACK,B2,Human
5701,WHITE,A2,CastellaBot
5702,WHITE,A3,CastellaBot
5703,WHITE,B3,CastellaBot
5704,WHITE,B4,CastellaBot
5705,WHITE,F7,CastellaBot
5706,WHITE,G6,CastellaBot
5707,WHITE,G7,CastellaBot
5708,WHITE,H5,CastellaBot
5709,WHITE,H6,CastellaBot
5710,BLACK,B3,Human
5711,WHITE,A2,CastellaBot
5712,WHITE,A4,CastellaBot
5713,WHITE,B2,CastellaBot
5714,WHITE,B4,CastellaBot
5715,WHITE,F2,CastellaBot
5716,WHITE,F7,CastellaBot
5717,WHITE,G6,CastellaBot
5718,WHITE,G7,CastellaBot
5719,WHITE,H2,CastellaBot
5720,WHITE,H5,CastellaBot
5721,WHITE,H6,CastellaBot
5722,BLACK,B4,Human
5723,WHITE,A5,CastellaBot
5724,WHITE,B3,CastellaBot
5725,WHITE,B5,CastellaBot
5726,WHITE,B6,CastellaBot
5727,WHITE,F7,CastellaBot
5728,WHITE,G6,CastellaBot
5729,WHITE,G7,CastellaBot
5730,WHITE,H5,CastellaBot
5731,WHITE,H6,CastellaBot
5732,BLACK,B5,Human
5733,WHITE,A6,CastellaBot
5734,WHITE,B4,CastellaBot
5735,WHITE,B6,CastellaBot
5736,BLACK,B6,Human
5737,WHITE,A7,CastellaBot
5738,WHITE,B5,CastellaBot
5739,BLACK,B7,Human
5740,WHITE,F7,CastellaBot
5741,BLACK,F2,Human
5742,WHITE,F7,CastellaBot
5743,BLACK,G1,Human
5744,WHITE,F7,CastellaBot
5745,BLACK,H2,Human
5746,WHITE,B7,CastellaBot
5747,WHITE,F7,CastellaBot
5748,WHITE,G6,CastellaBot
5749,BLACK,B3,Human
5750,WHITE,A2,CastellaBot
5751,WHITE,A4,CastellaBot
5752,WHITE,B2,CastellaBot
5753,WHITE,B4,CastellaBot
5754,WHITE,F2,CastellaBot
5755,WHITE,F7,CastellaBot
5756,WHITE,G2,CastellaBot
5757,WHITE,H2,CastellaBot
5758,BLACK,B4,Human
5759,WHITE,A5,CastellaBot
5760,WHITE,B3,CastellaBot
5761,WHITE,B5,CastellaBot
5762,WHITE,B6,CastellaBot
5763,WHITE,F7,CastellaBot
5764,WHITE,G2,CastellaBot
5765,WHITE,H2,CastellaBot
5766,WHITE,H5,CastellaBot
5767,BLACK,B5,Human
5768,WHITE,A5,CastellaBot
5769,BLACK,B6,Human
5770,WHITE,A6,CastellaBot
5771,BLACK,B7,Human
5772,WHITE,G2,CastellaBot
5773,BLACK,G7,Human
5774,WHITE,F7,CastellaBot
5775,WHITE,G7,CastellaBot
5776,BLACK,B3,Human
5777,WHITE,A2,CastellaBot
5778,WHITE,A4,CastellaBot
5779,WHITE,B2,CastellaBot
5780,WHITE,B4,CastellaBot
5781,WHITE,F2,CastellaBot
5782,WHITE,F7,CastellaBot
5783,WHITE,G2,CastellaBot
5784,WHITE,G6,CastellaBot
5785,WHITE,H2,CastellaBot
5786,WHITE,H5,CastellaBot
5787,WHITE,H6,CastellaBot
5788,BLACK,B4,Human
5789,WHITE,A5,CastellaBot
5790,WHITE,B3,CastellaBot
5791,WHITE,B5,CastellaBot
5792,WHITE,B6,CastellaBot
5793,WHITE,F7,CastellaBot
5794,WHITE,H2,CastellaBot
5795,WHITE,H5,CastellaBot
5796,WHITE,H6,CastellaBot
5797,BLACK,B5,Human
5798,WHITE,A6,CastellaBot
5799,WHITE,B4,CastellaBot
5800,WHITE,B6,CastellaBot
5801,BLACK,B6,Human
5802,WHITE,A6,CastellaBot
5803,BLACK,B7,Human
5804,WHITE,G2,CastellaBot
5805,BLACK,H6,Human
5806,WHITE,F7,CastellaBot
5807,WHITE,H2,CastellaBot
5808,BLACK,B2,Human
5809,WHITE,A2,CastellaBot
5810,WHITE,A3,CastellaBot
5811,WHITE,B3,CastellaBot
5812,WHITE,B4,CastellaBot
5813,WHITE,F7,CastellaBot
5814,WHITE,G6,CastellaBot
5815,WHITE,G7,CastellaBot
5816,WHITE,H5,CastellaBot
5817,WHITE,H6,CastellaBot
5818,BLACK,B3,Human
5819,WHITE,A2,CastellaBot
5820,WHITE,A4,CastellaBot
5821,WHITE,B2,CastellaBot
5822,WHITE,B4,CastellaBot
5823,WHITE,F2,CastellaBot
5824,WHITE,F7,CastellaBot
5825,WHITE,G2,CastellaBot
5826,WHITE,G6,CastellaBot
5827,WHITE,G7,CastellaBot
5828,WHITE,H5,CastellaBot
5829,WHITE,H6,CastellaBot
5830,BLACK,B4,Human
5831,WHITE,A5,CastellaBot
5832,WHITE,B3,CastellaBot
5833,WHITE,B5,CastellaBot
5834,WHITE,B6,CastellaBot
5835,WHITE,F7,CastellaBot
5836,WHITE,G6,CastellaBot
5837,WHITE,G7,CastellaBot
5838,WHITE,H5,CastellaBot
5839,WHITE,H6,CastellaBot
5840,BLACK,B5,Human
5841,WHITE,A6,CastellaBot
5842,WHITE,B4,CastellaBot
5843,WHITE,B6,CastellaBot
5844,WHITE,B7,CastellaBot
5845,WHITE,F7,CastellaBot
5846,WHITE,G6,CastellaBot
5847,WHITE,G7,CastellaBot
5848,WHITE,H5,CastellaBot
5849,WHITE,H6,CastellaBot
5850,BLACK,B6,Human
5851,WHITE,A7,CastellaBot
5852,WHITE,B5,CastellaBot
5853,WHITE,B7,CastellaBot
5854,WHITE,F7,CastellaBot
5855,BLACK,B7,Human
5856,WHITE,F7,CastellaBot
5857,BLACK,F2,Human
5858,WHITE,F7,CastellaBot
5859,BLACK,G2,Human
5860,WHITE,F2,CastellaBot
5861,WHITE,F7,CastellaBot
5862,BLACK,H1,Human
5863,WHITE,F7,CastellaBot
5864,WHITE,G6,CastellaBot
5865,WHITE,G7,CastellaBot
5866,WHITE,H5,CastellaBot
5867,WHITE,H6,CastellaBot
5868,WHITE,H5,CastellaBot
5869,BLACK,B2,Human
5870,WHITE,A2,CastellaBot
5871,WHITE,A3,CastellaBot
5872,WHITE,B3,CastellaBot
5873,WHITE,B4,CastellaBot
5874,WHITE,F7,CastellaBot
5875,WHITE,G2,CastellaBot
5876,WHITE,G6,CastellaBot
5877,WHITE,G7,CastellaBot
5878,WHITE,H2,CastellaBot
5879,BLACK,B3,Human
5880,WHITE,A2,CastellaBot
5881,WHITE,A4,CastellaBot
5882,WHITE,B2,CastellaBot
5883,WHITE,B4,CastellaBot
5884,WHITE,F2,CastellaBot
5885,WHITE,F7,CastellaBot
5886,WHITE,G2,CastellaBot
5887,WHITE,G6,CastellaBot
5888,WHITE,G7,CastellaBot
5889,WHITE,H2,CastellaBot
5890,BLACK,B4,Human
5891,WHITE,A5,CastellaBot
5892,WHITE,B3,CastellaBot
5893,WHITE,B5,CastellaBot
5894,WHITE,B6,CastellaBot
5895,WHITE,F7,CastellaBot
5896,WHITE,G2,CastellaBot
5897,WHITE,G6,CastellaBot
5898,WHITE,G7,CastellaBot
5899,WHITE,H2,CastellaBot
5900,BLACK,B5,Human
5901,WHITE,A5,CastellaBot
5902,WHITE,A6,CastellaBot
5903,BLACK,B6,Human
5904,WHITE,A7,CastellaBot
5905,WHITE,B5,CastellaBot
5906,WHITE,B7,CastellaBot
5907,WHITE,F7,CastellaBot
5908,BLACK,B7,Human
5909,WHITE,F7,CastellaBot
5910,BLACK,F2,Human
5911,WHITE,F7,CastellaBot
5912,BLACK,G6,Human
5913,WHITE,F7,CastellaBot
5914,BLACK,H6,Human
5915,WHITE,F7,CastellaBot
5916,WHITE,H6,CastellaBot
5917,BLACK,B2,Human
5918,WHITE,A2,CastellaBot
5919,WHITE,A3,CastellaBot
5920,WHITE,B3,CastellaBot
5921,WHITE,B4,CastellaBot
5922,WHITE,F7,CastellaBot
5923,WHITE,G2,CastellaBot
5924,WHITE,G6,CastellaBot
5925,WHITE,G7,CastellaBot
5926,WHITE,H2,CastellaBot
5927,BLACK,B3,Human
5928,WHITE,A2,CastellaBot
5929,WHITE,A4,CastellaBot
5930,WHITE,B2,CastellaBot
5931,WHITE,B4,CastellaBot
5932,WHITE,F2,CastellaBot
5933,WHITE,F7,CastellaBot
5934,WHITE,G2,CastellaBot
5935,WHITE,G6,CastellaBot
5936,WHITE,G7,CastellaBot
5937,WHITE,H2,CastellaBot
5938,BLACK,B4,Human
5939,WHITE,A5,CastellaBot
5940,WHITE,B3,CastellaBot
5941,WHITE,B5,CastellaBot
5942,WHITE,B6,CastellaBot
5943,WHITE,F7,CastellaBot
5944,WHITE,G2,CastellaBot
5945,WHITE,G6,CastellaBot
5946,WHITE,G7,CastellaBot
5947,WHITE,H2,CastellaBot
5948,WHITE,H5,CastellaBot
5949,BLACK,B5,Human
5950,WHITE,A5,CastellaBot
5951,BLACK,B6,Human
5952,WHITE,A7,CastellaBot
5953,WHITE,B5,CastellaBot
5954,BLACK,B7,Human
5955,WHITE,F7,CastellaBot
5956,BLACK,F2,Human
5957,WHITE,F7,CastellaBot
5958,BLACK,G6,Human
5959,WHITE,F7,CastellaBot
5960,WHITE,H5,CastellaBot
5961,BLACK,H6,Human
5962,WHITE,F7,CastellaBot
5963,BLACK,B3,Human
5964,WHITE,A2,CastellaBot
5965,WHITE,A4,CastellaBot
5966,WHITE,B2,CastellaBot
5967,WHITE,B4,CastellaBot
5968,WHITE,F2,CastellaBot
5969,WHITE,G2,CastellaBot
5970,WHITE,H2,CastellaBot
5971,BLACK,B4,Human
5972,WHITE,A5,CastellaBot
5973,WHITE,B3,CastellaBot
5974,WHITE,B5,CastellaBot
5975,WHITE,B6,CastellaBot
5976,WHITE,G2,CastellaBot
5977,WHITE,H2,CastellaBot
5978,BLACK,B5,Human
5979,WHITE,A6,CastellaBot
5980,WHITE,B4,CastellaBot
5981,WHITE,B6,CastellaBot
5982,BLACK,B6,Human
5983,WHITE,A6,CastellaBot
5984,BLACK,F2,Human
5985,WHITE,G1,CastellaBot
5986,WHITE,G2,CastellaBot
5987,WHITE,G6,CastellaBot
5988,BLACK,G6,Human
5989,WHITE,G7,CastellaBot
5990,WHITE,G2,CastellaBot
5991,BLACK,B2,Human
5992,WHITE,A2,CastellaBot
5993,WHITE,A3,CastellaBot
5994,WHITE,B3,CastellaBot
5995,WHITE,B4,CastellaBot
5996,WHITE,F7,CastellaBot
5997,WHITE,G6,CastellaBot
5998,WHITE,G7,CastellaBot
5999,BLACK,B3,Human
6000,WHITE,A2,CastellaBot
6001,WHITE,A4,CastellaBot
6002,WHITE,B2,CastellaBot
6003,WHITE,B4,CastellaBot
6004,WHITE,F2,CastellaBot
6005,WHITE,F7,CastellaBot
6006,WHITE,G6,CastellaBot
6007,WHITE,G7,CastellaBot
6008,WHITE,H2,CastellaBot
6009,BLACK,B4,Human
6010,WHITE,A5,CastellaBot
6011,WHITE,B3,CastellaBot
6012,WHITE,B5,CastellaBot
6013,WHITE,B6,CastellaBot
6014,WHITE,F7,CastellaBot
6015,WHITE,G6,CastellaBot
6016,WHITE,G7,CastellaBot
6017,BLACK,B5,Human
6018,WHITE,A6,CastellaBot
6019,WHITE,B4,CastellaBot
6020,WHITE,B6,CastellaBot
6021,BLACK,B6,Human
6022,WHITE,A7,CastellaBot
6023,WHITE,B5,CastellaBot
6024,BLACK,B7,Human
6025,WHITE,F7,CastellaBot
6026,BLACK,F2,Human
6027,WHITE,F7,CastellaBot
6028,BLACK,H2,Human
6029,WHITE,B7,CastellaBot
6030,WHITE,F7,CastellaBot
6031,WHITE,G6,CastellaBot
6032,BLACK,B3,Human
6033,WHITE,A2,CastellaBot
6034,WHITE,A4,CastellaBot
6035,WHITE,B2,CastellaBot
6036,WHITE,B4,CastellaBot
6037,WHITE,F2,CastellaBot
6038,WHITE,F7,CastellaBot
6039,WHITE,G2,CastellaBot
6040,WHITE,H2,CastellaBot
6041,BLACK,B4,Human
6042,WHITE,A5,CastellaBot
6043,WHITE,B3,CastellaBot
6044,WHITE,B5,CastellaBot
6045,WHITE,B6,CastellaBot
6046,WHITE,F7,CastellaBot
6047,WHITE,G2,CastellaBot
6048,WHITE,H2,CastellaBot
6049,BLACK,B5,Human
6050,WHITE,A6,CastellaBot
6051,WHITE,B4,CastellaBot
6052,WHITE,B6,CastellaBot
6053,BLACK,B6,Human
6054,WHITE,A7,CastellaBot
6055,WHITE,B5,CastellaBot
6056,BLACK,B7,Human
6057,WHITE,G2,CastellaBot
6058,BLACK,F7,Human
6059,WHITE,G2,CastellaBot
6060,BLACK,G7,Human
6061,WHITE,F7,CastellaBot
6062,WHITE,G7,CastellaBot
6063,BLACK,B3,Human
6064,WHITE,A2,CastellaBot
6065,WHITE,A4,CastellaBot
6066,WHITE,B2,CastellaBot
6067,WHITE,B4,CastellaBot
6068,WHITE,F2,CastellaBot
6069,WHITE,F7,CastellaBot
6070,WHITE,G2,CastellaBot
6071,WHITE,H2,CastellaBot
6072,BLACK,B4,Human
6073,WHITE,A5,CastellaBot
6074,WHITE,B3,CastellaBot
6075,WHITE,B5,CastellaBot
6076,WHITE,B6,CastellaBot
6077,WHITE,F7,CastellaBot
6078,WHITE,G2,CastellaBot
6079,WHITE,H2,CastellaBot
6080,BLACK,B5,Human
6081,WHITE,A6,CastellaBot
6082,WHITE,B4,CastellaBot
6083,WHITE,B6,CastellaBot
6084,BLACK,B6,Human
6085,WHITE,A6,CastellaBot
6086,BLACK,B7,Human
6087,WHITE,G2,CastellaBot
6088,BLACK,G6,Human
6089,WHITE,F7,CastellaBot
6090,WHITE,H2,CastellaBot
6091,BLACK,B2,Human
6092,WHITE,A2,CastellaBot
6093,WHITE,A3,CastellaBot
6094,WHITE,B3,CastellaBot
6095,WHITE,B4,CastellaBot
6096,WHITE,F7,CastellaBot
6097,WHITE,G6,CastellaBot
6098,WHITE,G7,CastellaBot
6099,WHITE,H7,CastellaBot
6100,BLACK,B3,Human
6101,WHITE,A2,CastellaBot
6102,WHITE,A4,CastellaBot
6103,WHITE,B2,CastellaBot
6104,WHITE,B4,CastellaBot
6105,WHITE,F2,CastellaBot
6106,WHITE,F7,CastellaBot
6107,WHITE,G2,CastellaBot
6108,WHITE,G6,CastellaBot
6109,WHITE,G7,CastellaBot
6110,WHITE,H7,CastellaBot
6111,BLACK,B4,Human
6112,WHITE,A5,CastellaBot
6113,WHITE,B3,CastellaBot
6114,WHITE,B5,CastellaBot
6115,WHITE,B6,CastellaBot
6116,WHITE,F7,CastellaBot
6117,WHITE,G6,CastellaBot
6118,WHITE,G7,CastellaBot
6119,WHITE,H7,CastellaBot
6120,BLACK,B5,Human
6121,WHITE,A6,CastellaBot
6122,WHITE,B4,CastellaBot
6123,WHITE,B6,CastellaBot
6124,WHITE,B7,CastellaBot
6125,WHITE,F7,CastellaBot
6126,WHITE,G6,CastellaBot
6127,WHITE,G7,CastellaBot
6128,WHITE,H7,CastellaBot
6129,BLACK,B6,Human
6130,WHITE,A7,CastellaBot
6131,WHITE,B5,CastellaBot
6132,WHITE,B7,CastellaBot
6133,WHITE,F7,CastellaBot
6134,WHITE,G7,CastellaBot
6135,WHITE,H7,CastellaBot
6136,BLACK,B7,Human
6137,WHITE,F7,CastellaBot
6138,BLACK,F2,Human
6139,WHITE,F7,CastellaBot
6140,BLACK,H1,Human
6141,WHITE,F7,CastellaBot
6142,WHITE,G6,CastellaBot
6143,WHITE,G7,CastellaBot
6144,WHITE,G6,CastellaBot
6145,BLACK,F7,Human
6146,WHITE,G2,CastellaBot
6147,BLACK,B3,Human
6148,WHITE,A4,CastellaBot
6149,WHITE,B2,CastellaBot
6150,WHITE,B4,CastellaBot
6151,WHITE,B5,CastellaBot
6152,WHITE,F2,CastellaBot
6153,WHITE,G7,CastellaBot
6154,WHITE,H2,CastellaBot
6155,WHITE,H7,CastellaBot
6156,BLACK,B4,Human
6157,WHITE,A5,CastellaBot
6158,WHITE,B3,CastellaBot
6159,BLACK,B5,Human
6160,WHITE,A6,CastellaBot
6161,WHITE,B4,CastellaBot
6162,WHITE,B6,CastellaBot
6163,BLACK,B6,Human
6164,WHITE,A7,CastellaBot
6165,WHITE,B5,CastellaBot
6166,BLACK,B7,Human
6167,WHITE,G7,CastellaBot
6168,BLACK,F2,Human
6169,WHITE,G1,CastellaBot
6170,WHITE,G7,CastellaBot
6171,WHITE,G8,CastellaBot
6172,WHITE,H2,CastellaBot
6173,WHITE,H7,CastellaBot
6174,BLACK,G1,Human
6175,WHITE,G7,CastellaBot
6176,BLACK,H2,Human
6177,WHITE,B7,CastellaBot
6178,WHITE,G7,CastellaBot
6179,BLACK,B3,Human
6180,WHITE,A2,CastellaBot
6181,WHITE,A4,CastellaBot
6182,WHITE,B2,CastellaBot
6183,WHITE,B4,CastellaBot
6184,WHITE,F2,CastellaBot
6185,WHITE,G2,CastellaBot
6186,WHITE,H2,CastellaBot
6187,BLACK,B4,Human
6188,WHITE,A5,CastellaBot
6189,WHITE,B3,CastellaBot
6190,WHITE,B5,CastellaBot
6191,WHITE,B6,CastellaBot
6192,WHITE,G2,CastellaBot
6193,WHITE,H2,CastellaBot
6194,BLACK,B5,Human
6195,WHITE,A6,CastellaBot
6196,WHITE,B4,CastellaBot
6197,WHITE,B6,CastellaBot
6198,BLACK,B6,Human
6199,WHITE,A7,CastellaBot
6200,WHITE,B5,CastellaBot
6201,WHITE,B7,CastellaBot
6202,WHITE,G2,CastellaBot
6203,WHITE,H2,CastellaBot
6204,WHITE,H7,CastellaBot
6205,BLACK,F2,Human
6206,WHITE,G1,CastellaBot
6207,WHITE,G2,CastellaBot
6208,WHITE,G8,CastellaBot
6209,WHITE,H2,CastellaBot
6210,BLACK,G8,Human
6211,WHITE,H2,CastellaBot
6212,WHITE,G8,CastellaBot
6213,BLACK,B3,Human
6214,WHITE,A2,CastellaBot
6215,WHITE,A4,CastellaBot
6216,WHITE,B2,CastellaBot
6217,WHITE,B4,CastellaBot
6218,WHITE,F2,CastellaBot
6219,WHITE,G2,CastellaBot
6220,WHITE,G7,CastellaBot
6221,WHITE,H2,CastellaBot
6222,WHITE,H7,CastellaBot
6223,BLACK,B4,Human
6224,WHITE,A5,CastellaBot
6225,WHITE,B3,CastellaBot
6226,WHITE,B5,CastellaBot
6227,WHITE,B6,CastellaBot
6228,WHITE,G2,CastellaBot
6229,WHITE,G7,CastellaBot
6230,WHITE,H2,CastellaBot
6231,WHITE,H7,CastellaBot
6232,BLACK,B5,Human
6233,WHITE,A6,CastellaBot
6234,WHITE,B4,CastellaBot
6235,WHITE,B6,CastellaBot
6236,BLACK,B6,Human
6237,WHITE,A7,CastellaBot
6238,WHITE,B5,CastellaBot
6239,WHITE,B7,CastellaBot
6240,WHITE,G2,CastellaBot
6241,WHITE,G7,CastellaBot
6242,WHITE,H2,CastellaBot
6243,WHITE,H7,CastellaBot
6244,BLACK,B7,Human
6245,WHITE,A7,CastellaBot
6246,BLACK,F2,Human
6247,WHITE,G1,CastellaBot
6248,WHITE,G2,CastellaBot
6249,WHITE,G7,CastellaBot
6250,WHITE,H2,CastellaBot
6251,WHITE,H7,CastellaBot
6252,BLACK,G7,Human
6253,WHITE,G2,CastellaBot
6254,BLACK,H8,Human
6255,WHITE,G2,CastellaBot
6256,WHITE,G7,CastellaBot
6257,WHITE,H2,CastellaBot
6258,WHITE,H7,CastellaBot
6259,WHITE,H2,CastellaBot
6260,BLACK,B3,Human
6261,WHITE,A4,CastellaBot
6262,WHITE,B2,CastellaBot
6263,WHITE,B4,CastellaBot
6264,WHITE,B5,CastellaBot
6265,WHITE,F2,CastellaBot
6266,WHITE,G2,CastellaBot
6267,WHITE,G7,CastellaBot
6268,WHITE,H7,CastellaBot
6269,BLACK,B4,Human
6270,WHITE,A5,CastellaBot
6271,WHITE,B3,CastellaBot
6272,WHITE,B5,CastellaBot
6273,WHITE,B6,CastellaBot
6274,WHITE,G7,CastellaBot
6275,WHITE,G8,CastellaBot
6276,WHITE,H7,CastellaBot
6277,BLACK,B5,Human
6278,WHITE,A6,CastellaBot
6279,WHITE,B4,CastellaBot
6280,WHITE,B6,CastellaBot
6281,WHITE,B7,CastellaBot
6282,WHITE,G7,CastellaBot
6283,WHITE,G8,CastellaBot
6284,WHITE,H7,CastellaBot
6285,BLACK,B6,Human
6286,WHITE,A7,CastellaBot
6287,WHITE,B5,CastellaBot
6288,WHITE,B7,CastellaBot
6289,WHITE,G7,CastellaBot
6290,WHITE,G8,CastellaBot
6291,WHITE,H7,CastellaBot
6292,BLACK,B7,Human
6293,WHITE,G7,CastellaBot
6294,BLACK,F2,Human
6295,WHITE,G1,CastellaBot
6296,WHITE,G2,CastellaBot
6297,WHITE,G7,CastellaBot
6298,WHITE,G8,CastellaBot
6299,WHITE,H7,CastellaBot
6300,BLACK,G2,Human
6301,WHITE,F2,CastellaBot
6302,WHITE,G7,CastellaBot
6303,BLACK,H1,Human
6304,WHITE,G7,CastellaBot
6305,WHITE,G8,CastellaBot
6306,WHITE,H7,CastellaBot
6307,WHITE,H7,CastellaBot
6308,BLACK,B3,Human
6309,WHITE,A4,CastellaBot
6310,WHITE,B2,CastellaBot
6311,WHITE,B4,CastellaBot
6312,WHITE,B5,CastellaBot
6313,WHITE,F2,CastellaBot
6314,WHITE,G2,CastellaBot
6315,WHITE,G7,CastellaBot
6316,WHITE,H2,CastellaBot
6317,BLACK,B4,Human
6318,WHITE,A5,CastellaBot
6319,WHITE,B3,CastellaBot
6320,WHITE,B5,CastellaBot
6321,WHITE,B6,CastellaBot
6322,WHITE,G2,CastellaBot
6323,WHITE,G7,CastellaBot
6324,WHITE,G8,CastellaBot
6325,WHITE,H2,CastellaBot
6326,BLACK,B5,Human
6327,WHITE,A6,CastellaBot
6328,WHITE,B4,CastellaBot
6329,WHITE,B6,CastellaBot
6330,WHITE,B7,CastellaBot
6331,WHITE,G2,CastellaBot
6332,WHITE,G7,CastellaBot
6333,WHITE,G8,CastellaBot
6334,WHITE,H2,CastellaBot
6335,BLACK,B6,Human
6336,WHITE,A7,CastellaBot
6337,WHITE,B5,CastellaBot
6338,WHITE,B7,CastellaBot
6339,WHITE,G2,CastellaBot
6340,WHITE,G7,CastellaBot
6341,WHITE,G8,CastellaBot
6342,WHITE,H2,CastellaBot
6343,BLACK,B7,Human
6344,WHITE,G2,CastellaBot
6345,WHITE,G8,CastellaBot
6346,BLACK,F2,Human
6347,WHITE,G1,CastellaBot
6348,WHITE,G2,CastellaBot
6349,WHITE,G7,CastellaBot
6350,WHITE,G8,CastellaBot
6351,WHITE,H2,CastellaBot
6352,BLACK,G7,Human
6353,WHITE,G8,CastellaBot
6354,BLACK,H8,Human
6355,WHITE,G2,CastellaBot
6356,WHITE,G7,CastellaBot
6357,WHITE,G8,CastellaBot
6358,WHITE,H2,CastellaBot
6359,WHITE,H2,CastellaBot
6360,BLACK,F2,Human
6361,WHITE,G1,CastellaBot
6362,BLACK,B2,Human
6363,WHITE,A2,CastellaBot
6364,WHITE,A3,CastellaBot
6365,WHITE,B3,CastellaBot
6366,WHITE,B4,CastellaBot
6367,WHITE,G2,CastellaBot
6368,WHITE,G7,CastellaBot
6369,WHITE,G8,CastellaBot
6370,WHITE,H7,CastellaBot
6371,BLACK,B3,Human
6372,WHITE,A4,CastellaBot
6373,WHITE,B2,CastellaBot
6374,WHITE,B4,CastellaBot
6375,WHITE,B5,CastellaBot
6376,WHITE,G2,CastellaBot
6377,WHITE,G7,CastellaBot
6378,WHITE,H7,CastellaBot
6379,BLACK,B4,Human
6380,WHITE,A4,CastellaBot
6381,WHITE,A5,CastellaBot
6382,WHITE,B3,CastellaBot
6383,WHITE,B5,CastellaBot
6384,WHITE,B6,CastellaBot
6385,WHITE,G2,CastellaBot
6386,WHITE,G7,CastellaBot
6387,WHITE,G8,CastellaBot
6388,WHITE,H7,CastellaBot
6389,BLACK,B5,Human
6390,WHITE,A5,CastellaBot
6391,WHITE,A6,CastellaBot
6392,WHITE,B4,CastellaBot
6393,WHITE,B6,CastellaBot
6394,WHITE,B7,CastellaBot
6395,WHITE,G2,CastellaBot
6396,WHITE,G7,CastellaBot
6397,WHITE,G8,CastellaBot
6398,WHITE,H7,CastellaBot
6399,BLACK,B6,Human
6400,WHITE,A7,CastellaBot
6401,WHITE,B5,CastellaBot
6402,WHITE,B7,CastellaBot
6403,WHITE,G2,CastellaBot
6404,WHITE,G7,CastellaBot
6405,WHITE,G8,CastellaBot
6406,WHITE,H7,CastellaBot
6407,BLACK,B7,Human
6408,WHITE,B6,CastellaBot
6409,WHITE,G2,CastellaBot
6410,WHITE,G7,CastellaBot
6411,WHITE,G8,CastellaBot
6412,WHITE,H7,CastellaBot
6413,BLACK,H1,Human
6414,WHITE,G2,CastellaBot
6415,WHITE,G7,CastellaBot
6416,WHITE,G8,CastellaBot
6417,WHITE,H7,CastellaBot
6418,WHITE,G2,CastellaBot
6419,BLACK,B2,Human
6420,WHITE,A2,CastellaBot
6421,WHITE,A3,CastellaBot
6422,WHITE,B3,CastellaBot
6423,WHITE,B4,CastellaBot
6424,WHITE,G7,CastellaBot
6425,WHITE,G8,CastellaBot
6426,WHITE,H7,CastellaBot
6427,BLACK,B3,Human
6428,WHITE,A4,CastellaBot
6429,WHITE,B2,CastellaBot
6430,WHITE,B4,CastellaBot
6431,WHITE,B5,CastellaBot
6432,WHITE,G7,CastellaBot
6433,WHITE,H7,CastellaBot
6434,BLACK,B4,Human
6435,WHITE,A4,CastellaBot
6436,BLACK,B5,Human
6437,WHITE,A5,CastellaBot
6438,BLACK,B6,Human
6439,WHITE,A7,CastellaBot
6440,WHITE,B5,CastellaBot
6441,WHITE,B7,CastellaBot
6442,WHITE,G7,CastellaBot
6443,WHITE,G8,CastellaBot
6444,WHITE,H7,CastellaBot
6445,BLACK,B7,Human
6446,WHITE,G7,CastellaBot
6447,BLACK,G1,Human
6448,WHITE,G7,CastellaBot
6449,BLACK,H1,Human
6450,WHITE,G7,CastellaBot
6451,WHITE,G8,CastellaBot
6452,WHITE,H7,CastellaBot
6453,WHITE,G7,CastellaBot
6454,BLACK,B2,Human
6455,WHITE,A3,CastellaBot
6456,WHITE,B3,CastellaBot
6457,WHITE,G1,CastellaBot
6458,WHITE,G2,CastellaBot
6459,WHITE,H7,CastellaBot
6460,BLACK,B3,Human
6461,WHITE,A2,CastellaBot
6462,WHITE,A4,CastellaBot
6463,WHITE,B2,CastellaBot
6464,WHITE,B4,CastellaBot
6465,WHITE,G1,CastellaBot
6466,WHITE,G2,CastellaBot
6467,WHITE,H7,CastellaBot
6468,BLACK,B4,Human
6469,WHITE,A4,CastellaBot
6470,WHITE,A5,CastellaBot
6471,WHITE,B3,CastellaBot
6472,WHITE,B5,CastellaBot
6473,WHITE,B6,CastellaBot
6474,WHITE,G1,CastellaBot
6475,WHITE,G2,CastellaBot
6476,WHITE,H7,CastellaBot
6477,BLACK,B5,Human
6478,WHITE,A5,CastellaBot
6479,WHITE,A6,CastellaBot
6480,WHITE,B4,CastellaBot
6481,WHITE,B6,CastellaBot
6482,WHITE,B7,CastellaBot
6483,WHITE,G1,CastellaBot
6484,WHITE,G2,CastellaBot
6485,WHITE,H7,CastellaBot
6486,BLACK,B6,Human
6487,WHITE,B4,CastellaBot
6488,WHITE,B5,CastellaBot
6489,WHITE,B7,CastellaBot
6490,WHITE,G2,CastellaBot
6491,WHITE,H7,CastellaBot
6492,BLACK,B7,Human
6493,WHITE,A7,CastellaBot
6494,WHITE,B5,CastellaBot
6495,BLACK,G8,Human
6496,WHITE,G1,CastellaBot
6497,BLACK,H1,Human
6498,WHITE,G1,CastellaBot
6499,WHITE,G2,CastellaBot
6500,BLACK,H7,Human
6501,WHITE,G1,CastellaBot
6502,WHITE,G8,CastellaBot
6503,BLACK,B2,Human
6504,WHITE,A3,CastellaBot
6505,WHITE,B3,CastellaBot
6506,WHITE,B4,CastellaBot
6507,WHITE,G1,CastellaBot
6508,WHITE,G2,CastellaBot
6509,WHITE,G7,CastellaBot
6510,WHITE,H7,CastellaBot
6511,BLACK,B3,Human
6512,WHITE,A2,CastellaBot
6513,WHITE,A4,CastellaBot
6514,WHITE,B2,CastellaBot
6515,WHITE,B4,CastellaBot
6516,WHITE,G1,CastellaBot
6517,WHITE,G2,CastellaBot
6518,WHITE,G7,CastellaBot
6519,WHITE,H7,CastellaBot
6520,BLACK,B4,Human
6521,WHITE,A4,CastellaBot
6522,WHITE,A5,CastellaBot
6523,WHITE,B3,CastellaBot
6524,WHITE,B5,CastellaBot
6525,WHITE,B6,CastellaBot
6526,WHITE,G1,CastellaBot
6527,WHITE,G2,CastellaBot
6528,WHITE,G7,CastellaBot
6529,WHITE,H7,CastellaBot
6530,BLACK,B5,Human
6531,WHITE,A5,CastellaBot
6532,WHITE,A6,CastellaBot
6533,WHITE,B4,CastellaBot
6534,WHITE,B6,CastellaBot
6535,WHITE,B7,CastellaBot
6536,WHITE,G1,CastellaBot
6537,WHITE,G2,CastellaBot
6538,WHITE,G7,CastellaBot
6539,WHITE,H7,CastellaBot
6540,BLACK,B6,Human
6541,WHITE,B5,CastellaBot
6542,WHITE,B7,CastellaBot
6543,WHITE,G2,CastellaBot
6544,WHITE,G7,CastellaBot
6545,WHITE,H7,CastellaBot
6546,BLACK,B7,Human
6547,WHITE,A7,CastellaBot
6548,WHITE,B6,CastellaBot
6549,WHITE,G1,CastellaBot
6550,WHITE,G2,CastellaBot
6551,WHITE,G7,CastellaBot
6552,WHITE,H7,CastellaBot
6553,BLACK,G7,Human
6554,WHITE,G1,CastellaBot
6555,WHITE,G2,CastellaBot
6556,BLACK,H1,Human
6557,WHITE,G1,CastellaBot
6558,WHITE,G2,CastellaBot
6559,WHITE,G7,CastellaBot
6560,WHITE,H7,CastellaBot
6561,BLACK,H8,Human
6562,WHITE,G1,CastellaBot
6563,WHITE,G2,CastellaBot
6564,WHITE,H7,CastellaBot
6565,BLACK,B2,Human
6566,WHITE,A3,CastellaBot
6567,WHITE,B3,CastellaBot
6568,WHITE,B4,CastellaBot
6569,WHITE,G1,CastellaBot
6570,WHITE,G2,CastellaBot
6571,WHITE,G7,CastellaBot
6572,WHITE,G8,CastellaBot
6573,BLACK,B3,Human
6574,WHITE,A3,CastellaBot
6575,BLACK,B4,Human
6576,WHITE,A4,CastellaBot
6577,BLACK,B5,Human
6578,WHITE,A5,CastellaBot
6579,WHITE,A6,CastellaBot
6580,WHITE,B6,CastellaBot
6581,BLACK,B6,Human
6582,WHITE,A6,CastellaBot
6583,BLACK,B7,Human
6584,WHITE,B6,CastellaBot
6585,WHITE,G1,CastellaBot
6586,WHITE,G2,CastellaBot
6587,WHITE,G7,CastellaBot
6588,WHITE,G8,CastellaBot
6589,BLACK,G7,Human
6590,WHITE,G1,CastellaBot
6591,WHITE,H7,CastellaBot
6592,BLACK,B2,Human
6593,WHITE,A3,CastellaBot
6594,BLACK,A2,Human
6595,WHITE,B3,CastellaBot
6596,WHITE,B4,CastellaBot
6597,WHITE,G1,CastellaBot
6598,WHITE,G2,CastellaBot
6599,WHITE,G7,CastellaBot
6600,WHITE,G8,CastellaBot
6601,BLACK,B3,Human
6602,WHITE,A4,CastellaBot
6603,WHITE,B4,CastellaBot
6604,WHITE,B5,CastellaBot
6605,WHITE,G1,CastellaBot
6606,WHITE,G2,CastellaBot
6607,WHITE,G7,CastellaBot
6608,BLACK,B4,Human
6609,WHITE,A4,CastellaBot
6610,WHITE,A5,CastellaBot
6611,WHITE,B3,CastellaBot
6612,WHITE,B5,CastellaBot
6613,WHITE,B6,CastellaBot
6614,WHITE,G1,CastellaBot
6615,WHITE,G2,CastellaBot
6616,WHITE,G7,CastellaBot
6617,WHITE,G8,CastellaBot
6618,BLACK,B5,Human
6619,WHITE,A5,CastellaBot
6620,WHITE,A6,CastellaBot
6621,WHITE,B3,CastellaBot
6622,WHITE,B4,CastellaBot
6623,WHITE,B6,CastellaBot
6624,WHITE,B7,CastellaBot
6625,WHITE,G1,CastellaBot
6626,WHITE,G2,CastellaBot
6627,WHITE,G7,CastellaBot
6628,WHITE,G8,CastellaBot
6629,BLACK,B6,Human
6630,WHITE,A6,CastellaBot
6631,BLACK,B7,Human
6632,WHITE,B3,CastellaBot
6633,WHITE,B4,CastellaBot
6634,WHITE,B6,CastellaBot
6635,WHITE,G1,CastellaBot
6636,WHITE,G2,CastellaBot
6637,WHITE,G7,CastellaBot
6638,BLACK,G7,Human
6639,WHITE,B3,CastellaBot
6640,WHITE,B3,CastellaBot
6641,BLACK,A2,Human
6642,WHITE,A3,CastellaBot
6643,WHITE,A4,CastellaBot
6644,WHITE,B4,CastellaBot
6645,WHITE,B5,CastellaBot
6646,WHITE,G1,CastellaBot
6647,WHITE,G2,CastellaBot
6648,WHITE,G7,CastellaBot
6649,BLACK,A3,Human
6650,WHITE,A2,CastellaBot
6651,WHITE,A4,CastellaBot
6652,WHITE,B4,CastellaBot
6653,WHITE,G1,CastellaBot
6654,WHITE,G2,CastellaBot
6655,WHITE,G7,CastellaBot
6656,WHITE,G8,CastellaBot
6657,BLACK,B4,Human
6658,WHITE,A4,CastellaBot
6659,WHITE,A5,CastellaBot
6660,WHITE,B5,CastellaBot
6661,WHITE,B6,CastellaBot
6662,WHITE,G1,CastellaBot
6663,WHITE,G2,CastellaBot
6664,WHITE,G7,CastellaBot
6665,BLACK,B5,Human
6666,WHITE,A5,CastellaBot
6667,WHITE,A6,CastellaBot
6668,WHITE,B4,CastellaBot
6669,WHITE,B6,CastellaBot
6670,WHITE,B7,CastellaBot
6671,WHITE,G1,CastellaBot
6672,WHITE,G2,CastellaBot
6673,WHITE,G7,CastellaBot
6674,WHITE,G8,CastellaBot
6675,BLACK,B6,Human
6676,WHITE,A6,CastellaBot
6677,BLACK,B7,Human
6678,WHITE,B6,CastellaBot
6679,BLACK,G7,Human
6680,WHITE,G1,CastellaBot
6681,WHITE,B4,CastellaBot
6682,BLACK,A3,Human
6683,WHITE,A2,CastellaBot
6684,WHITE,A4,CastellaBot
6685,WHITE,A5,CastellaBot
6686,WHITE,B3,CastellaBot
6687,WHITE,B5,CastellaBot
6688,WHITE,B6,CastellaBot
6689,WHITE,G1,CastellaBot
6690,WHITE,G2,CastellaBot
6691,WHITE,G7,CastellaBot
6692,WHITE,G8,CastellaBot
6693,BLACK,A4,Human
6694,WHITE,A2,CastellaBot
6695,WHITE,A3,CastellaBot
6696,WHITE,A5,CastellaBot
6697,WHITE,B3,CastellaBot
6698,WHITE,B5,CastellaBot
6699,WHITE,G1,CastellaBot
6700,WHITE,G2,CastellaBot
6701,BLACK,B3,Human
6702,WHITE,A2,CastellaBot
6703,WHITE,A3,CastellaBot
6704,WHITE,A4,CastellaBot
6705,WHITE,B5,CastellaBot
6706,WHITE,G1,CastellaBot
6707,WHITE,G2,CastellaBot
6708,WHITE,G7,CastellaBot
6709,BLACK,B5,Human
6710,WHITE,A2,CastellaBot
6711,WHITE,A3,CastellaBot
6712,WHITE,A5,CastellaBot
6713,WHITE,A6,CastellaBot
6714,WHITE,B3,CastellaBot
6715,WHITE,B6,CastellaBot
6716,WHITE,B7,CastellaBot
6717,WHITE,G1,CastellaBot
6718,WHITE,G2,CastellaBot
6719,WHITE,G7,CastellaBot
6720,WHITE,G8,CastellaBot
6721,BLACK,B6,Human
6722,WHITE,A2,CastellaBot
6723,WHITE,A3,CastellaBot
6724,WHITE,A6,CastellaBot
6725,BLACK,B7,Human
6726,WHITE,A2,CastellaBot
6727,WHITE,A3,CastellaBot
6728,WHITE,B3,CastellaBot
6729,WHITE,B6,CastellaBot
6730,BLACK,G7,Human
6731,WHITE,A2,CastellaBot
6732,WHITE,A3,CastellaBot
6733,WHITE,G1,CastellaBot
6734,BLACK,B3,Human
6735,WHITE,A2,CastellaBot
6736,WHITE,A3,CastellaBot
6737,WHITE,A4,CastellaBot
6738,WHITE,B4,CastellaBot
6739,WHITE,B5,CastellaBot
6740,WHITE,G2,CastellaBot
6741,WHITE,G7,CastellaBot
6742,BLACK,B4,Human
6743,WHITE,A2,CastellaBot
6744,WHITE,A3,CastellaBot
6745,WHITE,A4,CastellaBot
6746,BLACK,B5,Human
6747,WHITE,A2,CastellaBot
6748,WHITE,A3,CastellaBot
6749,WHITE,A5,CastellaBot
6750,WHITE,A6,CastellaBot
6751,WHITE,B3,CastellaBot
6752,WHITE,B4,CastellaBot
6753,BLACK,B6,Human
6754,WHITE,A2,CastellaBot
6755,WHITE,A3,CastellaBot
6756,WHITE,A6,CastellaBot
6757,BLACK,B7,Human
6758,WHITE,A2,CastellaBot
6759,WHITE,A3,CastellaBot
6760,WHITE,B3,CastellaBot
6761,WHITE,B4,CastellaBot
6762,WHITE,B6,CastellaBot
6763,WHITE,G2,CastellaBot
6764,WHITE,G7,CastellaBot
6765,WHITE,G8,CastellaBot
6766,BLACK,G2,Human
6767,WHITE,A2,CastellaBot
6768,WHITE,A3,CastellaBot
6769,WHITE,B3,CastellaBot
6770,BLACK,G7,Human
6771,WHITE,A2,CastellaBot
6772,WHITE,A3,CastellaBot
6773,WHITE,B3,CastellaBot
6774,WHITE,G2,CastellaBot
6775,BLACK,B3,Human
6776,WHITE,A2,CastellaBot
6777,WHITE,A3,CastellaBot
6778,WHITE,A4,CastellaBot
6779,WHITE,B4,CastellaBot
6780,WHITE,B5,CastellaBot
6781,WHITE,G1,CastellaBot
6782,WHITE,G7,CastellaBot
6783,BLACK,B4,Human
6784,WHITE,A2,CastellaBot
6785,WHITE,A3,CastellaBot
6786,WHITE,A4,CastellaBot
6787,BLACK,B5,Human
6788,WHITE,A2,CastellaBot
6789,WHITE,A3,CastellaBot
6790,WHITE,A5,CastellaBot
6791,WHITE,A6,CastellaBot
6792,WHITE,B3,CastellaBot
6793,WHITE,B4,CastellaBot
6794,BLACK,B6,Human
6795,WHITE,A2,CastellaBot
6796,WHITE,A3,CastellaBot
6797,WHITE,A6,CastellaBot
6798,BLACK,B7,Human
6799,WHITE,A2,CastellaBot
6800,WHITE,A3,CastellaBot
6801,WHITE,B3,CastellaBot
6802,WHITE,G7,CastellaBot
6803,BLACK,A2,Human
6804,WHITE,A3,CastellaBot
6805,WHITE,B3,CastellaBot
6806,WHITE,G1,CastellaBot
6807,WHITE,G2,CastellaBot
6808,BLACK,B3,Human
6809,WHITE,A2,CastellaBot
6810,WHITE,A3,CastellaBot
6811,WHITE,A4,CastellaBot
6812,WHITE,B4,CastellaBot
6813,WHITE,G1,CastellaBot
6814,WHITE,G2,CastellaBot
6815,BLACK,B4,Human
6816,WHITE,A4,CastellaBot
6817,WHITE,A5,CastellaBot
6818,WHITE,B3,CastellaBot
6819,WHITE,B5,CastellaBot
6820,WHITE,B6,CastellaBot
6821,WHITE,G1,CastellaBot
6822,WHITE,G2,CastellaBot
6823,BLACK,B5,Human
6824,WHITE,A5,CastellaBot
6825,WHITE,A6,CastellaBot
6826,BLACK,B6,Human
6827,WHITE,A6,CastellaBot
6828,BLACK,B7,Human
6829,WHITE,A7,CastellaBot
6830,WHITE,B3,CastellaBot
6831,BLACK,G8,Human
6832,WHITE,B3,CastellaBot
6833,WHITE,G8,CastellaBot
6834,BLACK,B4,Human
6835,WHITE,A3,CastellaBot
6836,WHITE,A4,CastellaBot
6837,WHITE,A5,CastellaBot
6838,WHITE,B3,CastellaBot
6839,WHITE,B5,CastellaBot
6840,WHITE,B6,CastellaBot
6841,WHITE,G1,CastellaBot
6842,WHITE,G2,CastellaBot
6843,WHITE,G7,CastellaBot
6844,BLACK,B5,Human
6845,WHITE,A3,CastellaBot
6846,WHITE,A5,CastellaBot
6847,WHITE,A6,CastellaBot
6848,WHITE,B3,CastellaBot
6849,WHITE,B4,CastellaBot
6850,WHITE,B6,CastellaBot
6851,WHITE,B7,CastellaBot
6852,WHITE,G1,CastellaBot
6853,WHITE,G2,CastellaBot
6854,WHITE,G7,CastellaBot
6855,BLACK,B6,Human
6856,WHITE,A3,CastellaBot
6857,WHITE,A6,CastellaBot
6858,BLACK,B7,Human
6859,WHITE,A3,CastellaBot
6860,WHITE,A7,CastellaBot
6861,WHITE,B3,CastellaBot
6862,WHITE,B4,CastellaBot
6863,BLACK,G7,Human
6864,WHITE,A3,CastellaBot
6865,WHITE,B3,CastellaBot
6866,WHITE,B4,CastellaBot
6867,BLACK,H8,Human
6868,WHITE,A3,CastellaBot
6869,WHITE,B3,CastellaBot
6870,WHITE,B4,CastellaBot
6871,WHITE,G1,CastellaBot
6872,WHITE,G2,CastellaBot
6873,WHITE,G7,CastellaBot
6874,WHITE,G2,CastellaBot
6875,BLACK,B7,Human
6876,WHITE,A2,CastellaBot
6877,BLACK,B3,Human
6878,WHITE,A3,CastellaBot
6879,WHITE,A4,CastellaBot
6880,WHITE,B4,CastellaBot
6881,WHITE,B5,CastellaBot
6882,WHITE,G7,CastellaBot
6883,WHITE,G8,CastellaBot
6884,BLACK,B4,Human
6885,WHITE,A4,CastellaBot
6886,WHITE,A5,CastellaBot
6887,WHITE,B3,CastellaBot
6888,WHITE,B5,CastellaBot
6889,WHITE,B6,CastellaBot
6890,WHITE,G7,CastellaBot
6891,WHITE,G8,CastellaBot
6892,BLACK,B5,Human
6893,WHITE,A5,CastellaBot
6894,WHITE,A6,CastellaBot
6895,WHITE,B3,CastellaBot
6896,WHITE,B4,CastellaBot
6897,WHITE,B6,CastellaBot
6898,WHITE,G7,CastellaBot
6899,WHITE,G8,CastellaBot
6900,BLACK,B6,Human
6901,WHITE,A6,CastellaBot
6902,BLACK,G1,Human
6903,WHITE,B3,CastellaBot
6904,WHITE,B4,CastellaBot
6905,WHITE,G7,CastellaBot
6906,BLACK,H1,Human
6907,WHITE,B3,CastellaBot
6908,WHITE,B4,CastellaBot
6909,WHITE,B6,CastellaBot
6910,WHITE,G1,CastellaBot
6911,WHITE,G7,CastellaBot
6912,WHITE,G8,CastellaBot
6913,WHITE,A3,CastellaBot
6914,BLACK,A2,Human
6915,WHITE,B3,CastellaBot
6916,WHITE,B4,CastellaBot
6917,WHITE,G1,CastellaBot
6918,WHITE,G7,CastellaBot
6919,WHITE,G8,CastellaBot
6920,BLACK,B3,Human
6921,WHITE,A4,CastellaBot
6922,WHITE,B4,CastellaBot
6923,WHITE,B5,CastellaBot
6924,WHITE,G1,CastellaBot
6925,WHITE,G7,CastellaBot
6926,BLACK,B4,Human
6927,WHITE,A4,CastellaBot
6928,WHITE,A5,CastellaBot
6929,WHITE,B3,CastellaBot
6930,WHITE,B5,CastellaBot
6931,WHITE,B6,CastellaBot
6932,WHITE,G1,CastellaBot
6933,WHITE,G7,CastellaBot
6934,BLACK,B5,Human
6935,WHITE,A5,CastellaBot
6936,WHITE,A6,CastellaBot
6937,WHITE,B3,CastellaBot
6938,WHITE,B4,CastellaBot
6939,WHITE,B6,CastellaBot
6940,WHITE,G1,CastellaBot
6941,WHITE,G7,CastellaBot
6942,WHITE,G8,CastellaBot
6943,BLACK,B6,Human
6944,WHITE,A6,CastellaBot
6945,BLACK,H1,Human
6946,WHITE,B3,CastellaBot
6947,WHITE,B4,CastellaBot
6948,WHITE,B6,CastellaBot
6949,WHITE,G1,CastellaBot
6950,WHITE,G7,CastellaBot
6951,WHITE,G8,CastellaBot
6952,WHITE,B3,CastellaBot
6953,BLACK,A2,Human
6954,WHITE,A3,CastellaBot
6955,WHITE,A4,CastellaBot
6956,WHITE,B4,CastellaBot
6957,WHITE,B5,CastellaBot
6958,WHITE,G1,CastellaBot
6959,WHITE,G7,CastellaBot
6960,BLACK,B4,Human
6961,WHITE,A4,CastellaBot
6962,WHITE,A5,CastellaBot
6963,WHITE,B5,CastellaBot
6964,WHITE,B6,CastellaBot
6965,WHITE,G1,CastellaBot
6966,WHITE,G7,CastellaBot
6967,WHITE,G8,CastellaBot
6968,BLACK,B5,Human
6969,WHITE,A5,CastellaBot
6970,WHITE,A6,CastellaBot
6971,WHITE,B4,CastellaBot
6972,WHITE,B6,CastellaBot
6973,WHITE,G1,CastellaBot
6974,WHITE,G7,CastellaBot
6975,WHITE,G8,CastellaBot
6976,BLACK,B6,Human
6977,WHITE,A6,CastellaBot
6978,BLACK,H1,Human
6979,WHITE,B6,CastellaBot
6980,WHITE,G1,CastellaBot
6981,WHITE,G7,CastellaBot
6982,WHITE,G8,CastellaBot
6983,WHITE,B4,CastellaBot
6984,BLACK,A3,Human
6985,WHITE,A2,CastellaBot
6986,WHITE,A4,CastellaBot
6987,WHITE,A5,CastellaBot
6988,WHITE,B3,CastellaBot
6989,WHITE,B5,CastellaBot
6990,WHITE,B6,CastellaBot
6991,WHITE,G1,CastellaBot
6992,WHITE,G7,CastellaBot
6993,WHITE,G8,CastellaBot
6994,BLACK,A4,Human
6995,WHITE,A2,CastellaBot
6996,WHITE,A3,CastellaBot
6997,WHITE,A5,CastellaBot
6998,WHITE,B3,CastellaBot
6999,WHITE,B5,CastellaBot
7000,BLACK,B3,Human
7001,WHITE,A2,CastellaBot
7002,WHITE,A3,CastellaBot
7003,WHITE,A4,CastellaBot
7004,WHITE,B5,CastellaBot
7005,WHITE,G1,CastellaBot
7006,WHITE,G7,CastellaBot
7007,BLACK,B5,Human
7008,WHITE,A2,CastellaBot
7009,WHITE,A3,CastellaBot
7010,WHITE,A5,CastellaBot
7011,WHITE,A6,CastellaBot
7012,WHITE,B3,CastellaBot
7013,WHITE,B6,CastellaBot
7014,WHITE,G1,CastellaBot
7015,WHITE,G7,CastellaBot
7016,WHITE,G8,CastellaBot
7017,BLACK,B6,Human
7018,WHITE,A2,CastellaBot
7019,WHITE,A3,CastellaBot
7020,WHITE,A6,CastellaBot
7021,BLACK,H1,Human
7022,WHITE,A2,CastellaBot
7023,WHITE,A3,CastellaBot
7024,WHITE,B3,CastellaBot
7025,WHITE,B6,CastellaBot
7026,WHITE,G1,CastellaBot
7027,WHITE,G7,CastellaBot
7028,WHITE,G8,CastellaBot
7029,WHITE,G1,CastellaBot
7030,BLACK,B3,Human
7031,WHITE,A2,CastellaBot
7032,WHITE,A3,CastellaBot
7033,WHITE,A4,CastellaBot
7034,WHITE,B4,CastellaBot
7035,WHITE,B5,CastellaBot
7036,WHITE,G7,CastellaBot
7037,BLACK,B4,Human
7038,WHITE,A2,CastellaBot
7039,WHITE,A3,CastellaBot
7040,WHITE,A4,CastellaBot
7041,BLACK,B5,Human
7042,WHITE,A2,CastellaBot
7043,WHITE,A3,CastellaBot
7044,WHITE,A5,CastellaBot
7045,WHITE,A6,CastellaBot
7046,WHITE,B3,CastellaBot
7047,WHITE,B4,CastellaBot
7048,BLACK,B6,Human
7049,WHITE,A2,CastellaBot
7050,WHITE,A3,CastellaBot
7051,WHITE,A6,CastellaBot
7052,BLACK,H1,Human
7053,WHITE,A2,CastellaBot
7054,WHITE,A3,CastellaBot
7055,WHITE,B3,CastellaBot
7056,WHITE,B4,CastellaBot
7057,WHITE,B6,CastellaBot
7058,WHITE,G7,CastellaBot
7059,WHITE,G8,CastellaBot
7060,WHITE,G7,CastellaBot
7061,BLACK,A2,Human
7062,WHITE,A3,CastellaBot
7063,WHITE,A7,CastellaBot
7064,WHITE,B3,CastellaBot
7065,WHITE,G1,CastellaBot
7066,WHITE,G8,CastellaBot
7067,BLACK,B3,Human
7068,WHITE,A3,CastellaBot
7069,WHITE,A4,CastellaBot
7070,WHITE,A7,CastellaBot
7071,WHITE,B4,CastellaBot
7072,WHITE,B5,CastellaBot
7073,WHITE,G1,CastellaBot
7074,BLACK,B4,Human
7075,WHITE,A4,CastellaBot
7076,WHITE,A5,CastellaBot
7077,WHITE,A7,CastellaBot
7078,WHITE,B3,CastellaBot
7079,WHITE,B5,CastellaBot
7080,WHITE,B6,CastellaBot
7081,WHITE,G1,CastellaBot
7082,WHITE,G8,CastellaBot
7083,BLACK,B5,Human
7084,WHITE,A5,CastellaBot
7085,WHITE,A6,CastellaBot
7086,BLACK,B6,Human
7087,WHITE,A6,CastellaBot
7088,BLACK,H1,Human
7089,WHITE,A7,CastellaBot
7090,WHITE,B3,CastellaBot
7091,WHITE,B6,CastellaBot
7092,WHITE,G1,CastellaBot
7093,WHITE,G8,CastellaBot
7094,WHITE,G8,CastellaBot
7095,BLACK,B4,Human
7096,WHITE,A2,CastellaBot
7097,WHITE,A3,CastellaBot
7098,WHITE,A4,CastellaBot
7099,WHITE,A5,CastellaBot
7100,WHITE,A7,CastellaBot
7101,WHITE,B3,CastellaBot
7102,WHITE,B5,CastellaBot
7103,WHITE,B6,CastellaBot
7104,WHITE,G1,CastellaBot
7105,WHITE,G7,CastellaBot
7106,BLACK,B5,Human
7107,WHITE,A2,CastellaBot
7108,WHITE,A3,CastellaBot
7109,WHITE,A5,CastellaBot
7110,WHITE,A6,CastellaBot
7111,WHITE,A7,CastellaBot
7112,WHITE,B3,CastellaBot
7113,WHITE,B4,CastellaBot
7114,WHITE,B6,CastellaBot
7115,WHITE,G1,CastellaBot
7116,WHITE,G7,CastellaBot
7117,BLACK,B6,Human
7118,WHITE,A2,CastellaBot
7119,WHITE,A3,CastellaBot
7120,WHITE,A6,CastellaBot
7121,BLACK,G7,Human
7122,WHITE,A2,CastellaBot
7123,WHITE,A3,CastellaBot
7124,WHITE,A7,CastellaBot
7125,WHITE,B3,CastellaBot
7126,BLACK,H1,Human
7127,WHITE,A2,CastellaBot
7128,WHITE,A3,CastellaBot
7129,WHITE,A7,CastellaBot
7130,WHITE,B3,CastellaBot
7131,WHITE,B4,CastellaBot
7132,WHITE,B6,CastellaBot
7133,WHITE,G1,CastellaBot
7134,WHITE,G7,CastellaBot
7135,BLACK,H8,Human
7136,WHITE,A2,CastellaBot
7137,WHITE,A3,CastellaBot
7138,WHITE,A7,CastellaBot
7139,WHITE,B3,CastellaBot
7140,WHITE,B4,CastellaBot
7141,BLACK,H1,Human
7142,WHITE,A2,CastellaBot
7143,BLACK,A3,Human
7144,WHITE,A4,CastellaBot
7145,WHITE,A5,CastellaBot
7146,WHITE,B5,CastellaBot
7147,WHITE,B6,CastellaBot
7148,WHITE,G1,CastellaBot
7149,WHITE,G7,CastellaBot
7150,WHITE,G8,CastellaBot
7151,BLACK,A4,Human
7152,WHITE,A3,CastellaBot
7153,WHITE,A5,CastellaBot
7154,WHITE,B3,CastellaBot
7155,WHITE,B5,CastellaBot
7156,WHITE,B6,CastellaBot
7157,WHITE,G1,CastellaBot
7158,WHITE,G7,CastellaBot
7159,WHITE,G8,CastellaBot
7160,BLACK,B3,Human
7161,WHITE,A3,CastellaBot
7162,BLACK,B5,Human
7163,WHITE,A5,CastellaBot
7164,WHITE,A6,CastellaBot
7165,WHITE,B3,CastellaBot
7166,WHITE,B6,CastellaBot
7167,WHITE,G1,CastellaBot
7168,WHITE,G7,CastellaBot
7169,WHITE,G8,CastellaBot
7170,BLACK,B6,Human
7171,WHITE,A6,CastellaBot
7172,BLACK,G7,Human
7173,WHITE,A7,CastellaBot
7174,WHITE,B6,CastellaBot
7175,BLACK,H8,Human
7176,WHITE,B6,CastellaBot
7177,WHITE,G1,CastellaBot
7178,WHITE,G7,CastellaBot
7179,WHITE,G8,CastellaBot
7180,WHITE,A3,CastellaBot
7181,BLACK,A2,Human
7182,WHITE,B3,CastellaBot
7183,WHITE,B6,CastellaBot
7184,WHITE,G1,CastellaBot
7185,WHITE,G7,CastellaBot
7186,WHITE,G8,CastellaBot
7187,BLACK,A4,Human
7188,WHITE,A5,CastellaBot
7189,WHITE,B3,CastellaBot
7190,WHITE,B5,CastellaBot
7191,WHITE,B6,CastellaBot
7192,WHITE,G1,CastellaBot
7193,WHITE,G7,CastellaBot
7194,WHITE,G8,CastellaBot
7195,BLACK,B3,Human
7196,WHITE,A2,CastellaBot
7197,WHITE,A4,CastellaBot
7198,WHITE,B5,CastellaBot
7199,WHITE,B6,CastellaBot
7200,WHITE,G1,CastellaBot
7201,WHITE,G7,CastellaBot
7202,WHITE,G8,CastellaBot
7203,BLACK,B5,Human
7204,WHITE,A5,CastellaBot
7205,BLACK,B6,Human
7206,WHITE,A6,CastellaBot
7207,BLACK,G7,Human
7208,WHITE,A7,CastellaBot
7209,WHITE,B3,CastellaBot
7210,BLACK,H8,Human
7211,WHITE,B3,CastellaBot
7212,WHITE,B6,CastellaBot
7213,WHITE,G1,CastellaBot
7214,WHITE,G7,CastellaBot
7215,WHITE,G8,CastellaBot
7216,WHITE,B3,CastellaBot
7217,BLACK,A2,Human
7218,WHITE,A3,CastellaBot
7219,WHITE,A4,CastellaBot
7220,WHITE,B5,CastellaBot
7221,WHITE,B6,CastellaBot
7222,WHITE,G1,CastellaBot
7223,WHITE,G7,CastellaBot
7224,WHITE,G8,CastellaBot
7225,BLACK,A3,Human
7226,WHITE,A2,CastellaBot
7227,WHITE,A4,CastellaBot
7228,WHITE,A5,CastellaBot
7229,WHITE,B5,CastellaBot
7230,WHITE,B6,CastellaBot
7231,WHITE,G1,CastellaBot
7232,WHITE,G7,CastellaBot
7233,WHITE,G8,CastellaBot
7234,BLACK,A4,Human
7235,WHITE,A3,CastellaBot
7236,BLACK,B5,Human
7237,WHITE,A5,CastellaBot
7238,BLACK,B6,Human
7239,WHITE,A6,CastellaBot
7240,BLACK,G7,Human
7241,WHITE,A7,CastellaBot
7242,WHITE,B6,CastellaBot
7243,BLACK,H8,Human
7244,WHITE,B6,CastellaBot
7245,WHITE,G1,CastellaBot
7246,WHITE,G7,CastellaBot
7247,WHITE,G8,CastellaBot
7248,WHITE,B6,CastellaBot
7249,BLACK,A3,Human
7250,WHITE,A2,CastellaBot
7251,WHITE,A4,CastellaBot
7252,WHITE,A5,CastellaBot
7253,WHITE,B3,CastellaBot
7254,WHITE,B5,CastellaBot
7255,WHITE,G1,CastellaBot
7256,WHITE,G7,CastellaBot
7257,WHITE,G8,CastellaBot
7258,BLACK,A4,Human
7259,WHITE,A2,CastellaBot
7260,WHITE,A3,CastellaBot
7261,WHITE,A5,CastellaBot
7262,WHITE,B3,CastellaBot
7263,WHITE,B5,CastellaBot
7264,BLACK,A5,Human
7265,WHITE,A2,CastellaBot
7266,WHITE,A3,CastellaBot
7267,WHITE,A6,CastellaBot
7268,BLACK,A6,Human
7269,WHITE,A2,CastellaBot
7270,WHITE,A3,CastellaBot
7271,WHITE,A7,CastellaBot
7272,WHITE,B3,CastellaBot
7273,WHITE,G1,CastellaBot
7274,WHITE,G7,CastellaBot
7275,WHITE,G8,CastellaBot
7276,BLACK,A7,Human
7277,WHITE,A2,CastellaBot
7278,WHITE,A3,CastellaBot
7279,BLACK,B3,Human
7280,WHITE,A2,CastellaBot
7281,WHITE,A3,CastellaBot
7282,BLACK,B5,Human
7283,WHITE,A2,CastellaBot
7284,WHITE,A3,CastellaBot
7285,WHITE,A5,CastellaBot
7286,BLACK,G7,Human
7287,WHITE,A2,CastellaBot
7288,WHITE,A3,CastellaBot
7289,BLACK,H8,Human
7290,WHITE,A2,CastellaBot
7291,WHITE,A3,CastellaBot
7292,WHITE,B3,CastellaBot
7293,WHITE,G1,CastellaBot
7294,WHITE,G7,CastellaBot
7295,WHITE,G8,CastellaBot
7296,WHITE,G1,CastellaBot
7297,BLACK,A3,Human
7298,WHITE,A2,CastellaBot
7299,WHITE,A4,CastellaBot
7300,WHITE,A5,CastellaBot
7301,WHITE,B3,CastellaBot
7302,WHITE,B5,CastellaBot
7303,WHITE,B6,CastellaBot
7304,WHITE,G7,CastellaBot
7305,WHITE,G8,CastellaBot
7306,BLACK,A4,Human
7307,WHITE,A2,CastellaBot
7308,WHITE,A3,CastellaBot
7309,WHITE,A5,CastellaBot
7310,WHITE,B3,CastellaBot
7311,WHITE,B5,CastellaBot
7312,WHITE,B6,CastellaBot
7313,WHITE,G7,CastellaBot
7314,WHITE,G8,CastellaBot
7315,BLACK,B3,Human
7316,WHITE,A2,CastellaBot
7317,WHITE,A3,CastellaBot
7318,WHITE,A4,CastellaBot
7319,WHITE,B5,CastellaBot
7320,WHITE,B6,CastellaBot
7321,WHITE,G7,CastellaBot
7322,WHITE,G8,CastellaBot
7323,BLACK,B5,Human
7324,WHITE,A2,CastellaBot
7325,WHITE,A3,CastellaBot
7326,WHITE,A5,CastellaBot
7327,BLACK,B6,Human
7328,WHITE,A2,CastellaBot
7329,WHITE,A3,CastellaBot
7330,WHITE,A6,CastellaBot
7331,BLACK,H8,Human
7332,WHITE,A2,CastellaBot
7333,WHITE,A3,CastellaBot
7334,WHITE,B3,CastellaBot
7335,WHITE,B6,CastellaBot
7336,WHITE,G7,CastellaBot
7337,WHITE,G8,CastellaBot
7338,WHITE,G7,CastellaBot
7339,BLACK,A3,Human
7340,WHITE,A2,CastellaBot
7341,WHITE,A4,CastellaBot
7342,WHITE,A5,CastellaBot
7343,WHITE,A7,CastellaBot
7344,WHITE,B3,CastellaBot
7345,WHITE,B5,CastellaBot
7346,WHITE,B6,CastellaBot
7347,WHITE,G1,CastellaBot
7348,WHITE,G8,CastellaBot
7349,BLACK,A4,Human
7350,WHITE,A2,CastellaBot
7351,WHITE,A3,CastellaBot
7352,WHITE,A5,CastellaBot
7353,WHITE,A7,CastellaBot
7354,WHITE,B3,CastellaBot
7355,WHITE,B5,CastellaBot
7356,WHITE,B6,CastellaBot
7357,WHITE,G1,CastellaBot
7358,WHITE,G8,CastellaBot
7359,BLACK,B3,Human
7360,WHITE,A2,CastellaBot
7361,WHITE,A3,CastellaBot
7362,BLACK,B5,Human
7363,WHITE,A2,CastellaBot
7364,WHITE,A3,CastellaBot
7365,WHITE,A5,CastellaBot
7366,WHITE,A6,CastellaBot
7367,BLACK,B6,Human
7368,WHITE,A2,CastellaBot
7369,WHITE,A3,CastellaBot
7370,WHITE,A6,CastellaBot
7371,BLACK,G8,Human
7372,WHITE,A2,CastellaBot
7373,WHITE,A3,CastellaBot
7374,BLACK,H8,Human
7375,WHITE,A2,CastellaBot
7376,WHITE,A3,CastellaBot
7377,WHITE,B3,CastellaBot
7378,WHITE,B6,CastellaBot
7379,WHITE,G1,CastellaBot
7380,WHITE,G8,CastellaBot
7381,WHITE,G8,CastellaBot
7382,BLACK,A3,Human
7383,WHITE,A2,CastellaBot
7384,WHITE,A4,CastellaBot
7385,WHITE,A5,CastellaBot
7386,WHITE,A7,CastellaBot
7387,WHITE,B3,CastellaBot
7388,WHITE,B5,CastellaBot
7389,WHITE,B6,CastellaBot
7390,WHITE,G1,CastellaBot
7391,WHITE,G7,CastellaBot
7392,BLACK,A4,Human
7393,WHITE,A2,CastellaBot
7394,WHITE,A3,CastellaBot
7395,WHITE,A5,CastellaBot
7396,WHITE,A7,CastellaBot
7397,WHITE,B3,CastellaBot
7398,WHITE,B5,CastellaBot
7399,WHITE,B6,CastellaBot
7400,WHITE,G1,CastellaBot
7401,WHITE,G7,CastellaBot
7402,BLACK,B3,Human
7403,WHITE,A2,CastellaBot
7404,WHITE,A3,CastellaBot
7405,WHITE,A4,CastellaBot
7406,WHITE,A7,CastellaBot
7407,WHITE,B5,CastellaBot
7408,WHITE,B6,CastellaBot
7409,WHITE,G1,CastellaBot
7410,WHITE,G7,CastellaBot
7411,BLACK,B5,Human
7412,WHITE,A2,CastellaBot
7413,WHITE,A3,CastellaBot
7414,WHITE,A5,CastellaBot
7415,BLACK,B6,Human
7416,WHITE,A2,CastellaBot
7417,WHITE,A3,CastellaBot
7418,WHITE,A6,CastellaBot
7419,BLACK,G7,Human
7420,WHITE,A2,CastellaBot
7421,WHITE,A3,CastellaBot
7422,WHITE,A7,CastellaBot
7423,WHITE,B3,CastellaBot
7424,WHITE,B6,CastellaBot
7425,BLACK,H8,Human
7426,WHITE,A2,CastellaBot
7427,WHITE,A3,CastellaBot
7428,WHITE,A7,CastellaBot
7429,WHITE,B3,CastellaBot
7430,WHITE,B6,CastellaBot
7431,WHITE,G1,CastellaBot
7432,WHITE,G7,CastellaBot
7433,WHITE,B6,CastellaBot
7434,BLACK,H8,Human
7435,WHITE,A2,CastellaBot
7436,BLACK,A3,Human
7437,WHITE,A4,CastellaBot
7438,WHITE,A5,CastellaBot
7439,WHITE,B5,CastellaBot
7440,WHITE,G1,CastellaBot
7441,WHITE,G7,CastellaBot
7442,WHITE,G8,CastellaBot
7443,BLACK,A4,Human
7444,WHITE,A3,CastellaBot
7445,BLACK,A5,Human
7446,WHITE,A6,CastellaBot
7447,BLACK,A6,Human
7448,WHITE,A7,CastellaBot
7449,WHITE,G1,CastellaBot
7450,WHITE,G7,CastellaBot
7451,WHITE,G8,CastellaBot
7452,BLACK,A7,Human
7453,WHITE,A6,CastellaBot
7454,BLACK,B3,Human
7455,WHITE,A3,CastellaBot
7456,BLACK,B5,Human
7457,WHITE,A5,CastellaBot
7458,BLACK,G7,Human
7459,WHITE,G1,CastellaBot
7460,WHITE,A3,CastellaBot
7461,BLACK,A2,Human
7462,WHITE,B3,CastellaBot
7463,WHITE,G1,CastellaBot
7464,WHITE,G7,CastellaBot
7465,WHITE,G8,CastellaBot
7466,BLACK,A4,Human
7467,WHITE,A5,CastellaBot
7468,WHITE,B3,CastellaBot
7469,WHITE,B5,CastellaBot
7470,WHITE,G1,CastellaBot
7471,WHITE,G7,CastellaBot
7472,WHITE,G8,CastellaBot
7473,BLACK,A5,Human
7474,WHITE,A6,CastellaBot
7475,BLACK,A6,Human
7476,WHITE,A7,CastellaBot
7477,WHITE,B3,CastellaBot
7478,WHITE,G1,CastellaBot
7479,WHITE,G7,CastellaBot
7480,WHITE,G8,CastellaBot
7481,BLACK,A7,Human
7482,WHITE,A6,CastellaBot
7483,BLACK,B3,Human
7484,WHITE,A2,CastellaBot
7485,WHITE,A4,CastellaBot
7486,WHITE,B5,CastellaBot
7487,BLACK,B5,Human
7488,WHITE,A5,CastellaBot
7489,BLACK,G7,Human
7490,WHITE,B3,CastellaBot
7491,WHITE,B3,CastellaBot
7492,BLACK,A2,Human
7493,WHITE,A3,CastellaBot
7494,WHITE,A4,CastellaBot
7495,WHITE,B5,CastellaBot
7496,WHITE,G1,CastellaBot
7497,WHITE,G7,CastellaBot
7498,WHITE,G8,CastellaBot
7499,BLACK,A3,Human
7500,WHITE,A2,CastellaBot
7501,WHITE,A4,CastellaBot
7502,WHITE,A5,CastellaBot
7503,WHITE,B5,CastellaBot
7504,WHITE,G1,CastellaBot
7505,WHITE,G7,CastellaBot
7506,WHITE,G8,CastellaBot
7507,BLACK,A4,Human
7508,WHITE,A3,CastellaBot
7509,BLACK,A5,Human
7510,WHITE,A6,CastellaBot
7511,BLACK,A6,Human
7512,WHITE,A7,CastellaBot
7513,WHITE,G1,CastellaBot
7514,WHITE,G7,CastellaBot
7515,WHITE,G8,CastellaBot
7516,BLACK,A7,Human
7517,WHITE,A6,CastellaBot
7518,BLACK,B5,Human
7519,WHITE,A5,CastellaBot
7520,BLACK,G7,Human
7521,WHITE,G1,CastellaBot
7522,WHITE,G1,CastellaBot
7523,BLACK,A3,Human
7524,WHITE,A2,CastellaBot
7525,WHITE,A4,CastellaBot
7526,WHITE,A5,CastellaBot
7527,WHITE,B3,CastellaBot
7528,WHITE,B5,CastellaBot
7529,WHITE,G7,CastellaBot
7530,WHITE,G8,CastellaBot
7531,BLACK,A4,Human
7532,WHITE,A2,CastellaBot
7533,WHITE,A3,CastellaBot
7534,WHITE,A5,CastellaBot
7535,WHITE,B3,CastellaBot
7536,WHITE,B5,CastellaBot
7537,BLACK,A5,Human
7538,WHITE,A2,CastellaBot
7539,WHITE,A3,CastellaBot
7540,WHITE,A6,CastellaBot
7541,BLACK,A6,Human
7542,WHITE,A2,CastellaBot
7543,WHITE,A3,CastellaBot
7544,WHITE,A7,CastellaBot
7545,WHITE,B3,CastellaBot
7546,WHITE,G7,CastellaBot
7547,WHITE,G8,CastellaBot
7548,BLACK,A7,Human
7549,WHITE,A2,CastellaBot
7550,WHITE,A3,CastellaBot
7551,BLACK,B3,Human
7552,WHITE,A2,CastellaBot
7553,WHITE,A3,CastellaBot
7554,BLACK,B5,Human
7555,WHITE,A2,CastellaBot
7556,WHITE,A3,CastellaBot
7557,WHITE,A5,CastellaBot
7558,WHITE,G7,CastellaBot
7559,BLACK,A3,Human
7560,WHITE,A2,CastellaBot
7561,WHITE,A4,CastellaBot
7562,WHITE,A5,CastellaBot
7563,WHITE,A7,CastellaBot
7564,WHITE,B3,CastellaBot
7565,WHITE,B5,CastellaBot
7566,WHITE,G1,CastellaBot
7567,WHITE,G8,CastellaBot
7568,BLACK,A4,Human
7569,WHITE,A2,CastellaBot
7570,WHITE,A3,CastellaBot
7571,WHITE,A5,CastellaBot
7572,WHITE,A7,CastellaBot
7573,WHITE,B3,CastellaBot
7574,WHITE,B5,CastellaBot
7575,BLACK,A5,Human
7576,WHITE,A2,CastellaBot
7577,WHITE,A3,CastellaBot
7578,WHITE,A6,CastellaBot
7579,BLACK,A6,Human
7580,WHITE,A2,CastellaBot
7581,WHITE,A3,CastellaBot
7582,WHITE,A7,CastellaBot
7583,WHITE,B3,CastellaBot
7584,WHITE,G1,CastellaBot
7585,WHITE,G8,CastellaBot
7586,BLACK,A7,Human
7587,WHITE,A2,CastellaBot
7588,BLACK,B3,Human
7589,WHITE,A2,CastellaBot
7590,WHITE,A3,CastellaBot
7591,BLACK,B5,Human
7592,WHITE,A2,CastellaBot
7593,WHITE,A3,CastellaBot
7594,WHITE,A5,CastellaBot
7595,BLACK,G8,Human
7596,WHITE,A2,CastellaBot
7597,WHITE,G8,CastellaBot
7598,BLACK,A3,Human
7599,WHITE,A2,CastellaBot
7600,WHITE,A4,CastellaBot
7601,WHITE,A5,CastellaBot
7602,WHITE,A7,CastellaBot
7603,WHITE,B3,CastellaBot
7604,WHITE,B5,CastellaBot
7605,WHITE,G1,CastellaBot
7606,WHITE,G7,CastellaBot
7607,BLACK,A4,Human
7608,WHITE,A2,CastellaBot
7609,WHITE,A3,CastellaBot
7610,WHITE,A5,CastellaBot
7611,WHITE,A7,CastellaBot
7612,WHITE,B3,CastellaBot
7613,WHITE,B5,CastellaBot
7614,BLACK,A5,Human
7615,WHITE,A2,CastellaBot
7616,WHITE,A3,CastellaBot
7617,WHITE,A6,CastellaBot
7618,BLACK,A6,Human
7619,WHITE,A2,CastellaBot
7620,WHITE,A3,CastellaBot
7621,WHITE,A7,CastellaBot
7622,WHITE,B3,CastellaBot
7623,WHITE,G1,CastellaBot
7624,WHITE,G7,CastellaBot
7625,BLACK,A7,Human
7626,WHITE,A2,CastellaBot
7627,WHITE,A3,CastellaBot
7628,BLACK,B3,Human
7629,WHITE,A2,CastellaBot
7630,WHITE,A3,CastellaBot
7631,BLACK,B5,Human
7632,WHITE,A2,CastellaBot
7633,WHITE,A3,CastellaBot
7634,WHITE,A5,CastellaBot
7635,BLACK,G7,Human
7636,WHITE,A2,CastellaBot
7637,WHITE,A3,CastellaBot
7638,WHITE,G8,CastellaBot
7639,BLACK,G7,Human
7640,WHITE,A2,CastellaBot
7641,BLACK,A3,Human
7642,WHITE,A4,CastellaBot
7643,WHITE,A5,CastellaBot
7644,WHITE,B5,CastellaBot
7645,WHITE,G1,CastellaBot
7646,BLACK,A4,Human
7647,WHITE,A3,CastellaBot
7648,BLACK,A5,Human
7649,WHITE,A6,CastellaBot
7650,BLACK,A6,Human
7651,WHITE,A7,CastellaBot
7652,WHITE,G1,CastellaBot
7653,BLACK,A7,Human
7654,WHITE,A6,CastellaBot
7655,BLACK,B3,Human
7656,WHITE,A4,CastellaBot
7657,BLACK,B5,Human
7658,WHITE,A5,CastellaBot
7659,WHITE,A3,CastellaBot
7660,BLACK,A2,Human
7661,WHITE,B3,CastellaBot
7662,WHITE,G1,CastellaBot
7663,BLACK,A4,Human
7664,WHITE,A5,CastellaBot
7665,WHITE,B3,CastellaBot
7666,WHITE,B5,CastellaBot
7667,WHITE,G1,CastellaBot
7668,BLACK,A5,Human
7669,WHITE,A6,CastellaBot
7670,BLACK,A6,Human
7671,WHITE,A7,CastellaBot
7672,WHITE,B3,CastellaBot
7673,WHITE,G1,CastellaBot
7674,BLACK,A7,Human
7675,WHITE,A6,CastellaBot
7676,BLACK,B3,Human
7677,WHITE,A2,CastellaBot
7678,BLACK,B5,Human
7679,WHITE,A5,CastellaBot
7680,WHITE,B3,CastellaBot
7681,BLACK,A2,Human
7682,WHITE,A3,CastellaBot
7683,WHITE,A4,CastellaBot
7684,WHITE,B5,CastellaBot
7685,WHITE,G1,CastellaBot
7686,BLACK,A3,Human
7687,WHITE,A2,CastellaBot
7688,WHITE,A4,CastellaBot
7689,WHITE,A5,CastellaBot
7690,WHITE,B5,CastellaBot
7691,WHITE,G1,CastellaBot
7692,BLACK,A4,Human
7693,WHITE,A3,CastellaBot
7694,BLACK,A5,Human
7695,WHITE,A6,CastellaBot
7696,BLACK,A6,Human
7697,WHITE,A7,CastellaBot
7698,WHITE,G1,CastellaBot
7699,BLACK,A7,Human
7700,WHITE,A6,CastellaBot
7701,BLACK,B5,Human
7702,WHITE,A5,CastellaBot
7703,WHITE,G1,CastellaBot
7704,BLACK,A3,Human
7705,WHITE,A2,CastellaBot
7706,WHITE,A4,CastellaBot
7707,WHITE,A5,CastellaBot
7708,WHITE,A7,CastellaBot
7709,WHITE,B3,CastellaBot
7710,WHITE,B5,CastellaBot
7711,BLACK,A4,Human
7712,WHITE,A2,CastellaBot
7713,WHITE,A3,CastellaBot
7714,WHITE,A5,CastellaBot
7715,WHITE,A7,CastellaBot
7716,WHITE,B3,CastellaBot
7717,WHITE,B5,CastellaBot
7718,BLACK,A5,Human
7719,WHITE,A2,CastellaBot
7720,WHITE,A3,CastellaBot
7721,WHITE,A6,CastellaBot
7722,BLACK,A6,Human
7723,WHITE,A2,CastellaBot
7724,WHITE,A3,CastellaBot
7725,WHITE,A7,CastellaBot
7726,WHITE,B3,CastellaBot
7727,BLACK,A7,Human
7728,WHITE,A2,CastellaBot
7729,BLACK,B3,Human
7730,WHITE,A2,CastellaBot
7731,BLACK,B5,Human
7732,WHITE,A2,CastellaBot
7733,WHITE,A3,CastellaBot
7734,WHITE,A5,CastellaBot
7735,WHITE,A3,CastellaBot
7736,BLACK,A7,Human
7737,WHITE,A6,CastellaBot
7738,BLACK,A2,Human
7739,WHITE,B3,CastellaBot
7740,WHITE,B5,CastellaBot
7741,WHITE,G1,CastellaBot
7742,BLACK,A4,Human
7743,WHITE,A5,CastellaBot
7744,WHITE,B3,CastellaBot
7745,WHITE,B5,CastellaBot
7746,WHITE,G1,CastellaBot
7747,BLACK,A5,Human
7748,WHITE,B3,CastellaBot
7749,WHITE,B5,CastellaBot
7750,WHITE,G1,CastellaBot
7751,BLACK,B3,Human
7752,WHITE,A2,CastellaBot
7753,WHITE,A4,CastellaBot
7754,WHITE,B5,CastellaBot
7755,BLACK,B5,Human
7756,WHITE,A5,CastellaBot
7757,WHITE,B3,CastellaBot
7758,WHITE,G1,CastellaBot
7759,WHITE,B3,CastellaBot
7760,BLACK,A2,Human
7761,WHITE,A4,CastellaBot
7762,WHITE,A6,CastellaBot
7763,WHITE,B5,CastellaBot
7764,WHITE,G1,CastellaBot
7765,BLACK,A4,Human
7766,WHITE,A5,CastellaBot
7767,WHITE,A6,CastellaBot
7768,WHITE,B5,CastellaBot
7769,WHITE,G1,CastellaBot
7770,BLACK,B5,Human
7771,WHITE,A5,CastellaBot
7772,WHITE,A6,CastellaBot
7773,WHITE,G1,CastellaBot
7774,WHITE,B5,CastellaBot
7775,BLACK,A2,Human
7776,WHITE,A6,CastellaBot
7777,WHITE,B3,CastellaBot
7778,WHITE,G1,CastellaBot
7779,BLACK,A4,Human
7780,WHITE,A5,CastellaBot
7781,WHITE,A6,CastellaBot
7782,WHITE,B3,CastellaBot
7783,WHITE,G1,CastellaBot
7784,BLACK,A5,Human
7785,WHITE,A4,CastellaBot
7786,WHITE,A6,CastellaBot
7787,WHITE,B3,CastellaBot
7788,WHITE,G1,CastellaBot
7789,BLACK,A6,Human
7790,WHITE,A4,CastellaBot
7791,WHITE,A5,CastellaBot
7792,WHITE,B3,CastellaBot
7793,BLACK,B3,Human
7794,WHITE,A2,CastellaBot
7795,WHITE,A4,CastellaBot
7796,WHITE,A5,CastellaBot
7797,WHITE,A6,CastellaBot
7798,WHITE,G1,CastellaBot
7799,WHITE,G1,CastellaBot
7800,BLACK,A2,Human
7801,WHITE,A6,CastellaBot
7802,WHITE,B3,CastellaBot
7803,WHITE,B5,CastellaBot
7804,BLACK,A4,Human
7805,WHITE,A5,CastellaBot
7806,WHITE,A6,CastellaBot
7807,WHITE,B3,CastellaBot
7808,WHITE,B5,CastellaBot
7809,BLACK,B3,Human
7810,WHITE,A2,CastellaBot
7811,WHITE,A4,CastellaBot
7812,WHITE,A6,CastellaBot
7813,WHITE,B5,CastellaBot
7814,BLACK,B5,Human
7815,WHITE,A5,CastellaBot
7816,WHITE,A6,CastellaBot
7817,WHITE,B3,CastellaBot
7818,BLACK,A2,Human
7819,WHITE,A4,CastellaBot
7820,BLACK,A5,Human
7821,WHITE,A6,CastellaBot
7822,WHITE,B5,CastellaBot
7823,WHITE,G1,CastellaBot
7824,BLACK,B5,Human
7825,WHITE,A5,CastellaBot
7826,WHITE,A6,CastellaBot
7827,BLACK,A4,Human
7828,WHITE,A5,CastellaBot
7829,WHITE,B5,CastellaBot
7830,WHITE,G1,CastellaBot
7831,BLACK,A5,Human
7832,WHITE,A4,CastellaBot
7833,WHITE,B5,CastellaBot
7834,WHITE,G1,CastellaBot
7835,BLACK,B5,Human
7836,WHITE,A4,CastellaBot
7837,WHITE,B5,CastellaBot
7838,BLACK,A4,Human
7839,WHITE,A5,CastellaBot
7840,WHITE,A6,CastellaBot
7841,WHITE,G1,CastellaBot
7842,BLACK,A5,Human
7843,WHITE,A4,CastellaBot
7844,WHITE,A6,CastellaBot
7845,WHITE,G1,CastellaBot
7846,BLACK,A6,Human
7847,WHITE,A4,CastellaBot
7848,WHITE,G1,CastellaBot
7849,BLACK,A4,Human
7850,WHITE,A5,CastellaBot
7851,WHITE,A6,CastellaBot
7852,WHITE,B5,CastellaBot
7853,BLACK,A5,Human
7854,WHITE,A4,CastellaBot
7855,BLACK,B5,Human
7856,WHITE,A4,CastellaBot
7857,WHITE,A4,CastellaBot
7858,BLACK,A5,Human
7859,WHITE,A6,CastellaBot
7860,BLACK,B5,Human
7861,WHITE,G1,CastellaBot
7862,WHITE,B5,CastellaBot
7863,BLACK,A6,Human
7864,WHITE,G1,CastellaBot
7865,WHITE,G1,CastellaBot
7866,BLACK,B5,Human
7867,WHITE,A6,CastellaBot
7868,WHITE,G1,CastellaBot
7869,BLACK,B5,Human
7870,WHITE,A6,CastellaBot
7871,WHITE,A6,CastellaBot
